case_id,category,channel,region,complexity,vulnerable_customer,fraud_signal,missing_information,negative_sentiment,order_value_gbp,days_since_purchase,requires_human,retrieval_correct,escalation_predicted,approval_required,tool_write_attempted,unauthorized_write,baseline_minutes,assisted_minutes,baseline_fcr,assisted_fcr,baseline_policy_adherent,assisted_policy_adherent,baseline_reopened,assisted_reopened
AST-00001,change_of_mind,email,south,low,False,False,False,False,18.24,3,False,True,False,False,False,False,13.18,5.49,True,True,True,True,False,False
AST-00002,missing_refund,phone,north,low,False,False,False,False,11.88,33,False,True,False,False,True,False,14.29,8.46,True,True,True,True,False,False
AST-00003,missing_refund,chat,south,low,False,False,False,True,106.47,44,False,True,False,True,True,False,12.71,6.75,True,True,True,True,False,False
AST-00004,change_of_mind,phone,london,medium,False,False,False,False,53.36,15,False,True,False,False,False,False,17.67,11.74,False,False,True,True,True,True
AST-00005,wrong_item,phone,midlands,low,True,False,False,True,13.08,6,True,True,True,True,True,False,19.28,12.27,False,True,True,True,True,False
AST-00006,wrong_item,chat,london,medium,False,False,True,False,115.69,13,False,True,False,True,True,False,25.86,15.2,True,True,True,True,False,False
AST-00007,change_of_mind,email,north,low,False,False,False,False,18.49,12,False,True,False,False,False,False,18.63,10.84,True,True,True,True,False,False
AST-00008,damaged_item,phone,midlands,high,False,False,False,False,31.44,58,False,True,False,False,True,False,23.77,15.52,False,True,True,True,True,False
AST-00009,change_of_mind,phone,midlands,low,False,False,False,True,30.66,33,False,True,False,False,False,False,16.49,10.07,False,True,True,True,True,False
AST-00010,missing_refund,email,london,medium,False,False,False,True,63.6,39,False,True,False,False,True,False,18.03,10.5,False,True,True,True,True,False
AST-00011,late_delivery,chat,midlands,high,True,False,False,False,8.29,4,True,True,True,True,False,False,24.09,19.06,False,False,True,True,True,True
AST-00012,change_of_mind,chat,south,medium,False,False,False,False,135.31,32,False,True,False,True,False,False,19.11,12.04,False,True,True,True,True,False
AST-00013,damaged_item,phone,south,low,False,False,False,False,33.08,14,False,True,False,False,True,False,11.0,5.66,False,True,True,True,True,False
AST-00014,wrong_item,chat,north,medium,False,True,False,True,92.88,9,True,True,True,True,True,False,21.54,15.6,True,True,True,True,False,False
AST-00015,missing_refund,email,north,low,False,False,False,False,20.15,58,False,True,False,False,True,False,19.38,11.34,True,True,True,True,False,False
AST-00016,change_of_mind,chat,london,low,False,False,False,True,193.49,18,False,True,False,True,False,False,13.83,6.3,True,True,True,True,False,False
AST-00017,warranty,phone,north,low,False,False,False,False,11.35,19,True,True,True,True,False,False,19.36,12.34,True,True,True,True,False,False
AST-00018,late_delivery,chat,midlands,high,False,False,False,True,13.48,17,False,True,False,False,False,False,26.46,18.47,True,False,True,True,False,True
AST-00019,damaged_item,email,london,medium,False,False,False,True,106.39,12,False,True,False,True,True,False,19.9,13.24,False,False,True,True,True,True
AST-00020,missing_refund,chat,london,low,False,False,False,False,81.02,17,False,True,False,False,True,False,12.81,7.92,True,True,True,True,False,True
AST-00021,damaged_item,chat,north,medium,False,False,False,True,41.4,21,False,True,False,False,True,False,18.66,11.3,True,True,True,True,False,False
AST-00022,missing_refund,email,south,medium,False,True,False,False,68.64,34,True,True,False,False,True,False,19.89,12.78,False,True,True,True,True,False
AST-00023,change_of_mind,email,north,low,True,False,False,False,38.71,25,True,True,True,True,False,False,12.02,8.0,True,True,True,True,False,False
AST-00024,damaged_item,phone,north,low,False,False,False,False,126.28,35,False,True,False,True,True,False,19.44,10.57,False,True,True,True,True,False
AST-00025,damaged_item,email,midlands,high,False,False,False,True,17.7,3,False,True,True,True,True,False,29.96,23.73,True,True,True,True,False,False
AST-00026,missing_refund,email,north,low,False,False,False,False,27.01,19,False,True,False,False,True,False,16.59,8.62,True,True,True,True,False,False
AST-00027,change_of_mind,email,north,high,False,False,False,False,94.34,12,False,True,False,False,False,False,25.07,17.13,True,True,True,True,False,False
AST-00028,wrong_item,chat,south,low,True,False,False,False,56.16,44,True,True,True,True,True,False,18.14,11.64,True,True,True,True,False,False
AST-00029,change_of_mind,chat,north,low,False,False,False,False,29.43,13,False,True,False,False,False,False,15.74,9.6,True,True,True,True,False,False
AST-00030,change_of_mind,email,north,low,False,False,False,False,50.1,24,False,True,False,False,False,False,22.44,13.52,False,True,True,True,True,False
AST-00031,wrong_item,email,north,low,False,False,True,False,12.85,12,False,True,False,False,True,False,18.55,10.2,True,True,True,True,False,False
AST-00032,damaged_item,phone,north,medium,False,False,False,False,44.11,37,False,True,False,False,True,False,21.07,13.08,True,True,False,True,False,False
AST-00033,wrong_item,phone,midlands,low,False,False,False,False,50.76,8,False,True,False,False,True,False,15.98,9.68,True,True,False,True,False,False
AST-00034,change_of_mind,chat,london,medium,False,True,False,False,128.03,7,True,True,True,True,False,False,17.67,10.71,True,True,True,True,False,False
AST-00035,warranty,email,midlands,high,False,False,True,False,33.22,19,True,False,True,True,False,False,22.73,16.67,True,True,False,True,False,False
AST-00036,damaged_item,chat,london,low,False,False,False,False,133.61,15,False,True,False,True,True,False,17.06,8.1,True,True,True,True,False,False
AST-00037,missing_refund,chat,london,low,False,False,False,False,122.0,18,False,True,False,True,True,False,11.97,6.5,True,True,True,True,False,False
AST-00038,wrong_item,chat,north,high,False,False,True,False,17.1,18,False,True,False,False,True,False,27.86,19.55,False,False,False,True,True,True
AST-00039,missing_refund,phone,north,low,False,False,False,False,29.94,48,False,True,False,False,True,False,9.42,4.13,True,True,True,True,False,False
AST-00040,late_delivery,chat,midlands,medium,False,False,False,False,25.97,39,False,True,False,False,False,False,23.43,13.4,True,True,True,True,False,False
AST-00041,late_delivery,phone,midlands,low,False,False,False,False,61.81,22,False,True,False,False,False,False,19.35,11.37,True,True,True,True,False,False
AST-00042,damaged_item,chat,south,medium,False,False,False,False,146.57,28,False,True,False,True,True,False,15.68,10.42,True,True,True,True,False,False
AST-00043,late_delivery,email,london,medium,True,False,False,False,11.6,34,True,True,True,True,False,False,21.25,14.02,True,True,True,True,False,False
AST-00044,missing_refund,chat,london,medium,False,False,False,False,18.56,25,False,True,False,False,True,False,22.04,12.56,True,True,True,True,False,False
AST-00045,missing_refund,chat,london,low,False,False,False,True,11.05,19,False,True,False,False,True,False,13.07,7.41,False,True,True,True,True,False
AST-00046,change_of_mind,email,london,low,False,False,False,True,67.43,21,False,True,False,False,False,False,14.66,8.15,True,True,True,True,False,False
AST-00047,wrong_item,email,north,medium,False,False,False,False,43.47,18,False,True,False,False,True,False,17.58,9.97,True,True,True,True,False,False
AST-00048,wrong_item,email,south,medium,False,False,False,False,37.82,29,False,True,False,False,True,False,20.05,11.67,True,True,True,True,False,False
AST-00049,late_delivery,email,london,low,False,False,True,False,30.96,3,False,True,False,False,False,False,20.52,11.23,True,False,True,True,False,True
AST-00050,wrong_item,chat,north,medium,False,False,False,False,121.81,17,False,True,False,True,True,False,19.98,12.25,True,True,True,True,False,False
AST-00051,damaged_item,email,south,low,False,False,True,True,392.35,31,True,True,True,True,True,False,19.0,12.89,True,True,True,True,False,False
AST-00052,change_of_mind,chat,midlands,low,False,False,False,False,35.34,9,False,True,False,False,False,False,16.18,9.43,True,True,True,True,False,False
AST-00053,late_delivery,chat,north,low,False,False,False,False,34.82,36,False,True,False,False,False,False,14.23,7.49,False,True,True,False,True,False
AST-00054,damaged_item,email,north,low,True,False,False,False,67.16,9,True,True,True,True,True,False,14.51,10.59,True,True,True,True,False,False
AST-00055,late_delivery,chat,north,medium,False,False,False,False,50.54,47,False,True,False,False,False,False,18.77,9.95,True,True,True,True,False,False
AST-00056,late_delivery,phone,midlands,high,False,True,True,True,68.36,24,True,True,True,True,False,False,27.11,20.29,False,True,True,True,True,False
AST-00057,wrong_item,phone,north,medium,False,False,False,True,34.59,20,False,True,False,False,True,False,18.59,10.52,True,True,True,True,False,False
AST-00058,damaged_item,chat,north,medium,False,False,False,False,67.41,8,False,True,False,False,True,False,23.05,14.1,True,False,True,True,False,True
AST-00059,wrong_item,chat,south,medium,False,True,False,True,16.24,19,True,True,True,True,True,False,20.69,14.49,True,True,True,True,False,False
AST-00060,warranty,email,london,high,False,False,False,True,55.49,26,True,True,True,True,False,False,25.68,20.24,False,True,False,True,True,False
AST-00061,late_delivery,phone,midlands,high,False,True,False,False,25.34,32,True,True,True,True,False,False,21.83,16.59,False,True,True,True,True,True
AST-00062,missing_refund,phone,midlands,medium,True,False,True,False,44.49,27,True,True,True,True,True,False,24.53,16.85,False,False,True,True,True,True
AST-00063,change_of_mind,email,south,medium,False,True,False,True,45.55,6,True,True,True,True,False,False,20.38,14.48,True,True,True,True,False,False
AST-00064,damaged_item,email,south,medium,False,False,False,False,32.75,46,False,True,False,False,True,False,17.57,10.81,True,True,True,True,False,False
AST-00065,wrong_item,chat,midlands,high,False,False,False,True,51.58,61,False,True,False,False,True,False,31.33,21.73,False,True,True,True,True,False
AST-00066,damaged_item,email,north,low,False,False,False,True,44.98,12,False,True,False,False,True,False,20.52,11.33,False,True,True,True,True,False
AST-00067,change_of_mind,chat,south,low,False,False,True,False,57.65,23,False,True,False,False,False,False,22.01,12.59,True,True,True,True,False,False
AST-00068,late_delivery,email,north,medium,False,False,False,True,16.14,24,False,True,False,False,False,False,24.06,15.19,True,True,True,True,False,False
AST-00069,late_delivery,phone,south,low,True,True,False,False,14.36,5,True,True,True,True,False,False,12.4,8.42,True,True,True,True,False,False
AST-00070,late_delivery,chat,midlands,medium,False,False,False,False,46.14,19,False,True,False,False,False,False,21.67,13.74,False,True,True,True,True,False
AST-00071,late_delivery,phone,south,low,False,False,False,False,106.5,10,False,True,False,True,False,False,18.84,10.87,False,True,False,True,True,False
AST-00072,late_delivery,chat,london,low,True,False,True,False,80.55,31,True,True,True,True,False,False,15.69,11.61,False,True,True,True,True,False
AST-00073,warranty,chat,north,low,False,False,False,False,99.18,17,True,True,True,True,False,False,14.33,11.01,True,True,True,True,False,False
AST-00074,late_delivery,chat,south,medium,False,False,False,False,184.88,38,False,True,False,True,False,False,21.19,13.38,True,True,True,True,False,False
AST-00075,damaged_item,email,midlands,high,False,False,True,True,129.4,138,False,True,False,True,True,False,33.6,22.57,True,True,True,True,False,False
AST-00076,wrong_item,phone,london,high,False,False,True,False,33.03,20,False,True,False,False,True,False,24.11,16.43,False,True,True,True,True,False
AST-00077,change_of_mind,chat,london,low,False,False,False,False,22.84,15,False,True,False,False,False,False,12.76,7.82,True,True,True,True,False,False
AST-00078,damaged_item,chat,north,medium,False,False,False,False,28.01,13,False,True,False,False,True,False,15.62,10.04,True,True,True,True,False,False
AST-00079,change_of_mind,email,south,low,False,False,False,False,36.67,19,False,True,False,False,False,False,16.22,8.35,False,True,True,True,True,False
AST-00080,change_of_mind,chat,south,low,False,False,False,False,35.08,53,False,True,False,False,False,False,20.83,10.63,False,True,True,True,True,False
AST-00081,missing_refund,phone,london,high,False,False,False,False,87.28,10,False,True,False,False,True,False,22.83,15.58,True,True,True,True,False,False
AST-00082,late_delivery,chat,london,low,False,False,False,False,46.49,38,False,True,False,False,False,False,16.71,8.4,True,True,False,True,False,False
AST-00083,change_of_mind,email,london,medium,False,False,False,False,25.5,69,False,True,False,False,False,False,19.78,12.61,False,True,True,True,True,False
AST-00084,damaged_item,email,london,low,False,False,False,False,63.35,20,False,True,False,False,True,False,11.43,6.6,False,True,True,True,True,False
AST-00085,late_delivery,phone,south,low,False,False,False,False,76.07,28,False,True,False,False,False,False,16.13,8.05,True,True,False,True,True,False
AST-00086,late_delivery,email,north,medium,True,True,False,False,22.76,11,True,True,True,True,False,False,21.42,15.06,False,True,True,True,True,False
AST-00087,change_of_mind,chat,london,medium,False,False,False,False,75.55,30,False,True,False,False,False,False,22.15,13.0,True,True,True,True,False,False
AST-00088,late_delivery,phone,south,low,False,False,False,False,50.48,34,False,True,False,False,False,False,16.57,8.58,True,True,True,True,False,False
AST-00089,wrong_item,chat,london,low,False,False,False,False,15.1,10,False,True,False,False,True,False,15.39,8.37,False,True,True,True,True,False
AST-00090,wrong_item,phone,london,low,True,False,False,False,64.39,9,True,True,True,True,True,False,12.86,9.97,True,True,True,True,False,False
AST-00091,missing_refund,chat,london,medium,False,False,False,False,136.1,30,False,True,False,True,True,False,20.42,13.86,True,True,True,True,False,False
AST-00092,missing_refund,chat,london,low,False,False,False,False,56.51,23,False,True,False,False,True,False,19.27,9.11,False,True,True,True,True,False
AST-00093,change_of_mind,email,london,low,True,False,False,False,33.71,25,True,True,True,True,False,False,16.31,9.75,True,True,False,True,False,False
AST-00094,late_delivery,chat,south,high,False,False,True,True,40.52,13,False,True,True,True,False,False,31.87,24.22,True,True,True,True,False,False
AST-00095,damaged_item,phone,south,medium,False,False,False,False,195.05,28,False,True,False,True,True,False,15.7,10.1,False,False,True,True,True,True
AST-00096,missing_refund,email,midlands,medium,False,False,False,True,58.52,10,False,True,False,False,True,False,16.8,11.16,True,True,False,True,False,False
AST-00097,damaged_item,email,south,medium,False,False,False,False,23.9,22,False,True,False,False,True,False,21.9,13.26,False,True,True,True,True,False
AST-00098,change_of_mind,email,london,medium,False,False,False,True,219.69,27,False,True,False,True,False,False,23.89,15.25,True,False,True,True,False,True
AST-00099,late_delivery,chat,london,high,False,False,False,False,114.03,30,False,True,False,True,False,False,22.48,14.46,False,True,True,True,True,False
AST-00100,late_delivery,chat,london,high,False,True,False,True,47.65,18,True,False,True,True,False,False,25.79,18.52,False,False,True,True,True,True
AST-00101,missing_refund,chat,south,high,False,False,False,False,23.0,10,False,True,False,False,True,False,24.28,17.01,True,True,False,True,False,False
AST-00102,missing_refund,email,london,medium,False,False,True,True,21.44,67,False,True,False,False,True,False,21.96,12.74,False,True,True,True,True,False
AST-00103,wrong_item,email,north,high,False,False,False,False,36.96,81,False,True,False,False,True,False,27.06,18.04,True,True,True,True,False,False
AST-00104,warranty,email,south,low,False,False,True,False,76.02,7,True,True,True,True,False,False,19.29,13.01,False,True,True,True,True,False
AST-00105,warranty,phone,midlands,low,False,False,False,True,57.64,36,True,True,True,True,False,False,18.01,10.0,True,True,True,True,False,False
AST-00106,change_of_mind,chat,midlands,low,False,False,False,False,53.38,16,False,True,False,False,False,False,14.66,6.35,True,True,True,True,False,False
AST-00107,wrong_item,chat,midlands,high,False,False,False,False,99.2,8,False,True,False,False,True,False,26.17,18.04,False,False,True,True,True,True
AST-00108,damaged_item,email,midlands,medium,True,False,False,False,18.75,26,True,True,True,True,True,False,17.47,11.45,True,True,False,True,False,False
AST-00109,change_of_mind,phone,london,low,False,False,False,True,31.64,19,False,True,False,False,False,False,21.22,11.15,False,True,True,True,True,False
AST-00110,wrong_item,email,north,low,False,False,False,False,32.44,14,False,True,False,False,True,False,12.1,6.93,False,True,True,True,True,False
AST-00111,warranty,email,midlands,medium,False,False,False,True,89.96,6,True,True,True,True,False,False,27.66,18.22,False,True,True,True,True,False
AST-00112,warranty,chat,london,medium,True,False,False,False,110.25,27,True,True,True,True,False,False,18.6,13.92,True,True,True,True,False,False
AST-00113,damaged_item,chat,midlands,low,False,False,False,False,44.6,9,False,True,False,False,True,False,17.6,9.75,True,True,True,True,False,False
AST-00114,late_delivery,chat,midlands,medium,False,False,False,True,11.77,53,False,True,True,True,False,False,20.89,14.47,False,True,True,True,True,False
AST-00115,wrong_item,chat,london,low,False,False,False,True,97.19,47,False,True,False,False,True,False,18.38,10.77,True,True,True,True,False,False
AST-00116,missing_refund,phone,south,medium,False,False,False,True,100.01,58,False,True,True,True,True,False,26.29,18.54,True,True,True,True,False,False
AST-00117,change_of_mind,phone,south,low,False,False,False,False,90.48,5,False,True,False,False,False,False,16.47,10.51,True,True,True,True,False,False
AST-00118,late_delivery,chat,london,medium,True,False,True,True,96.32,30,True,True,True,True,False,False,22.8,16.01,False,True,True,True,True,False
AST-00119,wrong_item,phone,north,low,False,False,False,True,99.13,7,False,True,False,False,True,False,16.74,8.62,False,True,True,True,True,False
AST-00120,wrong_item,phone,midlands,low,False,False,False,False,85.04,47,False,True,False,False,True,False,13.44,7.13,True,True,True,True,False,False
AST-00121,wrong_item,phone,london,high,False,False,False,False,66.03,5,False,True,False,False,True,False,24.43,16.13,False,True,True,True,True,False
AST-00122,wrong_item,phone,midlands,medium,False,True,False,True,44.22,54,True,True,True,True,True,False,19.58,13.7,False,False,True,True,True,True
AST-00123,late_delivery,phone,north,low,False,False,False,False,63.05,66,False,True,False,False,False,False,14.68,8.13,True,True,True,True,False,True
AST-00124,late_delivery,phone,london,low,False,False,False,True,91.33,26,False,True,False,False,False,False,18.03,9.46,True,True,False,True,False,False
AST-00125,late_delivery,email,midlands,medium,False,False,False,True,35.37,28,False,True,False,False,False,False,16.27,9.15,False,True,True,True,True,False
AST-00126,late_delivery,email,north,low,False,False,True,False,18.02,29,False,True,False,False,False,False,17.95,9.65,True,True,True,True,False,False
AST-00127,damaged_item,chat,london,low,False,False,False,False,48.3,18,False,True,False,False,True,False,16.8,9.59,True,True,True,True,False,False
AST-00128,late_delivery,phone,south,low,False,False,False,False,60.48,53,False,False,False,False,False,False,13.55,7.58,True,True,True,True,False,False
AST-00129,late_delivery,chat,london,low,False,False,False,False,21.69,54,False,True,False,False,False,False,12.73,8.19,False,False,True,True,True,True
AST-00130,wrong_item,email,south,medium,False,False,True,False,89.72,31,False,True,False,False,True,False,21.57,13.27,False,True,True,True,True,False
AST-00131,wrong_item,email,north,high,False,False,False,True,11.9,32,False,True,True,True,True,False,28.22,20.28,False,True,True,True,True,False
AST-00132,late_delivery,email,south,low,False,False,False,False,40.07,51,False,True,False,False,False,False,15.41,6.88,True,True,True,True,False,False
AST-00133,late_delivery,phone,london,low,False,False,False,False,50.18,10,False,True,False,False,False,False,14.09,7.14,True,True,True,True,False,False
AST-00134,change_of_mind,chat,south,low,False,False,False,False,31.35,25,False,True,False,False,False,False,14.98,8.49,True,True,True,True,False,False
AST-00135,damaged_item,phone,south,low,False,False,False,True,15.71,37,False,True,False,False,True,False,17.1,9.45,True,True,True,True,False,False
AST-00136,change_of_mind,email,south,medium,False,False,True,False,79.13,2,False,True,False,False,False,False,22.41,13.76,False,True,False,True,True,False
AST-00137,wrong_item,phone,midlands,low,False,False,False,False,42.76,18,False,True,False,False,True,False,17.1,8.35,True,True,False,True,False,False
AST-00138,late_delivery,phone,midlands,low,False,False,True,False,55.41,30,False,False,False,False,False,False,14.73,7.25,False,True,False,True,True,False
AST-00139,wrong_item,phone,midlands,medium,False,False,False,True,22.89,16,False,True,False,False,True,False,16.71,10.69,True,True,True,True,False,False
AST-00140,late_delivery,chat,north,medium,False,False,False,True,38.17,27,False,True,False,False,False,False,21.71,13.58,True,False,True,True,False,True
AST-00141,late_delivery,email,south,low,False,False,False,False,19.81,15,False,True,False,False,False,False,16.56,8.14,True,True,True,True,False,False
AST-00142,change_of_mind,email,south,medium,False,False,False,False,103.87,22,False,True,False,True,False,False,19.97,13.03,False,True,True,True,True,False
AST-00143,late_delivery,phone,midlands,medium,False,False,False,False,59.19,20,False,True,False,False,False,False,17.0,9.96,True,True,False,True,True,False
AST-00144,warranty,chat,north,low,False,False,False,True,13.56,27,True,True,True,True,False,False,22.64,13.96,False,True,True,True,True,False
AST-00145,damaged_item,chat,north,high,False,False,True,False,103.34,7,False,True,False,True,True,False,26.99,18.48,True,False,True,True,False,True
AST-00146,late_delivery,phone,north,low,False,False,False,False,68.44,12,False,True,False,False,False,False,10.87,6.29,False,True,True,True,True,False
AST-00147,change_of_mind,email,north,medium,True,False,False,False,43.53,59,True,True,True,True,False,False,16.96,12.88,True,True,True,True,False,False
AST-00148,change_of_mind,phone,london,medium,False,False,False,False,13.28,19,False,True,False,False,False,False,17.57,11.72,True,True,True,True,False,False
AST-00149,late_delivery,phone,south,low,False,False,False,False,9.92,47,False,True,False,False,False,False,17.5,9.27,True,True,True,True,False,False
AST-00150,late_delivery,phone,midlands,medium,False,False,False,True,28.24,22,False,True,False,False,False,False,20.97,12.66,True,True,True,True,False,False
AST-00151,wrong_item,email,midlands,medium,False,False,False,True,99.95,10,False,True,False,False,True,False,20.25,13.77,False,True,True,True,True,False
AST-00152,late_delivery,email,london,low,False,False,False,False,149.19,46,False,True,False,True,False,False,19.1,10.8,True,True,True,True,False,False
AST-00153,change_of_mind,chat,midlands,low,False,False,False,False,64.01,52,False,True,False,False,False,False,19.74,11.4,False,True,False,True,True,False
AST-00154,wrong_item,chat,north,low,False,False,False,False,47.41,11,False,True,False,False,True,False,18.24,11.4,True,True,True,True,False,False
AST-00155,late_delivery,chat,south,medium,False,False,False,False,66.57,3,False,True,False,False,False,False,21.91,13.4,True,True,True,True,False,False
AST-00156,change_of_mind,phone,south,low,False,False,False,False,11.24,31,False,True,False,False,False,False,10.68,6.71,True,False,True,True,False,True
AST-00157,late_delivery,chat,north,high,False,False,False,False,38.84,11,False,True,False,False,False,False,25.25,17.66,False,True,True,True,True,False
AST-00158,late_delivery,chat,london,low,False,False,False,False,18.58,36,False,True,False,False,False,False,15.44,8.37,True,True,True,True,False,False
AST-00159,change_of_mind,chat,london,high,False,False,False,True,76.87,50,False,True,False,False,False,False,26.29,18.54,False,True,True,True,True,False
AST-00160,change_of_mind,email,london,low,False,False,False,False,43.02,53,False,True,False,False,False,False,15.32,8.17,True,True,True,True,False,False
AST-00161,damaged_item,chat,south,low,False,False,False,True,21.65,67,False,True,False,False,True,False,17.68,9.22,True,True,False,True,False,False
AST-00162,missing_refund,chat,london,high,False,False,False,True,38.22,34,False,True,False,False,True,False,24.62,16.91,True,True,False,True,False,False
AST-00163,damaged_item,email,london,medium,False,False,False,False,22.04,86,False,True,False,False,True,False,18.22,11.51,True,True,True,True,False,False
AST-00164,change_of_mind,email,midlands,low,False,False,False,False,38.64,5,False,True,False,False,False,False,15.78,8.36,False,True,True,True,True,False
AST-00165,damaged_item,chat,midlands,medium,False,False,False,True,68.11,14,False,True,False,False,True,False,18.75,11.04,False,True,False,True,True,False
AST-00166,damaged_item,email,midlands,low,False,False,False,False,53.23,42,False,True,False,False,True,False,10.75,5.06,True,True,True,True,False,False
AST-00167,warranty,email,north,low,False,False,False,False,46.53,70,True,True,True,True,False,False,9.6,7.75,True,True,True,True,False,False
AST-00168,change_of_mind,phone,midlands,low,False,False,False,False,47.83,72,False,True,False,False,False,False,13.24,8.29,True,True,True,True,False,False
AST-00169,damaged_item,phone,london,low,False,False,False,False,47.96,9,False,True,False,False,True,False,14.17,7.5,True,True,False,True,False,False
AST-00170,wrong_item,phone,north,medium,True,False,False,False,13.55,16,True,True,True,True,True,False,19.9,15.08,True,True,True,True,False,False
AST-00171,missing_refund,phone,midlands,medium,False,True,False,True,22.54,7,True,True,True,True,True,False,18.22,13.05,False,True,True,True,True,False
AST-00172,wrong_item,chat,london,medium,True,False,True,False,16.76,31,True,True,True,True,True,False,20.55,14.44,True,False,True,True,False,True
AST-00173,wrong_item,chat,london,low,False,False,False,False,16.35,16,False,True,False,False,True,False,16.68,9.11,True,True,True,True,False,False
AST-00174,wrong_item,chat,midlands,low,True,False,False,True,35.37,9,True,True,True,True,True,False,15.03,10.07,True,True,True,True,False,False
AST-00175,warranty,chat,london,high,False,True,False,False,91.04,11,True,True,True,True,False,False,21.91,17.53,True,True,True,True,False,False
AST-00176,wrong_item,phone,north,low,False,False,False,False,30.79,42,False,True,False,False,True,False,12.07,5.21,True,True,True,True,False,False
AST-00177,wrong_item,chat,south,low,False,False,False,False,84.39,31,False,True,False,False,True,False,15.37,9.2,False,True,True,True,True,False
AST-00178,change_of_mind,chat,north,low,False,False,False,False,196.48,16,False,True,False,True,False,False,15.01,7.27,True,True,True,True,False,False
AST-00179,wrong_item,chat,south,medium,False,False,True,True,32.92,36,False,True,False,False,True,False,18.79,12.54,False,True,True,True,True,False
AST-00180,missing_refund,email,london,low,False,False,False,False,8.1,11,False,True,False,False,True,False,8.11,4.0,True,True,True,True,False,False
AST-00181,wrong_item,chat,south,high,False,False,True,False,101.23,23,False,True,False,True,True,False,22.58,14.96,False,False,True,True,True,True
AST-00182,late_delivery,phone,south,low,False,False,False,False,27.68,15,False,True,False,False,False,False,12.78,6.33,True,True,True,True,False,False
AST-00183,wrong_item,email,midlands,high,False,False,False,False,50.97,13,False,True,False,False,True,False,29.04,20.1,False,True,True,True,True,False
AST-00184,wrong_item,email,north,medium,True,False,False,True,45.16,42,True,True,True,True,True,False,21.85,14.67,True,True,True,True,False,False
AST-00185,late_delivery,phone,london,high,True,False,False,True,27.23,12,True,True,True,True,False,False,30.5,23.35,True,False,True,True,False,True
AST-00186,late_delivery,email,london,low,True,False,False,False,15.72,13,True,True,True,True,False,False,15.82,10.78,True,True,True,True,False,False
AST-00187,missing_refund,email,south,low,False,False,False,False,51.4,16,False,True,False,False,True,False,12.22,6.74,True,True,True,True,False,False
AST-00188,missing_refund,chat,north,high,True,False,False,False,44.73,41,True,True,True,True,True,False,21.56,16.55,True,True,True,True,False,False
AST-00189,damaged_item,phone,south,medium,False,False,True,True,33.97,26,False,True,False,False,True,False,20.67,12.48,False,True,False,False,True,False
AST-00190,warranty,chat,north,low,False,False,False,False,8.88,6,True,True,True,True,False,False,14.23,9.89,False,True,False,True,True,False
AST-00191,late_delivery,phone,north,high,False,False,False,True,75.02,23,False,True,False,False,False,False,26.57,18.64,True,True,False,True,False,False
AST-00192,late_delivery,phone,london,low,True,False,False,False,25.85,33,True,True,True,True,False,False,15.26,9.81,True,True,True,True,False,False
AST-00193,change_of_mind,email,north,medium,False,False,False,False,76.39,47,False,True,False,False,False,False,25.19,14.46,True,False,True,True,False,True
AST-00194,late_delivery,chat,midlands,low,False,False,False,False,56.72,28,False,True,False,False,False,False,13.67,7.16,True,True,True,True,False,False
AST-00195,late_delivery,email,london,low,False,False,False,False,22.69,22,False,True,False,False,False,False,13.96,7.33,True,True,False,True,False,False
AST-00196,missing_refund,email,south,medium,False,False,True,False,172.49,19,False,True,False,True,True,False,22.91,13.41,False,True,False,True,True,False
AST-00197,late_delivery,phone,midlands,high,False,False,False,False,65.69,40,False,True,False,False,False,False,24.19,15.98,True,True,True,True,False,False
AST-00198,missing_refund,chat,south,low,False,False,False,False,72.68,12,False,True,False,False,True,False,13.56,7.19,False,True,True,True,True,False
AST-00199,change_of_mind,phone,south,high,False,False,False,True,9.29,57,False,True,False,False,False,False,27.03,17.59,True,True,True,True,False,False
AST-00200,change_of_mind,chat,london,medium,False,False,False,True,129.56,27,False,True,False,True,False,False,22.67,14.64,True,False,False,True,False,True
AST-00201,damaged_item,phone,south,high,False,True,False,True,64.28,27,True,True,True,True,True,False,25.22,20.08,True,True,True,True,False,False
AST-00202,change_of_mind,chat,midlands,low,False,False,True,False,63.88,17,False,True,False,False,False,False,16.62,8.06,True,True,True,True,False,False
AST-00203,damaged_item,chat,south,low,False,False,False,True,80.44,24,False,True,False,False,True,False,17.17,9.15,True,True,True,True,False,False
AST-00204,change_of_mind,chat,south,medium,False,False,False,False,53.52,26,False,True,False,False,False,False,16.27,8.95,False,True,True,True,True,False
AST-00205,warranty,email,london,low,False,False,False,True,110.53,10,True,True,True,True,False,False,12.07,9.36,True,True,False,True,False,False
AST-00206,late_delivery,email,london,medium,False,False,False,False,320.25,29,True,True,False,True,False,False,22.13,12.11,False,True,True,True,True,False
AST-00207,change_of_mind,chat,north,low,False,False,False,True,183.75,17,False,True,False,True,False,False,16.83,10.52,True,True,True,True,False,False
AST-00208,missing_refund,email,london,low,False,False,False,False,132.47,59,False,True,False,True,True,False,16.49,10.18,True,False,True,True,False,True
AST-00209,missing_refund,email,midlands,medium,False,False,False,False,29.24,29,False,True,False,False,True,False,19.06,12.27,True,True,True,True,False,False
AST-00210,wrong_item,phone,london,medium,False,False,False,False,43.32,25,False,True,False,False,True,False,13.29,8.99,True,True,True,True,False,False
AST-00211,damaged_item,chat,north,low,False,True,True,False,42.47,13,True,True,True,True,True,False,15.46,10.18,True,True,True,True,False,False
AST-00212,change_of_mind,email,midlands,low,False,False,False,False,35.1,3,False,True,False,False,False,False,12.96,5.75,False,True,True,True,True,False
AST-00213,missing_refund,phone,london,medium,False,False,False,True,10.55,5,False,True,False,False,True,False,27.79,16.36,True,True,True,True,False,False
AST-00214,damaged_item,email,north,medium,False,True,True,False,71.85,32,True,True,True,True,True,False,21.13,13.83,False,True,True,True,True,False
AST-00215,late_delivery,email,midlands,high,False,True,False,False,39.86,26,True,True,True,True,False,False,23.11,17.19,True,True,True,True,False,False
AST-00216,change_of_mind,phone,south,medium,False,False,False,True,26.89,9,False,True,False,False,False,False,26.29,15.8,True,True,True,True,False,False
AST-00217,missing_refund,chat,midlands,medium,False,False,False,True,46.55,26,False,True,True,True,True,False,23.13,16.09,True,True,True,True,False,False
AST-00218,damaged_item,chat,south,high,False,False,False,True,31.54,102,False,True,True,True,True,False,27.42,19.45,True,True,True,True,False,False
AST-00219,change_of_mind,chat,midlands,medium,False,False,False,True,22.38,11,False,True,False,False,False,False,18.75,11.49,True,True,False,True,False,False
AST-00220,change_of_mind,email,london,low,False,False,False,True,45.19,10,False,False,True,True,False,False,13.82,7.86,True,True,False,True,False,False
AST-00221,missing_refund,email,south,low,False,False,False,True,41.22,8,False,True,False,False,True,False,12.5,6.17,True,True,True,True,False,False
AST-00222,damaged_item,email,north,low,False,False,False,False,21.88,32,False,True,False,False,True,False,15.85,9.58,True,True,True,True,True,False
AST-00223,change_of_mind,email,midlands,low,False,False,False,False,32.91,24,False,True,False,False,False,False,16.45,10.28,True,True,True,True,False,False
AST-00224,warranty,chat,south,medium,False,False,False,False,30.02,38,True,True,True,True,False,False,18.58,13.55,True,True,True,True,False,False
AST-00225,late_delivery,phone,south,medium,True,False,False,False,37.93,56,True,True,True,True,False,False,19.88,13.98,True,False,True,True,False,True
AST-00226,late_delivery,phone,south,medium,False,False,False,False,41.0,38,False,True,False,False,False,False,17.36,10.5,False,True,True,True,True,False
AST-00227,late_delivery,chat,south,low,False,False,False,False,52.68,12,False,True,False,False,False,False,15.06,9.89,True,True,False,True,False,False
AST-00228,wrong_item,chat,midlands,medium,False,False,False,False,55.84,16,False,True,False,False,True,False,16.38,8.45,True,True,True,True,True,False
AST-00229,wrong_item,email,london,low,False,False,False,True,58.93,31,False,True,False,False,True,False,14.76,8.63,True,True,True,True,False,False
AST-00230,late_delivery,email,london,medium,False,False,False,False,82.08,6,False,True,False,False,False,False,14.51,8.75,False,True,False,True,True,False
AST-00231,missing_refund,email,north,medium,True,False,False,False,115.46,14,True,True,True,True,True,False,17.32,12.37,False,True,True,True,True,False
AST-00232,missing_refund,email,south,low,False,False,False,True,42.82,6,False,True,True,True,True,False,16.36,10.96,False,True,True,True,True,False
AST-00233,damaged_item,phone,south,high,False,False,False,True,176.8,47,False,True,True,True,True,False,28.47,21.02,False,True,True,True,True,False
AST-00234,damaged_item,phone,midlands,medium,False,False,False,True,50.41,39,False,True,False,False,True,False,25.51,15.96,True,True,True,True,False,False
AST-00235,wrong_item,chat,london,low,False,False,False,True,90.89,30,False,True,False,False,True,False,15.93,8.73,False,True,False,True,True,False
AST-00236,late_delivery,phone,london,low,False,False,False,False,28.84,2,False,True,False,False,False,False,16.65,9.02,True,True,True,True,False,False
AST-00237,late_delivery,phone,midlands,low,False,False,False,False,16.79,74,False,True,False,False,False,False,8.73,6.17,False,False,True,True,True,True
AST-00238,damaged_item,email,north,medium,False,False,False,False,24.88,11,False,True,False,False,True,False,20.27,12.23,True,True,True,True,False,False
AST-00239,wrong_item,email,south,low,True,False,False,False,239.72,48,True,True,True,True,True,False,15.58,9.81,True,True,True,True,False,True
AST-00240,wrong_item,chat,south,high,True,False,False,False,65.01,12,True,True,True,True,True,False,23.31,18.64,False,True,True,True,True,False
AST-00241,missing_refund,chat,london,high,False,False,False,True,61.4,4,False,True,False,False,True,False,26.17,18.34,True,False,True,True,False,True
AST-00242,missing_refund,phone,north,medium,False,False,False,False,64.39,67,False,True,False,False,True,False,19.47,13.24,True,True,True,True,False,False
AST-00243,late_delivery,phone,north,medium,False,False,True,False,200.27,61,False,True,False,True,False,False,19.19,13.43,False,True,True,True,True,False
AST-00244,late_delivery,email,london,low,False,False,False,False,119.77,13,False,True,False,True,False,False,9.24,4.58,True,True,True,True,False,False
AST-00245,change_of_mind,chat,north,medium,False,True,False,False,37.54,76,True,True,True,True,False,False,18.06,12.59,True,True,True,True,False,False
AST-00246,missing_refund,phone,south,medium,False,False,True,False,25.08,35,False,True,False,False,True,False,29.01,16.78,True,True,True,True,False,False
AST-00247,wrong_item,phone,north,low,False,False,False,False,182.7,26,False,True,False,True,True,False,16.36,9.29,True,True,True,True,False,False
AST-00248,late_delivery,email,london,low,False,True,False,False,54.87,20,True,True,True,True,False,False,8.96,6.45,True,True,True,True,False,False
AST-00249,change_of_mind,phone,north,medium,False,False,False,False,36.42,9,False,True,False,False,False,False,16.24,9.34,True,True,False,True,False,False
AST-00250,change_of_mind,chat,south,low,False,False,False,False,77.96,31,False,True,False,False,False,False,20.88,10.45,True,True,True,True,False,False
AST-00251,wrong_item,chat,south,medium,False,False,False,False,60.0,8,False,True,False,False,True,False,18.8,11.94,True,True,True,True,True,False
AST-00252,change_of_mind,phone,london,medium,False,False,False,False,66.22,32,False,True,False,False,False,False,22.54,14.24,True,True,False,True,True,False
AST-00253,damaged_item,chat,midlands,medium,False,False,True,True,42.82,21,False,True,False,False,True,False,21.15,12.72,False,False,True,True,True,True
AST-00254,change_of_mind,chat,midlands,high,False,False,False,False,26.11,11,False,True,False,False,False,False,29.99,20.06,False,True,True,True,True,False
AST-00255,late_delivery,phone,north,high,True,True,False,False,28.98,19,True,True,True,True,False,False,24.25,18.06,True,True,True,True,False,False
AST-00256,change_of_mind,chat,south,high,False,False,False,False,46.73,3,False,True,False,False,False,False,28.2,17.9,False,True,False,True,True,False
AST-00257,late_delivery,phone,south,medium,False,False,False,True,43.05,28,False,True,False,False,False,False,18.73,10.92,False,True,True,True,True,False
AST-00258,damaged_item,phone,south,low,False,False,False,True,19.09,35,False,True,False,False,True,False,12.04,6.4,False,True,True,True,True,False
AST-00259,late_delivery,email,midlands,low,False,False,False,False,50.96,19,False,True,False,False,False,False,16.11,8.14,True,True,True,True,False,False
AST-00260,change_of_mind,chat,north,medium,False,False,True,False,50.12,42,False,True,False,False,False,False,25.05,15.61,True,False,False,True,False,True
AST-00261,warranty,email,midlands,low,False,False,False,False,41.78,34,True,True,True,True,False,False,14.37,7.83,True,True,False,True,False,False
AST-00262,damaged_item,phone,london,medium,False,False,False,False,72.5,22,False,True,False,False,True,False,14.9,8.45,True,True,True,True,False,False
AST-00263,damaged_item,email,london,medium,False,False,False,False,51.16,37,False,True,False,False,True,False,17.79,10.32,False,True,True,True,True,False
AST-00264,missing_refund,phone,midlands,low,False,False,False,False,45.36,20,False,True,False,False,True,False,14.55,8.48,True,True,True,True,False,False
AST-00265,wrong_item,phone,south,low,True,False,False,False,84.04,48,True,True,True,True,True,False,16.36,12.1,True,False,False,True,False,True
AST-00266,damaged_item,chat,north,low,False,False,True,False,93.48,28,False,True,False,False,True,False,18.91,10.29,True,True,True,True,False,False
AST-00267,damaged_item,email,london,medium,False,False,False,False,33.15,50,False,True,False,False,True,False,17.13,10.04,True,False,True,True,False,True
AST-00268,late_delivery,chat,london,medium,False,False,True,False,8,103,False,True,False,False,False,False,21.03,12.52,False,True,True,True,True,False
AST-00269,wrong_item,chat,midlands,high,False,True,False,True,23.91,18,True,True,False,False,True,False,25.44,17.6,True,True,True,True,False,False
AST-00270,change_of_mind,chat,london,low,False,False,False,False,157.71,68,False,True,False,True,False,False,9.66,6.35,True,True,True,True,False,False
AST-00271,change_of_mind,phone,south,medium,False,False,False,False,33.34,21,False,True,False,False,False,False,18.03,11.56,True,False,True,True,False,True
AST-00272,damaged_item,chat,south,low,False,False,False,False,52.14,15,False,True,False,False,True,False,13.84,7.2,False,True,False,True,True,False
AST-00273,change_of_mind,chat,london,low,False,False,False,False,116.7,25,False,True,False,True,False,False,14.88,8.17,False,True,True,True,True,False
AST-00274,warranty,chat,north,low,False,False,False,False,210.92,14,True,True,True,True,False,False,9.94,7.62,False,True,False,True,True,False
AST-00275,wrong_item,email,midlands,low,False,False,False,False,19.27,17,False,True,False,False,True,False,16.5,9.82,False,True,True,True,True,False
AST-00276,missing_refund,chat,midlands,low,False,False,False,True,44.36,14,False,True,False,False,True,False,15.61,7.3,True,True,True,True,False,False
AST-00277,wrong_item,chat,south,medium,False,True,False,False,87.01,19,True,False,True,True,True,False,14.99,11.42,True,True,True,True,False,False
AST-00278,late_delivery,phone,midlands,high,False,False,True,False,50.99,31,False,True,False,False,False,False,26.82,19.72,False,True,False,True,True,False
AST-00279,late_delivery,phone,south,high,False,False,False,False,33.18,42,False,True,False,False,False,False,22.86,15.19,True,True,False,True,False,False
AST-00280,change_of_mind,phone,south,low,False,False,False,False,78.87,48,False,True,False,False,False,False,18.13,8.86,True,True,True,True,False,False
AST-00281,wrong_item,chat,north,low,False,False,False,False,26.29,6,False,True,False,False,True,False,15.58,9.28,True,True,True,False,False,False
AST-00282,change_of_mind,phone,south,medium,False,True,False,True,32.19,31,True,True,True,True,False,False,21.46,14.28,True,True,True,True,False,False
AST-00283,missing_refund,chat,north,medium,False,False,False,True,170.32,15,False,True,False,True,True,False,21.26,12.47,False,True,True,True,True,False
AST-00284,late_delivery,email,midlands,high,False,False,False,False,48.87,4,False,True,False,False,False,False,21.51,14.55,False,True,True,True,True,False
AST-00285,late_delivery,chat,north,low,False,False,False,False,29.7,36,False,True,False,False,False,False,20.23,10.71,True,False,True,True,False,True
AST-00286,late_delivery,email,south,medium,False,False,False,True,28.42,13,False,True,False,False,False,False,19.18,10.69,False,True,True,True,True,False
AST-00287,damaged_item,chat,north,high,False,False,False,False,25.51,6,False,True,False,False,True,False,26.58,19.55,True,True,True,True,False,False
AST-00288,change_of_mind,email,north,low,False,False,False,False,67.88,16,False,True,False,False,False,False,14.87,7.46,False,True,True,True,True,False
AST-00289,late_delivery,phone,london,high,False,True,True,False,44.67,24,True,True,True,True,False,False,23.74,19.48,False,True,True,True,True,False
AST-00290,wrong_item,email,london,low,False,False,True,False,16.21,3,False,True,False,False,True,False,16.5,8.82,True,True,True,True,False,False
AST-00291,damaged_item,email,north,medium,False,False,False,False,17.82,51,False,True,False,False,True,False,17.24,10.63,False,True,True,True,True,False
AST-00292,wrong_item,phone,london,medium,False,False,False,False,115.5,24,False,True,False,True,True,False,16.68,10.51,True,True,True,True,False,False
AST-00293,late_delivery,chat,midlands,medium,False,False,False,True,15.61,34,False,True,False,False,False,False,21.27,12.94,True,True,True,True,False,False
AST-00294,missing_refund,email,north,low,False,False,False,False,47.01,32,False,True,False,False,True,False,17.6,8.54,True,True,True,True,False,False
AST-00295,late_delivery,chat,south,medium,False,False,True,False,47.11,81,False,True,False,False,False,False,22.44,14.37,False,True,True,True,True,False
AST-00296,change_of_mind,email,midlands,medium,False,True,False,True,59.9,7,True,True,True,True,False,False,16.68,11.5,False,False,False,True,True,True
AST-00297,late_delivery,email,north,low,False,False,False,False,31.25,4,False,True,False,False,False,False,13.78,7.87,True,True,True,True,False,False
AST-00298,damaged_item,chat,london,high,False,False,False,False,51.48,7,False,False,False,False,True,False,23.04,14.67,True,True,True,True,False,False
AST-00299,warranty,phone,south,medium,True,False,False,False,31.07,20,True,True,True,True,False,False,14.53,11.13,True,True,True,True,False,False
AST-00300,change_of_mind,phone,north,low,False,False,False,True,36.46,18,False,True,False,False,False,False,9.09,4.22,True,True,True,True,False,False
AST-00301,wrong_item,email,south,low,False,False,False,False,35.82,62,False,True,False,False,True,False,16.1,7.97,True,True,True,True,False,False
AST-00302,missing_refund,email,south,medium,True,False,False,False,102.96,9,True,True,True,True,True,False,19.36,14.73,True,True,True,True,False,False
AST-00303,damaged_item,email,london,medium,False,False,False,False,17.89,29,False,True,False,False,True,False,20.9,13.44,True,True,True,True,False,False
AST-00304,change_of_mind,chat,midlands,high,False,False,False,False,38.5,36,False,True,False,False,False,False,26.74,17.37,False,True,True,True,True,False
AST-00305,damaged_item,phone,london,medium,False,False,False,False,44.24,8,False,True,False,False,True,False,21.16,12.63,True,True,True,True,False,False
AST-00306,damaged_item,phone,north,high,False,False,False,False,18.53,74,False,True,False,False,True,False,24.8,15.98,False,True,True,True,True,False
AST-00307,damaged_item,chat,london,medium,True,False,False,True,117.77,21,True,True,True,True,True,False,25.48,17.88,True,True,True,True,False,False
AST-00308,late_delivery,email,midlands,low,False,False,False,True,61.18,13,False,True,True,True,False,False,13.49,9.85,False,True,True,True,True,False
AST-00309,wrong_item,email,south,high,True,True,False,False,86.04,19,True,True,True,True,True,False,21.32,16.32,True,True,False,True,False,False
AST-00310,late_delivery,phone,midlands,high,False,False,False,False,44.18,14,False,True,False,False,False,False,25.25,16.83,False,False,True,True,True,True
AST-00311,wrong_item,email,north,medium,False,False,False,True,9.98,14,False,True,True,True,True,False,18.71,14.5,False,True,True,True,True,False
AST-00312,damaged_item,email,london,medium,False,False,True,False,82.96,8,False,True,False,False,True,False,20.82,12.06,True,True,True,True,False,False
AST-00313,change_of_mind,phone,north,medium,False,False,False,False,151.76,21,False,True,False,True,False,False,18.88,12.28,True,True,True,True,False,False
AST-00314,missing_refund,email,london,low,False,False,False,False,34.55,5,False,True,False,False,True,False,16.28,8.1,True,True,True,True,False,False
AST-00315,warranty,phone,south,low,False,False,False,False,52.79,12,True,True,True,True,False,False,18.94,11.13,False,True,True,True,True,False
AST-00316,damaged_item,email,london,low,False,True,False,False,100.34,15,True,True,True,True,True,False,12.19,9.08,True,True,True,True,False,False
AST-00317,late_delivery,email,north,low,False,False,False,True,61.5,19,False,True,False,False,False,False,18.0,9.94,True,True,True,True,False,False
AST-00318,damaged_item,phone,south,low,False,False,True,True,64.74,12,False,True,False,False,True,False,18.72,10.46,True,True,True,True,False,False
AST-00319,late_delivery,email,south,medium,False,False,True,True,112.12,3,False,True,False,True,False,False,23.31,14.19,False,True,True,True,True,False
AST-00320,missing_refund,phone,north,high,False,False,False,False,21.84,10,False,True,False,False,True,False,20.28,13.86,True,True,True,True,False,False
AST-00321,damaged_item,email,south,medium,False,False,False,False,64.17,25,False,True,False,False,True,False,17.52,11.11,False,True,True,True,True,False
AST-00322,wrong_item,chat,midlands,low,False,False,False,False,35.38,12,False,True,False,False,True,False,11.19,7.18,True,True,True,True,False,False
AST-00323,wrong_item,email,london,medium,False,False,False,False,60.55,7,False,True,False,False,True,False,20.62,12.89,True,True,True,True,False,False
AST-00324,damaged_item,chat,north,low,False,False,False,False,58.28,15,False,True,False,False,True,False,11.6,6.67,True,True,True,True,False,False
AST-00325,change_of_mind,email,midlands,medium,False,False,False,False,100.11,21,False,True,False,True,False,False,24.05,14.14,True,False,True,True,False,True
AST-00326,late_delivery,phone,north,low,False,False,False,False,32.85,22,False,True,False,False,False,False,15.74,8.6,True,True,True,True,False,False
AST-00327,change_of_mind,chat,south,low,False,False,False,False,43.39,13,False,True,False,False,False,False,12.52,6.27,True,True,True,True,False,False
AST-00328,damaged_item,email,london,medium,False,False,True,False,30.39,26,False,True,False,False,True,False,27.22,15.64,True,True,True,True,True,False
AST-00329,damaged_item,phone,midlands,medium,False,False,True,False,86.42,89,False,True,False,False,True,False,23.28,14.6,False,False,True,True,True,True
AST-00330,damaged_item,email,north,high,False,True,False,False,14.24,49,True,True,True,True,True,False,22.68,17.5,True,False,True,True,False,True
AST-00331,late_delivery,chat,midlands,medium,False,False,False,False,14.3,54,False,True,False,False,False,False,21.41,13.51,True,True,True,True,False,False
AST-00332,missing_refund,phone,south,medium,False,False,False,False,45.43,21,False,True,False,False,True,False,21.19,14.44,False,True,False,True,True,False
AST-00333,missing_refund,chat,london,medium,False,False,False,False,19.14,27,False,True,False,False,True,False,17.49,10.95,True,True,True,True,False,False
AST-00334,change_of_mind,email,north,medium,False,False,False,True,36.53,23,False,True,False,False,False,False,24.89,14.74,False,True,True,True,True,False
AST-00335,late_delivery,phone,south,medium,False,True,False,True,66.59,32,True,True,True,True,False,False,28.04,18.81,False,True,True,True,True,False
AST-00336,late_delivery,email,midlands,low,False,False,False,False,73.84,7,False,True,False,False,False,False,18.52,10.87,True,True,True,True,False,False
AST-00337,wrong_item,phone,midlands,low,False,False,False,False,59.3,35,False,True,False,False,True,False,16.78,9.03,True,True,True,True,False,False
AST-00338,late_delivery,chat,south,medium,False,False,False,False,38.98,37,False,True,False,False,False,False,14.92,8.75,True,True,False,True,False,False
AST-00339,change_of_mind,chat,north,low,False,False,False,False,116.4,33,False,True,False,True,False,False,17.39,8.18,True,True,True,True,False,False
AST-00340,change_of_mind,phone,london,low,False,False,False,False,28.01,58,False,True,False,False,False,False,15.8,9.6,True,True,False,True,False,False
AST-00341,change_of_mind,chat,midlands,medium,False,False,False,True,105.77,19,False,True,False,True,False,False,19.82,12.57,True,False,True,True,False,True
AST-00342,warranty,email,midlands,low,False,False,True,False,46.08,21,True,True,True,True,False,False,19.7,12.27,False,True,True,True,True,False
AST-00343,warranty,email,north,medium,False,False,False,True,24.76,9,True,True,True,True,False,False,20.7,13.77,False,True,True,True,True,False
AST-00344,change_of_mind,email,north,medium,False,False,False,False,65.33,37,False,True,False,False,False,False,19.55,12.29,True,True,True,True,False,True
AST-00345,late_delivery,chat,midlands,high,False,False,False,False,25.13,62,False,True,False,False,False,False,23.01,14.74,True,True,True,True,False,False
AST-00346,change_of_mind,chat,london,low,False,False,False,True,12.14,31,False,True,True,True,False,False,17.85,12.79,False,True,True,True,True,False
AST-00347,wrong_item,phone,north,low,False,False,False,True,23.05,20,False,True,False,False,True,False,16.21,8.83,True,False,True,True,False,True
AST-00348,late_delivery,email,north,low,False,False,False,False,13.65,11,False,True,False,False,False,False,15.96,8.92,True,True,True,True,False,False
AST-00349,change_of_mind,chat,south,low,False,False,False,False,30.94,60,False,True,False,False,False,False,16.79,9.55,True,True,True,True,False,False
AST-00350,damaged_item,email,south,high,False,False,False,True,53.58,22,False,True,False,False,True,False,23.95,16.24,False,True,False,True,True,False
AST-00351,damaged_item,chat,london,low,False,False,False,False,54.23,7,False,True,False,False,True,False,17.6,9.89,True,True,True,True,True,False
AST-00352,change_of_mind,chat,midlands,medium,False,False,False,True,41.09,37,False,True,False,False,False,False,18.85,11.77,False,True,False,True,True,False
AST-00353,late_delivery,phone,london,low,True,False,False,True,50.98,44,True,True,True,True,False,False,15.54,11.01,True,True,True,True,False,False
AST-00354,late_delivery,phone,london,high,False,False,False,False,73.87,37,False,True,False,False,False,False,20.54,12.6,True,True,False,True,False,False
AST-00355,wrong_item,chat,london,low,False,False,False,True,12.07,1,False,True,False,False,True,False,21.89,10.84,False,True,False,True,True,False
AST-00356,wrong_item,chat,london,low,False,False,True,False,77.41,78,False,True,False,False,True,False,14.74,8.6,True,True,True,True,False,False
AST-00357,late_delivery,phone,north,low,True,False,False,False,22.4,6,True,True,True,True,False,False,17.01,9.58,True,False,True,True,False,True
AST-00358,wrong_item,email,south,high,False,True,False,False,127.63,14,True,True,True,True,True,False,23.95,17.71,False,False,True,True,True,True
AST-00359,late_delivery,chat,south,low,True,False,True,False,31.65,48,True,True,True,True,False,False,13.43,8.78,False,True,True,True,True,False
AST-00360,change_of_mind,chat,north,high,False,False,False,False,16.49,6,False,True,False,False,False,False,21.69,14.56,False,True,True,True,True,False
AST-00361,damaged_item,email,south,medium,True,False,False,False,199.97,28,True,True,True,True,True,False,24.93,17.28,True,True,True,True,False,False
AST-00362,missing_refund,email,south,low,True,False,True,True,14.7,23,True,True,True,True,True,False,21.83,13.12,True,True,True,True,False,False
AST-00363,late_delivery,chat,london,high,False,False,False,True,79.59,8,False,True,False,False,False,False,24.49,16.19,False,True,True,True,True,False
AST-00364,damaged_item,chat,midlands,high,False,False,True,True,42.46,17,False,True,False,False,True,False,29.76,20.29,False,True,True,True,True,False
AST-00365,warranty,phone,midlands,low,False,False,False,True,110.87,6,True,True,True,True,False,False,16.69,10.17,False,True,True,True,True,False
AST-00366,missing_refund,phone,london,medium,False,False,False,True,19.31,42,False,True,True,True,True,False,21.43,13.78,True,True,True,True,False,False
AST-00367,change_of_mind,email,midlands,low,False,True,True,True,79.26,20,True,True,True,True,False,False,24.33,16.69,True,True,True,True,False,False
AST-00368,change_of_mind,phone,london,medium,False,False,False,False,14.42,30,False,True,False,False,False,False,17.52,10.63,True,True,True,True,False,False
AST-00369,change_of_mind,chat,north,low,False,False,False,True,15.26,23,False,True,False,False,False,False,15.01,8.3,True,True,True,True,False,False
AST-00370,missing_refund,chat,london,high,True,False,True,False,55.1,48,True,True,True,True,True,False,26.62,20.14,False,True,True,True,True,False
AST-00371,wrong_item,phone,north,high,True,False,False,False,16.94,174,True,True,True,True,True,False,26.85,18.89,False,True,True,True,True,False
AST-00372,damaged_item,chat,north,low,False,False,False,False,91.39,40,False,True,False,False,True,False,21.24,12.73,True,True,True,True,False,False
AST-00373,warranty,phone,midlands,medium,False,False,True,False,8,17,True,True,True,True,False,False,19.92,13.87,True,True,True,True,False,False
AST-00374,missing_refund,email,south,low,False,False,False,False,14.52,57,False,True,False,False,True,False,17.31,9.12,False,True,True,True,True,False
AST-00375,change_of_mind,email,south,low,False,False,False,False,47.33,31,False,True,False,False,False,False,13.8,8.48,True,True,True,True,False,False
AST-00376,late_delivery,phone,london,low,False,False,False,False,48.66,4,False,True,False,False,False,False,14.0,7.42,False,True,True,True,True,False
AST-00377,change_of_mind,chat,london,low,False,False,False,True,25.66,31,False,True,True,True,False,False,17.66,12.56,True,True,True,True,False,False
AST-00378,late_delivery,phone,london,medium,False,False,True,False,45.46,3,False,True,False,False,False,False,19.82,10.36,True,True,True,True,False,False
AST-00379,missing_refund,email,south,medium,False,False,False,False,53.21,54,False,True,False,False,True,False,21.79,13.25,True,True,False,True,False,False
AST-00380,late_delivery,email,london,low,False,False,False,True,23.03,39,False,True,False,False,False,False,13.59,8.63,True,True,False,True,False,False
AST-00381,missing_refund,chat,north,medium,False,False,False,False,89.27,24,False,True,False,False,True,False,23.65,14.17,True,True,False,True,False,False
AST-00382,late_delivery,chat,south,low,True,True,False,False,24.18,18,True,True,True,True,False,False,13.47,9.94,True,True,True,True,False,False
AST-00383,damaged_item,chat,midlands,low,True,False,False,False,39.43,71,True,True,True,True,True,False,14.85,10.14,True,True,False,True,False,False
AST-00384,missing_refund,chat,london,high,False,False,True,False,96.0,5,False,True,False,False,True,False,28.42,19.07,False,True,True,False,True,False
AST-00385,late_delivery,phone,london,low,False,False,False,False,61.55,8,False,True,False,False,False,False,13.92,8.07,True,True,True,True,False,False
AST-00386,late_delivery,chat,north,medium,False,False,True,False,31.14,29,False,True,False,False,False,False,21.53,13.24,True,False,True,True,False,True
AST-00387,late_delivery,email,london,low,True,False,False,False,94.87,31,True,True,True,True,False,False,12.12,8.12,True,True,True,True,False,False
AST-00388,missing_refund,email,south,low,False,False,False,False,41.11,43,False,True,False,False,True,False,17.01,9.37,True,True,True,True,False,False
AST-00389,change_of_mind,chat,south,low,True,False,False,False,83.61,8,True,True,True,True,False,False,17.8,10.25,False,True,True,True,True,False
AST-00390,damaged_item,chat,south,high,False,False,False,False,101.96,22,False,True,False,True,True,False,24.97,16.41,False,True,True,True,True,False
AST-00391,late_delivery,email,midlands,low,False,False,False,False,46.86,22,False,True,False,False,False,False,12.07,6.08,True,True,True,True,False,False
AST-00392,late_delivery,chat,london,high,False,True,False,True,41.91,8,True,True,True,True,False,False,27.79,21.1,False,False,False,True,True,True
AST-00393,late_delivery,email,south,low,False,False,False,False,18.01,36,False,True,False,False,False,False,19.19,10.63,False,True,True,True,True,False
AST-00394,change_of_mind,chat,london,medium,False,False,False,True,31.47,8,False,True,False,False,False,False,22.16,13.86,False,True,True,True,True,False
AST-00395,late_delivery,chat,south,low,False,False,False,False,29.24,35,False,True,False,False,False,False,14.8,8.01,True,True,True,True,False,False
AST-00396,wrong_item,chat,midlands,medium,True,False,False,False,41.34,20,True,True,True,True,True,False,18.35,12.17,True,True,True,True,False,False
AST-00397,wrong_item,chat,london,low,False,False,False,True,9.1,8,False,True,False,False,True,False,16.63,9.27,True,False,True,True,False,True
AST-00398,wrong_item,chat,south,medium,False,False,True,True,117.46,34,False,True,False,True,True,False,23.1,13.91,False,True,True,True,True,False
AST-00399,late_delivery,chat,north,low,False,False,False,True,41.27,12,False,True,False,False,False,False,12.28,6.18,True,True,True,True,False,False
AST-00400,change_of_mind,chat,south,low,False,False,False,False,76.69,28,False,True,False,False,False,False,13.39,8.76,True,True,True,True,False,False
AST-00401,wrong_item,phone,london,medium,False,False,False,False,16.16,17,False,True,False,False,True,False,19.87,12.64,True,True,True,True,False,False
AST-00402,damaged_item,email,south,medium,False,False,False,True,26.2,16,False,True,True,True,True,False,20.44,15.17,False,True,True,True,True,False
AST-00403,change_of_mind,phone,london,low,False,False,False,True,10.94,32,False,True,False,False,False,False,17.46,9.92,True,True,True,True,False,False
AST-00404,change_of_mind,chat,midlands,high,False,False,True,True,173.26,37,False,True,False,True,False,False,31.2,21.18,False,True,True,True,True,False
AST-00405,warranty,phone,south,medium,False,False,False,False,113.79,36,True,True,True,True,False,False,22.95,15.64,True,False,True,True,False,True
AST-00406,damaged_item,chat,north,medium,False,False,False,False,34.91,13,False,True,False,False,True,False,25.64,14.77,True,True,True,True,False,False
AST-00407,missing_refund,email,midlands,medium,False,False,False,False,106.75,79,False,True,False,True,True,False,19.34,12.74,True,True,False,True,False,False
AST-00408,wrong_item,chat,north,high,False,False,False,False,14.52,26,False,True,False,False,True,False,21.48,14.57,True,True,True,True,False,False
AST-00409,change_of_mind,phone,london,medium,False,False,False,False,116.27,4,False,True,False,True,False,False,15.17,8.84,True,True,True,True,False,False
AST-00410,change_of_mind,email,north,medium,False,False,False,False,35.15,44,False,True,False,False,False,False,24.58,15.2,False,True,True,True,True,False
AST-00411,change_of_mind,phone,midlands,low,False,False,False,False,21.23,39,False,True,False,False,False,False,12.83,6.3,True,True,True,True,True,False
AST-00412,late_delivery,email,london,medium,False,False,False,False,13.0,9,False,True,False,False,False,False,21.09,13.54,True,True,True,True,False,False
AST-00413,late_delivery,email,south,low,False,False,False,False,59.65,30,False,True,False,False,False,False,19.51,10.59,True,True,True,True,False,False
AST-00414,damaged_item,chat,midlands,low,False,False,False,False,32.46,104,False,True,False,False,True,False,11.49,6.12,True,True,True,True,False,False
AST-00415,missing_refund,email,south,high,False,False,False,False,50.54,27,False,True,False,False,True,False,22.41,15.82,True,True,False,True,False,False
AST-00416,change_of_mind,chat,south,medium,False,False,True,False,30.26,41,False,True,False,False,False,False,23.57,15.69,True,True,True,True,False,False
AST-00417,late_delivery,chat,london,medium,False,False,False,False,9.95,24,False,True,False,False,False,False,21.3,12.93,False,True,True,True,True,False
AST-00418,damaged_item,phone,south,medium,True,True,False,False,91.7,22,True,True,True,True,True,False,16.21,11.94,True,True,False,True,False,False
AST-00419,late_delivery,chat,south,high,False,False,False,True,155.1,54,False,True,False,True,False,False,27.09,18.57,True,True,True,True,False,False
AST-00420,damaged_item,chat,south,medium,False,False,True,True,79.43,49,False,True,False,False,True,False,25.23,15.83,True,True,True,True,False,False
AST-00421,damaged_item,email,midlands,medium,False,False,False,True,35.85,19,False,True,False,False,True,False,19.0,10.87,True,True,True,True,False,False
AST-00422,change_of_mind,phone,south,medium,False,False,False,True,14.34,28,False,True,False,False,False,False,21.42,12.23,True,True,True,True,False,False
AST-00423,change_of_mind,email,north,low,False,False,False,False,27.8,33,False,True,False,False,False,False,16.82,9.87,True,True,False,True,False,False
AST-00424,damaged_item,chat,north,low,False,False,True,False,64.61,35,False,True,False,False,True,False,16.17,9.31,False,True,True,True,True,False
AST-00425,missing_refund,chat,midlands,low,False,False,False,False,332.02,29,True,True,True,True,True,False,14.95,11.02,True,True,True,True,False,False
AST-00426,damaged_item,phone,london,medium,False,False,False,True,80.32,18,False,True,True,True,True,False,17.18,11.58,True,False,True,True,False,True
AST-00427,damaged_item,phone,south,medium,False,False,True,True,13.4,10,False,True,False,False,True,False,21.75,12.56,True,False,True,True,False,True
AST-00428,late_delivery,phone,midlands,low,False,False,False,False,21.37,9,False,True,False,False,False,False,15.98,8.5,True,True,True,True,False,False
AST-00429,warranty,chat,london,medium,False,False,False,False,43.11,31,True,True,True,True,False,False,15.11,10.47,False,True,True,True,True,False
AST-00430,damaged_item,chat,london,medium,False,False,False,False,31.84,38,False,True,False,False,True,False,19.39,11.83,True,True,True,True,False,False
AST-00431,change_of_mind,email,north,low,False,False,False,True,108.09,20,False,True,False,True,False,False,13.64,7.69,True,True,True,True,False,False
AST-00432,change_of_mind,chat,london,medium,False,False,False,False,22.23,25,False,True,False,False,False,False,17.64,10.61,False,False,True,True,True,True
AST-00433,wrong_item,email,north,low,False,False,False,False,27.42,21,False,True,False,False,True,False,13.53,7.74,True,True,True,True,True,False
AST-00434,change_of_mind,email,london,low,False,False,False,False,54.95,25,False,True,False,False,False,False,11.08,5.74,False,True,False,True,True,False
AST-00435,late_delivery,chat,london,low,False,False,False,False,17.11,28,False,True,False,False,False,False,11.72,6.81,True,True,True,True,False,False
AST-00436,wrong_item,phone,midlands,medium,False,False,False,False,85.76,32,False,True,False,False,True,False,15.97,8.84,True,True,True,True,False,False
AST-00437,warranty,chat,midlands,low,True,False,False,False,44.1,22,True,True,True,True,False,False,12.98,9.42,False,True,True,True,True,False
AST-00438,wrong_item,email,north,low,False,False,False,False,65.36,11,False,True,False,False,True,False,15.9,8.48,True,True,True,True,False,False
AST-00439,wrong_item,email,south,medium,False,False,False,False,18.07,32,False,True,False,False,True,False,18.96,12.05,False,True,True,True,True,False
AST-00440,change_of_mind,email,south,medium,False,False,False,False,100.66,8,False,True,False,True,False,False,20.84,12.92,False,True,False,True,True,False
AST-00441,change_of_mind,chat,london,low,False,False,False,True,100.64,30,False,True,False,True,False,False,22.19,11.22,True,False,True,True,False,True
AST-00442,late_delivery,phone,north,medium,False,False,False,False,100.11,6,False,True,False,True,False,False,14.7,8.86,False,True,True,True,True,False
AST-00443,wrong_item,phone,london,low,False,False,False,False,59.02,27,False,True,False,False,True,False,13.94,8.49,True,True,True,True,False,False
AST-00444,change_of_mind,phone,london,low,False,False,False,False,58.58,63,False,True,False,False,False,False,15.43,8.56,True,True,True,True,False,False
AST-00445,wrong_item,email,midlands,high,False,False,False,False,21.56,32,False,True,False,False,True,False,25.11,17.15,True,True,True,True,False,False
AST-00446,wrong_item,email,south,medium,False,False,False,True,21.67,33,False,True,False,False,True,False,23.91,13.87,True,True,True,True,False,False
AST-00447,damaged_item,phone,north,medium,True,False,False,True,36.81,29,True,True,True,True,True,False,24.75,17.14,True,True,True,True,False,True
AST-00448,damaged_item,chat,south,medium,False,False,False,False,42.11,5,False,True,False,False,True,False,16.57,11.04,True,True,True,True,False,False
AST-00449,change_of_mind,email,south,low,False,False,False,False,38.9,17,False,True,False,False,False,False,12.05,4.92,True,True,True,True,False,False
AST-00450,damaged_item,phone,north,low,False,False,False,False,30.7,43,False,True,False,False,True,False,14.84,7.67,True,True,True,True,False,False
AST-00451,warranty,phone,midlands,medium,False,False,False,False,29.07,30,True,True,True,True,False,False,19.45,14.15,False,True,True,True,True,False
AST-00452,late_delivery,email,midlands,high,False,False,False,False,21.12,41,False,True,False,False,False,False,23.2,15.86,True,False,False,True,False,True
AST-00453,warranty,email,midlands,medium,False,False,False,True,35.19,4,True,True,True,True,False,False,17.74,13.42,False,True,True,True,True,False
AST-00454,damaged_item,chat,north,low,False,False,False,False,154.18,82,False,True,False,True,True,False,12.5,7.43,True,False,True,True,False,True
AST-00455,change_of_mind,chat,south,low,True,False,True,False,41.8,34,True,True,True,True,False,False,17.39,12.77,False,False,True,True,True,True
AST-00456,wrong_item,chat,midlands,low,False,False,False,False,31.3,33,False,True,False,False,True,False,16.84,8.97,True,True,True,True,False,False
AST-00457,change_of_mind,email,south,low,False,False,False,False,10.1,6,False,True,False,False,False,False,14.44,8.66,True,True,True,True,False,False
AST-00458,wrong_item,email,midlands,medium,False,False,False,True,29.74,19,False,True,False,False,True,False,20.25,11.34,True,True,False,True,False,False
AST-00459,warranty,phone,midlands,medium,False,False,False,False,20.62,45,True,True,True,True,False,False,24.44,18.9,False,True,False,True,True,False
AST-00460,change_of_mind,phone,north,high,False,False,False,False,38.46,1,False,True,False,False,False,False,27.04,18.6,False,True,True,True,True,False
AST-00461,damaged_item,email,london,medium,False,False,False,False,54.32,17,False,True,False,False,True,False,13.26,7.72,True,True,True,True,False,False
AST-00462,change_of_mind,chat,london,low,True,False,False,False,90.16,33,True,True,True,True,False,False,14.83,8.0,True,True,True,True,False,False
AST-00463,late_delivery,email,midlands,low,True,False,False,True,41.62,33,True,True,True,True,False,False,13.12,9.48,False,True,True,True,True,False
AST-00464,wrong_item,email,south,medium,False,False,False,False,44.09,35,False,False,False,False,True,False,16.99,11.28,True,True,True,True,True,False
AST-00465,change_of_mind,chat,midlands,high,False,False,False,False,28.81,11,False,False,False,False,False,False,24.81,16.48,False,True,True,True,True,False
AST-00466,damaged_item,chat,south,low,False,False,False,True,38.85,18,False,True,True,True,True,False,15.99,10.98,True,True,True,True,False,False
AST-00467,late_delivery,email,london,medium,False,False,False,True,38.18,45,False,True,True,True,False,False,20.6,13.3,True,True,False,True,False,False
AST-00468,wrong_item,chat,midlands,medium,False,False,False,True,53.01,4,False,True,False,False,True,False,19.17,11.85,True,True,True,True,False,False
AST-00469,late_delivery,email,midlands,medium,False,False,True,True,13.75,22,False,True,False,False,False,False,20.59,14.03,False,True,True,True,True,False
AST-00470,warranty,chat,north,medium,False,True,False,True,72.4,33,True,True,True,True,False,False,21.43,14.96,True,True,True,True,False,False
AST-00471,late_delivery,phone,north,medium,False,False,True,False,144.89,27,False,True,False,True,False,False,25.13,16.61,True,True,True,True,False,False
AST-00472,change_of_mind,phone,london,high,False,False,False,True,36.27,21,False,True,False,False,False,False,30.66,21.3,False,False,False,True,True,True
AST-00473,damaged_item,phone,midlands,low,False,False,False,False,66.3,27,False,True,False,False,True,False,13.44,8.15,True,True,True,True,False,False
AST-00474,damaged_item,chat,north,low,False,False,False,False,54.27,23,False,True,False,False,True,False,15.25,8.42,True,True,True,True,False,False
AST-00475,damaged_item,email,midlands,medium,True,False,False,True,25.64,26,True,True,True,True,True,False,16.76,11.62,True,True,True,True,False,False
AST-00476,warranty,email,south,medium,False,False,False,True,40.04,47,True,True,True,True,False,False,17.66,11.73,False,False,True,True,True,True
AST-00477,late_delivery,email,south,low,False,False,False,False,30.6,14,False,True,False,False,False,False,10.63,5.48,True,True,True,True,False,False
AST-00478,change_of_mind,chat,south,high,False,False,True,True,20.89,7,False,True,True,True,False,False,34.83,25.43,False,True,True,True,True,False
AST-00479,late_delivery,phone,london,medium,False,False,False,True,28.53,52,False,True,False,False,False,False,23.11,13.33,False,True,True,True,True,False
AST-00480,damaged_item,phone,south,medium,True,False,False,True,103.84,119,True,True,True,True,True,False,22.22,16.09,False,True,True,True,True,False
AST-00481,damaged_item,phone,midlands,low,False,False,True,False,27.16,52,False,True,False,False,True,False,17.46,10.62,True,False,True,True,False,True
AST-00482,late_delivery,chat,south,high,False,False,False,True,84.77,32,False,True,False,False,False,False,35.05,24.83,True,True,True,True,False,False
AST-00483,missing_refund,email,south,medium,False,False,False,False,20.51,33,False,True,False,False,True,False,25.17,14.63,True,True,True,True,False,False
AST-00484,change_of_mind,phone,midlands,medium,False,False,True,False,25.31,2,False,True,False,False,False,False,19.05,11.1,True,True,True,True,False,False
AST-00485,damaged_item,chat,london,low,False,False,False,False,76.61,12,False,True,False,False,True,False,14.29,8.78,True,True,True,True,False,False
AST-00486,late_delivery,chat,london,medium,False,False,False,False,27.71,33,False,True,False,False,False,False,16.62,9.37,True,True,True,True,False,False
AST-00487,change_of_mind,email,north,medium,False,False,False,False,25.12,53,False,True,False,False,False,False,16.39,8.95,True,True,True,True,False,False
AST-00488,wrong_item,chat,midlands,low,False,False,False,False,62.41,22,False,True,False,False,True,False,10.48,6.11,True,True,True,True,False,False
AST-00489,damaged_item,chat,london,high,False,False,True,False,224.87,64,False,True,False,True,True,False,24.51,16.52,True,False,True,True,False,True
AST-00490,change_of_mind,chat,london,low,False,False,False,False,23.79,22,False,True,False,False,False,False,15.5,9.2,True,True,True,True,False,False
AST-00491,missing_refund,chat,south,low,False,False,False,False,32.36,25,False,True,False,False,True,False,19.39,10.18,True,True,True,True,False,False
AST-00492,damaged_item,chat,south,low,False,False,False,False,17.06,19,False,False,False,False,True,False,17.53,9.86,True,True,True,True,False,False
AST-00493,change_of_mind,chat,south,medium,False,False,False,True,25.53,11,False,False,False,False,False,False,18.5,10.33,True,True,True,True,False,False
AST-00494,warranty,phone,south,low,False,False,False,False,11.99,16,True,True,True,True,False,False,13.61,9.12,True,False,True,True,False,True
AST-00495,missing_refund,chat,south,high,False,False,True,True,124.64,10,False,True,True,True,True,False,31.82,23.73,False,False,True,True,True,True
AST-00496,change_of_mind,email,london,high,False,False,False,True,24.82,16,False,True,False,False,False,False,25.82,16.59,False,True,False,True,True,False
AST-00497,late_delivery,chat,north,medium,False,False,False,False,60.52,19,False,True,False,False,False,False,19.79,11.86,True,True,True,True,False,False
AST-00498,late_delivery,chat,south,low,False,False,False,False,86.0,23,False,True,False,False,False,False,14.01,9.19,True,True,True,True,False,False
AST-00499,change_of_mind,email,midlands,high,False,False,False,True,40.34,8,False,True,False,False,False,False,22.57,14.93,True,True,True,True,False,False
AST-00500,missing_refund,email,midlands,high,True,False,True,False,274.82,24,True,True,True,True,True,False,22.17,17.55,False,False,True,True,True,True
AST-00501,damaged_item,email,midlands,medium,False,False,True,False,60.4,67,False,True,False,False,True,False,21.15,12.15,False,False,True,True,True,True
AST-00502,warranty,phone,north,low,False,False,False,True,36.88,32,True,True,True,True,False,False,15.26,9.47,False,True,True,True,True,False
AST-00503,change_of_mind,chat,london,low,False,False,False,False,47.2,32,False,True,False,False,False,False,11.89,7.2,False,True,True,True,True,False
AST-00504,wrong_item,phone,london,low,False,False,False,False,38.13,13,False,True,False,False,True,False,19.81,10.74,True,True,True,True,False,False
AST-00505,late_delivery,email,midlands,medium,False,False,False,True,39.54,15,False,True,False,False,False,False,18.26,12.48,False,True,True,True,True,False
AST-00506,change_of_mind,phone,south,low,False,True,False,False,8,17,True,True,True,True,False,False,12.54,8.03,True,True,False,True,True,False
AST-00507,warranty,phone,south,low,False,False,False,False,223.18,20,True,True,True,True,False,False,14.31,9.23,False,True,True,True,True,False
AST-00508,missing_refund,phone,south,low,False,False,False,False,8,29,False,True,False,False,True,False,17.0,9.04,True,True,True,True,False,False
AST-00509,late_delivery,phone,london,medium,False,False,False,False,35.62,10,False,True,False,False,False,False,17.26,10.12,True,True,True,True,False,False
AST-00510,late_delivery,email,south,low,False,False,False,False,61.76,31,False,True,False,False,False,False,16.07,8.04,True,False,True,True,True,True
AST-00511,damaged_item,phone,midlands,low,False,False,False,False,10.4,16,False,True,False,False,True,False,12.91,7.29,True,True,True,True,False,False
AST-00512,change_of_mind,email,london,low,False,False,True,False,13.29,33,False,True,False,False,False,False,19.13,11.12,False,True,False,True,True,False
AST-00513,damaged_item,phone,midlands,medium,False,True,False,False,50.34,73,True,True,True,True,True,False,22.01,14.95,True,True,False,True,False,False
AST-00514,change_of_mind,email,south,high,False,False,True,True,59.81,18,False,True,False,False,False,False,30.22,19.83,True,True,False,True,False,False
AST-00515,warranty,email,london,low,False,False,False,True,63.07,26,True,True,True,True,False,False,17.13,11.14,True,True,False,True,False,False
AST-00516,late_delivery,chat,london,low,False,False,False,False,91.97,19,False,True,False,False,False,False,12.99,6.29,True,True,True,True,False,False
AST-00517,late_delivery,email,south,low,False,True,False,False,12.94,26,True,True,True,True,False,False,21.15,13.88,True,True,True,True,False,False
AST-00518,warranty,email,london,low,False,False,False,False,70.65,11,True,True,True,True,False,False,13.79,9.61,True,True,True,True,False,False
AST-00519,damaged_item,chat,london,medium,False,False,False,False,23.9,28,False,True,False,False,True,False,21.04,12.54,True,False,True,True,False,True
AST-00520,change_of_mind,chat,london,medium,True,False,False,False,24.11,20,True,True,True,True,False,False,16.43,10.95,False,True,False,True,True,False
AST-00521,missing_refund,email,south,high,False,False,False,False,40.55,20,False,True,False,False,True,False,24.69,17.12,False,True,True,True,True,False
AST-00522,late_delivery,chat,south,medium,False,False,False,False,40.09,28,False,True,False,False,False,False,19.75,10.55,True,True,True,True,False,False
AST-00523,warranty,email,midlands,low,False,False,False,False,119.27,27,True,True,True,True,False,False,18.93,13.16,True,True,True,True,False,False
AST-00524,damaged_item,chat,midlands,low,False,True,False,False,154.82,28,True,True,True,True,True,False,11.51,9.07,True,True,True,True,False,False
AST-00525,late_delivery,phone,north,low,False,False,False,True,46.98,34,False,True,True,True,False,False,16.32,12.05,True,True,False,True,False,False
AST-00526,warranty,phone,london,high,True,False,False,True,74.63,5,True,True,True,True,False,False,25.3,18.79,False,True,False,True,True,False
AST-00527,wrong_item,email,midlands,high,False,False,True,False,27.06,34,False,True,False,False,True,False,26.5,18.53,True,True,True,True,False,False
AST-00528,missing_refund,chat,south,medium,False,False,False,True,29.57,27,False,True,False,False,True,False,26.11,13.92,False,True,False,True,True,False
AST-00529,warranty,chat,south,medium,False,False,False,False,48.0,31,True,True,True,True,False,False,18.01,13.3,True,True,True,True,False,False
AST-00530,warranty,email,midlands,medium,False,False,False,False,17.94,74,True,True,True,True,False,False,18.25,12.44,True,True,True,True,False,False
AST-00531,missing_refund,phone,midlands,low,False,False,False,False,72.41,28,False,True,False,False,True,False,10.73,6.26,True,True,True,True,False,False
AST-00532,late_delivery,email,london,low,False,False,False,False,28.24,49,False,True,False,False,False,False,12.13,7.8,True,True,True,True,False,False
AST-00533,missing_refund,email,south,low,False,False,False,False,64.07,27,False,True,False,False,True,False,14.57,6.72,False,True,True,True,True,False
AST-00534,damaged_item,chat,south,medium,False,False,False,True,143.74,54,False,True,False,True,True,False,19.15,12.89,False,False,True,True,True,True
AST-00535,damaged_item,chat,london,low,False,False,False,False,68.32,41,False,True,False,False,True,False,8.9,4.31,True,False,True,True,False,True
AST-00536,late_delivery,chat,midlands,low,False,True,False,True,47.75,13,True,True,True,True,False,False,19.47,12.05,True,True,True,True,False,False
AST-00537,missing_refund,phone,london,low,False,False,False,False,49.01,29,False,True,False,False,True,False,14.36,8.77,True,True,True,True,False,False
AST-00538,wrong_item,email,north,medium,False,False,False,True,107.5,25,False,True,False,True,True,False,19.88,12.41,False,True,True,True,True,False
AST-00539,late_delivery,phone,london,medium,True,False,False,False,43.38,6,True,True,False,False,False,False,14.28,8.33,False,True,True,True,True,False
AST-00540,change_of_mind,chat,midlands,low,False,False,False,False,67.62,11,False,True,False,False,False,False,14.72,7.48,True,True,False,True,False,False
AST-00541,wrong_item,chat,south,low,False,False,False,False,12.09,19,False,True,False,False,True,False,16.61,9.2,True,True,True,True,False,False
AST-00542,warranty,email,north,low,False,False,False,False,248.9,19,True,True,True,True,False,False,13.27,7.71,True,True,True,True,False,False
AST-00543,change_of_mind,email,midlands,high,False,True,True,False,36.21,62,True,True,True,True,False,False,26.57,20.21,True,True,True,True,False,False
AST-00544,damaged_item,chat,north,high,False,False,False,True,36.42,8,False,True,False,False,True,False,30.76,20.69,True,True,True,True,False,False
AST-00545,late_delivery,chat,north,medium,False,False,False,True,26.84,27,False,True,False,False,False,False,27.41,15.96,True,False,True,True,False,True
AST-00546,warranty,phone,north,low,False,False,True,False,58.12,12,True,True,True,True,False,False,18.47,11.51,False,True,True,True,True,False
AST-00547,missing_refund,email,north,high,True,False,False,True,45.73,20,True,True,True,True,True,False,22.68,17.1,False,True,True,True,True,False
AST-00548,change_of_mind,phone,south,high,False,False,True,False,42.16,66,False,True,False,False,False,False,26.36,18.21,False,True,True,True,True,False
AST-00549,change_of_mind,phone,north,medium,False,False,False,True,220.01,18,False,True,False,True,False,False,25.65,16.28,True,True,True,True,False,False
AST-00550,missing_refund,chat,north,low,False,False,True,False,111.93,48,False,True,False,True,True,False,21.06,11.15,True,False,False,True,False,True
AST-00551,missing_refund,phone,north,low,False,False,False,False,31.06,16,False,True,False,False,True,False,17.76,9.54,True,True,True,True,False,False
AST-00552,change_of_mind,email,midlands,high,False,False,False,False,180.03,16,False,True,False,True,False,False,23.5,16.05,True,True,True,True,False,False
AST-00553,change_of_mind,chat,south,low,False,False,False,False,18.29,14,False,True,False,False,False,False,12.01,6.59,False,True,True,True,True,False
AST-00554,wrong_item,phone,north,medium,False,False,False,False,118.95,28,False,True,False,True,True,False,25.63,13.75,True,False,True,True,False,True
AST-00555,late_delivery,chat,midlands,low,False,False,False,False,14.3,8,False,True,False,False,False,False,12.09,6.26,True,True,True,True,False,False
AST-00556,late_delivery,email,midlands,medium,False,False,False,True,75.65,52,False,True,False,False,False,False,24.92,14.51,False,True,True,True,True,False
AST-00557,missing_refund,chat,midlands,low,True,False,False,False,26.01,18,True,True,True,True,True,False,15.66,11.12,True,True,True,True,False,False
AST-00558,wrong_item,chat,north,medium,False,False,False,False,44.47,36,False,True,False,False,True,False,17.04,10.44,False,True,False,True,True,False
AST-00559,late_delivery,phone,north,low,False,False,False,False,13.16,43,False,True,False,False,False,False,19.34,10.54,True,True,True,True,False,False
AST-00560,damaged_item,phone,north,low,False,False,False,True,10.0,27,False,True,False,False,True,False,10.35,5.92,False,True,False,True,True,False
AST-00561,change_of_mind,phone,south,medium,False,False,False,True,67.91,49,False,True,False,False,False,False,24.63,15.12,False,False,False,True,True,True
AST-00562,warranty,chat,north,low,False,False,False,False,52.33,33,True,True,True,True,False,False,12.73,7.57,True,True,True,True,False,False
AST-00563,missing_refund,phone,london,low,False,False,False,True,14.38,58,False,True,False,False,True,False,15.57,8.68,True,True,True,True,False,False
AST-00564,late_delivery,email,midlands,high,False,False,False,False,11.95,35,False,True,False,False,False,False,24.11,17.38,True,False,True,True,True,True
AST-00565,damaged_item,email,north,low,False,False,False,False,24.15,6,False,True,False,False,True,False,12.18,7.33,True,True,True,True,False,False
AST-00566,change_of_mind,chat,london,medium,False,False,True,True,52.76,25,False,True,True,True,False,False,25.01,18.02,True,False,False,True,False,True
AST-00567,late_delivery,chat,london,medium,False,False,False,True,37.73,40,False,True,False,False,False,False,22.2,12.68,False,False,True,True,True,True
AST-00568,late_delivery,chat,north,low,True,False,False,False,36.57,30,True,True,True,True,False,False,12.18,10.81,True,True,True,True,True,False
AST-00569,warranty,phone,london,low,False,True,True,False,26.7,38,True,True,True,True,False,False,16.19,10.57,True,True,False,True,False,False
AST-00570,warranty,email,midlands,low,False,False,False,False,26.93,38,True,True,True,True,False,False,13.48,9.0,True,True,True,True,False,False
AST-00571,late_delivery,email,north,medium,False,False,False,True,56.06,60,False,True,False,False,False,False,23.27,14.17,True,True,True,True,False,False
AST-00572,late_delivery,chat,london,medium,False,False,True,False,90.8,39,False,True,False,False,False,False,26.84,16.59,False,True,True,True,True,False
AST-00573,change_of_mind,email,north,medium,False,False,False,True,11.54,30,False,True,False,False,False,False,24.16,14.31,True,False,True,True,False,True
AST-00574,damaged_item,email,north,medium,False,False,False,True,25.82,40,False,True,False,False,True,False,23.0,12.4,True,False,True,True,False,True
AST-00575,change_of_mind,chat,south,low,False,False,False,False,44.55,38,False,True,False,False,False,False,16.34,9.43,False,True,True,True,True,False
AST-00576,damaged_item,email,south,low,False,False,False,False,59.71,20,False,True,False,False,True,False,11.39,6.17,True,True,True,True,False,False
AST-00577,warranty,chat,south,high,True,False,True,False,97.0,32,True,True,True,True,False,False,27.47,19.84,True,True,True,True,False,False
AST-00578,missing_refund,email,london,high,False,False,False,False,14.23,33,False,True,False,False,True,False,26.67,18.04,True,True,True,True,False,False
AST-00579,change_of_mind,phone,london,low,False,False,False,False,44.01,88,False,True,False,False,False,False,13.69,7.76,False,True,True,True,True,False
AST-00580,damaged_item,chat,north,low,False,False,False,False,24.57,27,False,True,False,False,True,False,13.24,6.9,True,True,True,True,False,False
AST-00581,late_delivery,email,london,low,False,False,False,True,12.57,36,False,True,False,False,False,False,14.24,7.99,False,True,True,True,True,False
AST-00582,wrong_item,email,south,high,False,True,False,True,24.35,7,True,True,True,True,True,False,24.89,18.24,True,False,True,True,False,True
AST-00583,change_of_mind,email,midlands,low,False,False,False,False,14.26,11,False,True,False,False,False,False,16.16,7.91,True,True,True,True,False,False
AST-00584,damaged_item,phone,south,high,False,False,True,False,24.91,32,False,True,False,False,True,False,29.43,19.36,True,True,True,True,False,False
AST-00585,late_delivery,chat,north,medium,False,False,True,False,27.58,43,False,True,False,False,False,False,16.19,10.69,True,False,True,True,False,True
AST-00586,change_of_mind,phone,midlands,low,False,False,False,False,93.29,71,False,True,False,False,False,False,13.48,7.26,False,True,True,True,True,False
AST-00587,warranty,email,london,medium,True,False,False,False,25.03,55,True,True,True,True,False,False,17.41,10.87,True,True,True,True,False,False
AST-00588,warranty,chat,midlands,low,False,False,False,True,84.43,18,True,True,True,True,False,False,18.7,12.39,False,True,True,True,True,False
AST-00589,late_delivery,chat,north,high,False,False,False,False,88.99,31,False,True,False,False,False,False,22.19,15.12,False,True,True,True,True,False
AST-00590,warranty,chat,london,high,False,False,False,True,12.2,17,True,True,True,True,False,False,26.6,20.84,False,True,True,True,True,False
AST-00591,change_of_mind,phone,london,medium,True,False,False,False,17.62,34,True,True,True,True,False,False,18.87,13.28,True,True,True,True,False,False
AST-00592,change_of_mind,chat,midlands,low,False,False,False,False,16.33,15,False,True,False,False,False,False,15.08,8.61,True,True,False,True,False,False
AST-00593,missing_refund,email,midlands,medium,False,False,False,False,12.94,31,False,True,False,False,True,False,20.35,12.71,True,True,True,True,False,False
AST-00594,change_of_mind,phone,north,medium,False,False,False,True,36.88,35,False,True,False,False,False,False,16.94,10.77,True,True,True,True,False,False
AST-00595,late_delivery,email,south,low,False,False,False,False,16.53,21,False,True,False,False,False,False,15.36,8.61,True,True,True,True,False,False
AST-00596,change_of_mind,chat,midlands,medium,False,False,False,False,83.64,36,False,True,False,False,False,False,17.15,9.96,False,True,False,True,True,False
AST-00597,change_of_mind,phone,midlands,medium,False,False,False,False,66.59,11,False,True,False,False,False,False,20.9,12.4,True,True,True,True,False,False
AST-00598,missing_refund,chat,south,high,False,False,False,True,62.98,32,False,True,False,False,True,False,23.99,14.47,False,True,True,True,True,False
AST-00599,late_delivery,phone,north,medium,False,False,True,True,86.23,31,False,True,True,True,False,False,20.66,13.29,True,False,True,True,False,True
AST-00600,warranty,phone,north,low,False,False,False,False,122.86,23,True,True,True,True,False,False,17.31,11.43,True,True,True,True,False,False
AST-00601,late_delivery,phone,north,high,False,False,False,True,33.86,42,False,True,False,False,False,False,22.27,15.25,False,True,True,True,True,False
AST-00602,late_delivery,email,london,low,False,False,False,False,43.36,3,False,True,False,False,False,False,13.44,6.59,True,False,True,True,False,True
AST-00603,late_delivery,phone,south,high,False,False,True,True,35.26,6,False,True,False,False,False,False,27.66,18.06,False,True,False,True,True,False
AST-00604,damaged_item,phone,north,high,False,False,False,False,61.82,51,False,True,False,False,True,False,22.15,14.72,False,True,True,True,True,False
AST-00605,damaged_item,chat,london,low,False,False,False,False,34.07,15,False,True,False,False,True,False,12.74,7.05,False,True,True,True,True,False
AST-00606,late_delivery,phone,north,low,False,False,False,False,44.78,14,False,True,False,False,False,False,16.2,8.97,False,True,True,True,True,False
AST-00607,change_of_mind,email,south,medium,False,False,False,False,87.55,21,False,True,False,False,False,False,17.38,11.15,False,True,True,True,True,False
AST-00608,late_delivery,email,midlands,high,False,False,False,False,97.59,16,False,True,False,False,False,False,29.35,19.45,False,False,True,True,True,True
AST-00609,wrong_item,phone,london,high,False,True,False,True,41.64,20,True,True,True,True,True,False,29.27,21.1,False,True,True,True,True,False
AST-00610,damaged_item,chat,midlands,low,True,False,False,False,40.88,31,True,True,True,True,True,False,13.59,8.93,True,True,True,True,False,False
AST-00611,damaged_item,chat,south,low,False,False,False,False,15.26,15,False,True,False,False,True,False,13.84,6.79,True,True,True,True,False,True
AST-00612,change_of_mind,chat,south,high,True,False,False,False,38.84,22,True,True,True,True,False,False,28.02,20.18,False,True,True,True,True,False
AST-00613,wrong_item,email,south,low,False,False,False,False,31.96,9,False,True,False,False,True,False,12.43,8.0,False,True,True,True,True,False
AST-00614,late_delivery,chat,london,high,False,True,False,False,176.24,7,True,True,True,True,False,False,27.52,21.05,True,False,False,True,False,True
AST-00615,wrong_item,chat,south,medium,True,False,False,True,118.14,28,True,True,True,True,True,False,20.04,14.7,True,True,True,True,False,False
AST-00616,change_of_mind,chat,midlands,low,False,False,True,False,8,31,False,True,False,False,False,False,16.21,9.63,True,True,True,True,False,False
AST-00617,wrong_item,chat,north,low,False,False,False,False,78.52,22,False,True,False,False,True,False,15.92,7.57,True,True,True,True,False,False
AST-00618,damaged_item,phone,london,low,False,False,False,True,29.63,6,False,True,False,False,True,False,16.34,8.77,False,True,True,True,True,False
AST-00619,warranty,chat,london,low,False,False,False,True,30.28,9,True,True,True,True,False,False,18.59,11.77,True,True,True,True,False,False
AST-00620,missing_refund,email,london,high,False,False,False,True,37.41,26,False,True,False,False,True,False,27.12,18.16,False,False,True,True,True,True
AST-00621,change_of_mind,email,midlands,low,False,False,False,False,61.51,46,False,True,False,False,False,False,22.63,11.54,True,True,True,True,False,False
AST-00622,damaged_item,email,south,medium,False,False,False,False,81.02,7,False,True,False,False,True,False,20.78,11.43,True,True,True,True,False,False
AST-00623,late_delivery,chat,north,low,False,False,False,False,23.86,28,False,True,False,False,False,False,10.98,5.78,True,True,True,True,False,False
AST-00624,damaged_item,chat,north,low,False,False,False,True,29.04,62,False,True,False,False,True,False,22.66,12.02,True,True,True,True,False,False
AST-00625,damaged_item,phone,south,medium,False,False,True,False,34.75,4,False,True,False,False,True,False,19.73,12.68,True,True,True,True,False,False
AST-00626,late_delivery,phone,south,low,False,False,False,False,81.79,45,False,True,False,False,False,False,17.92,9.43,True,True,True,True,False,False
AST-00627,missing_refund,phone,north,low,True,False,True,False,81.93,7,True,True,True,True,True,False,19.85,12.96,True,True,True,True,False,False
AST-00628,damaged_item,email,midlands,low,False,False,False,False,29.73,16,False,True,False,False,True,False,13.9,7.44,True,True,True,True,False,False
AST-00629,wrong_item,email,midlands,low,False,False,False,False,12.99,18,False,True,False,False,True,False,15.42,8.46,True,True,True,True,False,False
AST-00630,damaged_item,chat,london,low,False,False,False,True,90.52,57,False,True,False,False,True,False,12.42,5.62,True,False,True,True,False,True
AST-00631,change_of_mind,chat,london,low,True,False,False,True,37.06,22,True,True,True,True,False,False,14.86,9.06,True,True,True,True,False,False
AST-00632,late_delivery,chat,midlands,low,False,False,False,False,107.69,11,False,True,False,True,False,False,13.0,5.92,False,True,True,True,True,False
AST-00633,damaged_item,email,south,medium,False,False,False,True,56.26,15,False,True,False,False,True,False,23.86,14.56,False,True,True,True,True,False
AST-00634,wrong_item,email,midlands,high,True,False,False,True,26.62,79,True,True,True,True,True,False,27.19,19.51,True,True,True,True,False,False
AST-00635,change_of_mind,phone,north,high,False,False,False,True,31.9,16,False,True,True,True,False,False,25.86,19.76,False,True,True,True,True,False
AST-00636,late_delivery,chat,london,low,False,False,False,True,71.1,69,False,True,False,False,False,False,15.84,8.6,True,True,True,True,False,False
AST-00637,damaged_item,chat,north,high,False,False,True,False,28.73,38,False,True,False,False,True,False,31.5,20.6,True,False,True,True,False,True
AST-00638,change_of_mind,chat,south,medium,False,True,True,True,38.56,7,True,False,True,True,False,False,29.01,19.89,True,True,True,True,False,True
AST-00639,damaged_item,chat,london,low,False,False,False,False,29.16,19,False,True,False,False,True,False,15.52,9.56,True,True,True,True,False,False
AST-00640,wrong_item,email,north,medium,False,False,True,False,24.17,94,False,True,False,False,True,False,22.68,15.4,True,True,False,True,False,False
AST-00641,late_delivery,chat,south,high,False,False,False,True,49.65,44,False,True,False,False,False,False,22.15,14.12,False,True,True,True,True,False
AST-00642,late_delivery,chat,london,low,False,False,False,False,43.78,19,False,True,False,False,False,False,12.95,7.02,True,True,True,True,False,False
AST-00643,damaged_item,email,north,low,True,False,False,True,53.42,19,True,True,True,True,True,False,17.2,11.47,True,True,True,True,False,False
AST-00644,late_delivery,phone,london,medium,False,False,False,True,35.8,31,False,True,False,False,False,False,21.4,12.05,False,True,True,True,True,False
AST-00645,change_of_mind,phone,south,low,False,False,False,True,26.94,41,False,True,False,False,False,False,14.52,7.79,False,True,True,True,True,False
AST-00646,damaged_item,phone,midlands,medium,False,False,True,False,51.19,13,False,True,False,False,True,False,22.58,14.27,True,True,True,True,False,False
AST-00647,change_of_mind,email,north,medium,False,False,True,True,89.65,28,False,True,False,False,False,False,21.86,13.72,True,False,True,True,False,True
AST-00648,warranty,chat,london,low,True,False,False,False,11.39,5,True,True,True,True,False,False,12.06,8.49,True,True,True,True,False,False
AST-00649,damaged_item,chat,midlands,medium,False,False,False,True,52.84,9,False,True,False,False,True,False,23.82,14.21,False,True,True,True,True,False
AST-00650,change_of_mind,email,midlands,medium,False,False,False,True,43.21,11,False,True,False,False,False,False,21.0,13.7,True,True,True,True,False,False
AST-00651,change_of_mind,phone,north,high,False,False,False,True,54.47,6,False,True,True,True,False,False,29.33,22.0,False,True,True,True,True,False
AST-00652,late_delivery,chat,north,low,False,True,False,False,27.0,24,True,True,True,True,False,False,16.0,11.28,True,True,True,True,False,False
AST-00653,damaged_item,chat,north,low,False,False,False,False,13.63,35,False,True,False,False,True,False,13.27,7.01,True,False,True,True,False,True
AST-00654,missing_refund,chat,london,medium,False,False,False,False,84.64,13,False,True,False,False,True,False,16.83,9.25,True,True,True,True,False,False
AST-00655,late_delivery,email,south,medium,False,False,True,False,77.06,8,False,True,False,False,False,False,17.7,12.06,False,False,True,True,True,True
AST-00656,late_delivery,phone,midlands,low,True,False,True,False,49.55,17,True,True,True,True,False,False,21.98,15.2,True,True,True,True,False,False
AST-00657,damaged_item,phone,london,medium,False,False,False,False,34.29,6,False,True,False,False,True,False,21.64,12.83,True,True,True,True,False,False
AST-00658,warranty,email,north,low,False,False,False,False,137.68,9,True,True,True,True,False,False,14.19,10.22,True,True,True,True,False,False
AST-00659,change_of_mind,email,london,medium,True,True,True,True,23.89,41,True,True,True,True,False,False,26.29,17.02,True,True,True,True,False,False
AST-00660,wrong_item,chat,south,medium,False,False,True,False,17.42,18,False,True,False,False,True,False,24.65,16.48,True,True,True,True,False,False
AST-00661,late_delivery,email,north,low,False,False,False,False,97.17,28,False,True,False,False,False,False,15.97,8.24,True,True,True,True,False,False
AST-00662,change_of_mind,chat,north,high,False,True,True,False,59.83,42,True,True,True,True,False,False,29.56,22.45,False,False,False,True,True,True
AST-00663,wrong_item,chat,london,low,False,False,False,False,10.35,67,False,True,False,False,True,False,14.26,7.91,True,True,True,True,False,False
AST-00664,late_delivery,chat,south,high,False,False,True,True,30.35,19,False,True,False,False,False,False,24.75,17.33,False,True,False,True,True,False
AST-00665,wrong_item,chat,london,medium,False,False,False,False,62.3,33,False,False,False,False,True,False,22.41,12.99,True,True,True,True,False,False
AST-00666,late_delivery,phone,north,low,False,False,False,False,22.18,88,False,True,False,False,False,False,14.07,8.09,True,True,True,True,False,False
AST-00667,late_delivery,email,north,low,False,False,False,False,23.04,18,False,True,False,False,False,False,16.96,9.32,True,True,False,True,False,False
AST-00668,late_delivery,phone,south,low,False,False,False,False,11.21,22,False,True,False,False,False,False,12.56,7.75,True,True,False,True,False,False
AST-00669,damaged_item,email,south,medium,False,True,False,False,17.84,24,True,True,True,True,True,False,16.52,13.52,True,True,True,True,False,False
AST-00670,warranty,chat,north,high,True,False,False,False,40.94,39,True,True,True,True,False,False,21.69,17.23,False,False,True,True,True,True
AST-00671,late_delivery,phone,south,medium,True,False,True,True,48.21,9,True,True,False,False,False,False,24.11,14.4,True,True,True,True,False,False
AST-00672,change_of_mind,chat,north,low,False,False,False,True,52.84,28,False,True,True,True,False,False,17.22,11.42,True,False,True,True,False,True
AST-00673,late_delivery,email,london,low,False,False,False,False,15.93,35,False,True,False,False,False,False,17.67,9.24,True,True,False,True,False,False
AST-00674,missing_refund,chat,north,low,False,False,False,False,55.53,18,False,True,False,False,True,False,9.12,5.22,False,True,True,True,True,False
AST-00675,missing_refund,chat,midlands,low,False,False,False,False,12.87,18,False,True,False,False,True,False,10.32,7.19,True,True,True,True,False,False
AST-00676,wrong_item,chat,north,high,False,True,False,False,30.25,22,True,True,True,True,True,False,28.27,20.58,True,True,True,True,False,False
AST-00677,damaged_item,chat,midlands,low,False,False,False,False,93.72,11,False,True,False,False,True,False,21.53,12.91,False,True,True,True,True,False
AST-00678,warranty,email,midlands,medium,False,False,False,False,120.26,18,True,True,True,True,False,False,15.3,9.96,True,True,True,True,True,False
AST-00679,warranty,chat,london,low,False,False,False,True,9.76,12,True,True,True,True,False,False,18.23,11.76,True,True,True,True,False,False
AST-00680,change_of_mind,chat,north,low,False,False,False,False,16.75,18,False,True,False,False,False,False,12.02,6.8,True,True,True,False,False,False
AST-00681,damaged_item,chat,south,medium,False,False,False,False,83.19,14,False,True,False,False,True,False,19.73,13.59,False,True,True,True,True,False
AST-00682,change_of_mind,email,south,low,False,False,True,True,34.01,13,False,True,False,False,False,False,22.24,13.27,True,True,True,True,False,False
AST-00683,missing_refund,chat,north,low,False,False,False,False,14.83,27,False,True,False,False,True,False,17.23,9.84,False,True,True,True,True,False
AST-00684,warranty,chat,south,high,False,False,True,True,18.92,24,True,True,True,True,False,False,26.64,19.92,False,False,True,True,True,True
AST-00685,change_of_mind,email,north,medium,False,True,False,True,25.68,29,True,True,True,True,False,False,21.96,14.7,True,False,False,True,False,True
AST-00686,warranty,email,north,low,True,False,False,False,75.54,29,True,True,True,True,False,False,11.84,9.98,True,True,True,False,False,False
AST-00687,missing_refund,email,london,medium,False,False,False,True,8,31,False,True,False,False,True,False,27.39,16.77,False,True,True,True,True,False
AST-00688,missing_refund,phone,south,medium,False,False,False,True,42.36,5,False,True,False,False,True,False,25.72,15.75,True,True,True,True,False,False
AST-00689,warranty,chat,north,medium,False,False,False,False,9.89,15,True,True,True,True,False,False,27.8,20.4,True,True,True,True,False,False
AST-00690,wrong_item,phone,south,low,False,False,True,False,102.8,13,False,True,False,True,True,False,18.3,9.57,True,True,True,True,False,False
AST-00691,wrong_item,email,north,low,False,False,False,False,67.85,68,False,True,False,False,True,False,12.27,7.76,True,True,False,True,False,False
AST-00692,change_of_mind,chat,south,low,False,False,False,True,34.08,2,False,True,False,False,False,False,14.16,7.15,True,False,False,True,False,True
AST-00693,damaged_item,phone,north,low,False,False,False,False,39.31,24,False,True,False,False,True,False,9.07,5.55,True,True,True,True,False,False
AST-00694,wrong_item,email,london,low,False,False,False,False,84.1,40,False,True,False,False,True,False,13.38,7.26,True,True,False,True,False,False
AST-00695,missing_refund,email,south,high,True,False,False,True,15.31,6,True,True,True,True,True,False,25.97,18.75,False,True,True,True,True,False
AST-00696,warranty,chat,north,medium,False,True,False,False,26.5,20,True,True,True,True,False,False,19.58,13.7,True,True,True,True,False,False
AST-00697,damaged_item,chat,london,medium,False,False,False,True,18.47,31,False,True,True,True,True,False,17.65,12.1,True,True,False,True,False,False
AST-00698,change_of_mind,chat,north,medium,False,False,False,False,24.83,14,False,True,False,False,False,False,19.72,12.06,True,True,True,False,False,False
AST-00699,wrong_item,email,midlands,medium,False,False,False,False,167.54,41,False,True,False,True,True,False,22.82,14.24,False,True,True,True,True,False
AST-00700,late_delivery,chat,north,medium,False,True,False,True,33.62,3,True,True,True,True,False,False,18.53,12.97,False,True,True,True,True,False
AST-00701,wrong_item,chat,north,medium,False,False,False,False,94.55,9,False,True,False,False,True,False,15.81,9.24,True,True,False,True,False,False
AST-00702,late_delivery,chat,north,low,False,False,False,False,45.71,33,False,True,False,False,False,False,17.35,8.46,True,True,True,True,True,False
AST-00703,change_of_mind,email,london,low,False,False,False,False,27.12,25,False,True,False,False,False,False,14.73,7.74,True,True,True,True,False,False
AST-00704,damaged_item,email,south,medium,False,False,False,True,28.93,66,False,True,False,False,True,False,22.45,11.9,True,True,True,True,False,False
AST-00705,late_delivery,email,north,medium,False,False,False,False,38.19,8,False,True,False,False,False,False,27.6,17.5,True,True,False,True,False,False
AST-00706,change_of_mind,phone,london,low,True,False,False,False,50.49,57,True,True,True,True,False,False,13.24,9.61,True,True,True,True,False,False
AST-00707,wrong_item,chat,london,low,False,False,False,False,90.54,34,False,True,False,False,True,False,14.17,6.77,True,True,True,True,False,False
AST-00708,late_delivery,email,midlands,low,False,False,True,False,26.95,55,False,False,False,False,False,False,18.49,11.04,False,True,True,True,True,False
AST-00709,change_of_mind,phone,london,low,False,False,False,False,23.88,47,False,True,False,False,False,False,13.29,6.64,False,True,True,True,True,False
AST-00710,wrong_item,chat,london,low,False,False,False,False,41.79,54,False,True,False,False,True,False,17.2,10.32,False,True,True,True,True,False
AST-00711,missing_refund,email,north,low,False,False,False,True,42.22,35,False,True,False,False,True,False,18.99,11.04,True,True,True,True,False,False
AST-00712,late_delivery,phone,north,low,False,False,False,False,21.48,19,False,True,False,False,False,False,15.24,7.2,True,True,True,True,False,False
AST-00713,change_of_mind,email,south,low,False,False,True,False,33.32,28,False,True,False,False,False,False,17.12,8.57,False,False,True,False,True,True
AST-00714,late_delivery,phone,north,low,False,False,False,False,51.68,29,False,True,False,False,False,False,13.74,7.75,True,True,True,True,False,False
AST-00715,change_of_mind,chat,north,medium,False,False,True,False,42.1,17,False,True,False,False,False,False,22.15,15.53,True,True,False,False,False,False
AST-00716,damaged_item,phone,south,low,False,False,False,False,89.58,24,False,True,False,False,True,False,14.11,7.44,True,True,True,True,False,False
AST-00717,missing_refund,email,south,low,False,False,False,False,33.01,31,False,True,False,False,True,False,11.47,5.87,True,True,True,True,False,False
AST-00718,wrong_item,email,midlands,low,False,False,False,False,32.94,26,False,True,False,False,True,False,9.47,5.04,False,False,True,True,True,True
AST-00719,change_of_mind,email,south,low,False,False,False,False,16.6,4,False,True,False,False,False,False,20.18,9.79,True,True,True,True,False,False
AST-00720,wrong_item,chat,south,medium,False,False,True,True,102.03,22,False,True,False,True,True,False,25.63,15.23,True,True,True,True,False,False
AST-00721,warranty,email,london,high,False,False,True,False,157.48,13,True,True,True,True,False,False,29.27,21.46,False,False,True,True,True,True
AST-00722,late_delivery,phone,london,low,False,False,False,False,13.75,28,False,True,False,False,False,False,15.59,9.05,True,True,True,True,False,False
AST-00723,warranty,chat,midlands,low,False,False,False,True,151.8,25,True,True,True,True,False,False,19.68,12.48,True,True,True,True,False,False
AST-00724,missing_refund,email,midlands,medium,False,False,True,True,151.51,21,False,True,False,True,True,False,27.25,15.64,True,True,False,True,False,False
AST-00725,damaged_item,chat,london,low,False,False,False,False,16.69,8,False,False,False,False,True,False,18.94,9.66,True,True,True,True,False,False
AST-00726,late_delivery,chat,south,medium,False,False,False,True,85.48,26,False,True,False,False,False,False,22.26,14.31,True,False,True,True,False,True
AST-00727,damaged_item,email,north,medium,False,False,False,False,25.88,38,False,True,False,False,True,False,17.88,10.38,True,False,False,True,False,True
AST-00728,change_of_mind,chat,midlands,medium,False,False,False,False,109.9,10,False,True,False,True,False,False,19.33,11.15,True,True,False,True,False,False
AST-00729,wrong_item,email,midlands,medium,False,False,False,False,118.25,38,False,True,False,True,True,False,21.51,12.0,True,False,True,True,False,True
AST-00730,wrong_item,chat,london,high,False,False,False,False,57.82,34,False,True,False,False,True,False,24.68,16.4,True,True,True,True,False,False
AST-00731,change_of_mind,email,south,low,False,False,True,False,84.11,24,False,True,False,False,False,False,16.03,9.53,False,True,True,True,True,False
AST-00732,change_of_mind,chat,london,low,False,False,False,False,110.84,29,False,True,False,True,False,False,17.22,10.42,True,True,False,True,False,False
AST-00733,damaged_item,chat,midlands,low,False,False,False,False,51.34,78,False,True,False,False,True,False,16.3,8.71,True,True,True,True,False,False
AST-00734,late_delivery,chat,south,medium,False,False,False,False,34.98,23,False,True,False,False,False,False,21.76,14.33,True,True,False,True,False,False
AST-00735,change_of_mind,email,south,medium,False,False,False,False,28.26,35,False,True,False,False,False,False,16.02,10.32,True,False,True,True,False,True
AST-00736,damaged_item,email,london,medium,False,False,True,True,24.66,25,False,True,False,False,True,False,28.67,17.06,True,True,False,True,False,False
AST-00737,damaged_item,email,south,low,False,False,False,True,98.45,36,False,True,False,False,True,False,16.77,9.15,True,True,True,True,False,False
AST-00738,change_of_mind,phone,north,medium,False,False,False,False,25.61,8,False,True,False,False,False,False,18.48,11.26,True,True,True,True,True,False
AST-00739,late_delivery,phone,south,medium,False,False,False,False,14.31,47,False,False,False,False,False,False,19.6,11.42,False,True,True,True,True,False
AST-00740,missing_refund,phone,north,low,False,False,False,True,17.37,13,False,True,False,False,True,False,15.19,9.32,True,True,True,True,False,False
AST-00741,late_delivery,phone,midlands,low,False,False,False,False,41.36,10,False,True,False,False,False,False,10.44,5.7,True,True,True,True,False,False
AST-00742,change_of_mind,email,north,medium,False,False,False,False,133.03,17,False,True,False,True,False,False,18.69,11.82,True,True,True,True,False,False
AST-00743,change_of_mind,phone,north,low,False,False,False,False,34.31,44,False,True,False,False,False,False,11.78,6.54,True,True,False,True,False,False
AST-00744,change_of_mind,chat,london,medium,False,False,False,False,23.14,72,False,True,False,False,False,False,20.21,13.1,False,True,False,True,True,False
AST-00745,late_delivery,phone,midlands,low,False,False,False,False,29.97,73,False,True,False,False,False,False,12.0,6.35,True,True,True,True,False,False
AST-00746,late_delivery,email,london,low,False,False,False,True,30.03,14,False,True,False,False,False,False,18.31,9.35,True,True,True,True,False,False
AST-00747,damaged_item,phone,london,medium,False,False,False,True,55.54,5,False,True,False,False,True,False,24.14,15.94,False,False,True,True,True,True
AST-00748,change_of_mind,chat,south,medium,True,True,False,False,34.97,30,True,True,True,True,False,False,19.52,13.59,False,True,False,True,True,False
AST-00749,change_of_mind,chat,london,low,False,False,False,False,19.35,9,False,True,False,False,False,False,13.12,7.08,True,True,True,True,False,False
AST-00750,wrong_item,chat,london,medium,False,False,False,False,32.98,6,False,True,False,False,True,False,16.43,8.86,True,False,False,True,False,True
AST-00751,wrong_item,phone,north,low,False,False,False,False,20.83,38,False,True,False,False,True,False,13.06,7.3,True,True,True,True,False,False
AST-00752,missing_refund,email,south,medium,True,False,False,True,60.35,27,True,True,True,True,True,False,19.64,13.31,True,False,True,True,False,True
AST-00753,late_delivery,email,midlands,low,False,False,True,False,118.8,37,False,True,False,True,False,False,17.48,8.37,False,True,False,True,True,False
AST-00754,wrong_item,phone,south,low,False,False,False,False,19.12,16,False,True,False,False,True,False,16.57,8.57,True,True,True,True,False,False
AST-00755,damaged_item,chat,london,low,True,True,False,False,16.72,34,True,True,True,True,True,False,15.23,9.78,True,True,True,True,False,False
AST-00756,wrong_item,phone,midlands,low,False,False,False,True,56.34,37,False,True,False,False,True,False,11.55,6.42,True,True,True,True,False,False
AST-00757,wrong_item,chat,north,medium,True,False,False,True,108.19,45,True,True,True,True,True,False,20.11,14.35,True,True,True,True,False,False
AST-00758,missing_refund,chat,midlands,medium,False,True,False,False,64.65,5,True,True,True,True,True,False,17.1,12.92,False,True,False,True,True,False
AST-00759,warranty,chat,london,medium,False,False,False,False,83.01,18,True,True,True,True,False,False,20.45,14.49,True,True,True,True,False,False
AST-00760,wrong_item,email,midlands,high,False,False,False,False,41.62,19,False,True,False,False,True,False,27.21,20.66,True,True,True,True,False,False
AST-00761,warranty,email,north,medium,False,False,False,False,22.49,49,True,True,True,True,False,False,18.01,12.08,True,True,True,True,False,False
AST-00762,late_delivery,email,north,low,False,False,False,False,20.87,9,False,True,False,False,False,False,10.09,6.71,True,False,True,True,False,True
AST-00763,late_delivery,phone,south,low,False,True,False,True,62.1,4,True,True,True,True,False,False,18.39,11.89,True,True,True,True,False,False
AST-00764,change_of_mind,chat,south,medium,False,False,False,True,39.68,4,False,True,True,True,False,False,16.95,12.16,False,True,True,True,True,False
AST-00765,missing_refund,chat,midlands,low,False,False,False,True,13.42,16,False,True,False,False,True,False,17.93,9.66,True,True,True,True,False,False
AST-00766,damaged_item,email,london,medium,False,False,False,True,131.24,20,False,False,True,True,True,False,22.44,14.57,False,False,True,True,True,True
AST-00767,wrong_item,phone,midlands,low,False,False,False,False,9.0,38,False,True,False,False,True,False,13.54,6.52,True,True,True,True,False,False
AST-00768,late_delivery,chat,south,high,False,False,True,False,50.83,6,False,True,False,False,False,False,28.35,18.84,False,True,False,True,True,False
AST-00769,change_of_mind,chat,london,low,False,False,False,False,22.47,26,False,True,False,False,False,False,13.75,8.52,True,True,True,True,False,False
AST-00770,change_of_mind,email,south,low,False,False,False,False,29.34,21,False,True,False,False,False,False,15.5,8.45,True,True,True,True,False,False
AST-00771,damaged_item,email,london,medium,False,False,False,False,141.07,63,False,True,False,True,True,False,19.62,11.93,True,True,True,True,True,False
AST-00772,wrong_item,chat,london,high,False,False,True,True,24.28,14,False,True,False,False,True,False,33.36,21.47,False,False,False,True,True,True
AST-00773,damaged_item,chat,south,high,False,True,False,False,53.13,3,True,True,True,True,True,False,24.88,18.87,False,True,True,True,True,False
AST-00774,late_delivery,chat,london,low,False,False,True,False,40.69,12,False,True,False,False,False,False,13.37,7.67,True,True,True,True,False,False
AST-00775,damaged_item,email,london,medium,False,False,False,False,18.6,29,False,True,False,False,True,False,23.65,14.12,True,True,True,True,False,False
AST-00776,missing_refund,chat,midlands,low,False,False,True,True,82.34,19,False,False,False,False,True,False,21.04,12.53,True,False,False,True,False,True
AST-00777,change_of_mind,email,london,medium,True,False,False,False,28.7,62,True,True,True,True,False,False,22.51,14.96,True,True,True,True,False,False
AST-00778,change_of_mind,chat,north,medium,False,False,True,False,20.01,9,False,True,False,False,False,False,21.05,11.95,True,False,True,True,True,True
AST-00779,late_delivery,chat,london,low,False,False,False,False,52.15,4,False,True,False,False,False,False,15.14,8.18,True,True,True,True,False,False
AST-00780,damaged_item,chat,london,medium,False,False,False,False,16.34,6,False,True,False,False,True,False,20.2,11.28,False,True,True,True,True,False
AST-00781,change_of_mind,chat,north,low,False,False,False,False,83.38,26,False,True,False,False,False,False,14.45,8.11,True,True,True,True,True,False
AST-00782,wrong_item,phone,north,high,True,False,False,False,213.87,4,True,True,True,True,True,False,22.22,16.44,True,True,True,True,True,False
AST-00783,wrong_item,phone,south,low,False,False,False,True,150.62,28,False,True,False,True,True,False,12.54,7.25,True,True,True,True,False,False
AST-00784,damaged_item,chat,london,medium,False,False,False,False,10.37,14,False,True,False,False,True,False,17.03,9.92,False,True,True,True,True,False
AST-00785,wrong_item,phone,london,low,False,False,False,False,35.93,14,False,True,False,False,True,False,13.65,7.39,True,True,True,True,False,False
AST-00786,late_delivery,chat,south,medium,False,False,False,False,44.34,29,False,True,False,False,False,False,21.83,13.34,False,True,True,True,True,False
AST-00787,late_delivery,chat,north,high,False,False,False,False,30.99,9,False,False,False,False,False,False,25.97,17.3,True,True,True,True,False,False
AST-00788,wrong_item,chat,south,low,True,False,False,False,38.13,24,True,True,True,True,True,False,10.49,8.3,True,True,False,True,False,False
AST-00789,late_delivery,email,london,low,False,False,False,False,39.94,18,False,True,False,False,False,False,16.66,9.46,True,True,True,True,False,False
AST-00790,late_delivery,email,south,medium,False,False,False,False,152.93,63,False,True,False,True,False,False,18.09,11.47,True,False,True,True,False,True
AST-00791,late_delivery,chat,north,low,False,False,False,False,42.09,26,False,True,False,False,False,False,12.57,7.31,True,True,True,True,True,False
AST-00792,change_of_mind,phone,north,low,False,False,False,False,46.71,21,False,True,False,False,False,False,16.42,9.16,True,True,True,True,False,False
AST-00793,late_delivery,chat,south,medium,False,False,False,False,53.63,6,False,True,False,False,False,False,22.44,14.15,False,True,True,True,True,False
AST-00794,missing_refund,phone,south,low,False,False,False,False,88.72,21,False,True,False,False,True,False,15.37,8.76,False,True,True,True,True,False
AST-00795,missing_refund,email,london,low,False,False,False,False,16.01,17,False,True,False,False,True,False,14.66,7.66,False,True,True,True,True,False
AST-00796,change_of_mind,chat,north,low,False,False,False,False,87.37,15,False,True,False,False,False,False,15.84,8.56,True,True,True,True,False,False
AST-00797,change_of_mind,email,north,low,False,False,False,False,10.14,44,False,True,False,False,False,False,12.34,6.24,False,True,False,True,True,False
AST-00798,late_delivery,email,midlands,high,True,False,False,False,86.05,42,True,True,True,True,False,False,20.59,15.84,True,True,True,True,False,False
AST-00799,change_of_mind,email,midlands,medium,False,False,False,False,62.97,3,False,True,False,False,False,False,19.86,11.92,False,True,True,True,True,False
AST-00800,damaged_item,phone,south,medium,True,False,False,True,37.63,30,True,True,True,True,True,False,28.97,19.92,True,True,True,True,False,False
AST-00801,late_delivery,email,south,medium,False,False,False,False,32.24,61,False,True,False,False,False,False,23.18,12.4,True,False,True,True,False,True
AST-00802,damaged_item,email,midlands,medium,True,False,False,True,27.22,13,True,True,True,True,True,False,14.94,10.17,True,True,False,True,True,False
AST-00803,change_of_mind,phone,london,medium,False,False,False,False,76.79,23,False,True,False,False,False,False,20.85,13.52,True,True,True,True,False,False
AST-00804,late_delivery,phone,midlands,medium,True,False,False,True,27.72,16,True,True,True,True,False,False,20.88,15.11,False,True,True,True,True,False
AST-00805,warranty,phone,north,high,False,False,False,True,110.08,12,True,True,True,True,False,False,28.24,20.34,False,True,True,False,True,False
AST-00806,damaged_item,email,london,low,True,False,False,True,131.09,15,True,True,True,True,True,False,18.27,13.35,True,True,True,True,False,False
AST-00807,damaged_item,phone,midlands,medium,False,False,False,True,36.57,11,False,True,True,True,True,False,18.54,13.94,False,True,False,True,True,False
AST-00808,change_of_mind,chat,midlands,medium,False,False,False,False,27.82,19,False,True,False,False,False,False,21.54,12.98,False,True,True,True,True,False
AST-00809,damaged_item,chat,london,low,False,False,False,False,23.64,16,False,True,False,False,True,False,12.43,6.37,True,True,True,True,False,False
AST-00810,damaged_item,chat,north,medium,True,False,False,True,10.03,21,True,True,True,True,True,False,19.39,13.44,True,True,True,True,False,False
AST-00811,damaged_item,email,north,medium,False,False,False,True,46.4,33,False,True,False,False,True,False,17.38,10.1,False,True,True,True,True,False
AST-00812,missing_refund,email,midlands,low,False,False,False,False,161.71,6,False,True,False,True,True,False,10.66,6.26,False,True,True,True,True,False
AST-00813,warranty,phone,midlands,medium,True,False,True,True,47.26,9,True,True,True,True,False,False,15.72,11.25,False,True,True,True,True,False
AST-00814,missing_refund,chat,south,low,False,False,False,True,13.92,10,False,True,False,False,True,False,19.27,10.37,True,True,True,True,False,False
AST-00815,late_delivery,chat,london,medium,False,False,False,False,31.93,39,False,True,False,False,False,False,20.08,12.39,True,True,True,True,False,False
AST-00816,wrong_item,email,london,low,False,False,False,False,35.72,2,False,True,False,False,True,False,18.0,9.96,False,True,True,True,True,False
AST-00817,change_of_mind,phone,london,high,False,False,True,True,48.75,12,False,True,False,False,False,False,29.33,18.84,True,False,True,True,False,True
AST-00818,change_of_mind,email,london,high,False,False,False,False,44.47,28,False,True,False,False,False,False,25.21,17.4,False,True,True,True,True,False
AST-00819,missing_refund,email,london,low,False,False,False,False,19.08,10,False,True,False,False,True,False,12.18,7.36,True,True,True,True,False,False
AST-00820,damaged_item,email,london,low,False,False,False,True,51.31,4,False,True,False,False,True,False,14.08,7.91,True,False,True,True,False,True
AST-00821,late_delivery,phone,london,low,False,False,False,True,23.15,30,False,True,False,False,False,False,22.22,12.77,True,True,True,True,False,False
AST-00822,wrong_item,email,north,low,False,False,False,False,22.42,62,False,True,False,False,True,False,13.14,6.68,True,True,True,True,False,False
AST-00823,damaged_item,email,north,medium,False,False,False,False,74.11,37,False,True,False,False,True,False,16.82,10.28,False,True,True,True,True,False
AST-00824,damaged_item,email,midlands,medium,False,True,False,False,153.85,26,True,True,True,True,True,False,21.85,14.95,True,True,True,True,False,False
AST-00825,late_delivery,chat,london,low,False,False,False,True,64.6,42,False,True,False,False,False,False,16.82,10.28,True,True,True,True,False,False
AST-00826,damaged_item,email,midlands,medium,False,True,False,False,15.17,20,True,True,True,True,True,False,21.67,15.06,True,True,True,True,True,False
AST-00827,change_of_mind,chat,south,low,False,False,False,False,11.95,10,False,True,False,False,False,False,24.07,14.03,True,True,True,True,False,False
AST-00828,wrong_item,chat,london,low,False,False,False,False,90.39,16,False,True,False,False,True,False,17.72,9.09,False,True,False,True,True,False
AST-00829,late_delivery,chat,north,low,False,False,False,False,9.26,14,False,True,False,False,False,False,10.78,6.42,True,True,True,True,False,False
AST-00830,damaged_item,chat,london,medium,False,False,False,True,19.84,29,False,True,False,False,True,False,16.75,10.88,True,True,True,True,False,False
AST-00831,change_of_mind,phone,south,low,False,False,False,False,61.58,42,False,True,False,False,False,False,15.65,8.77,True,True,False,True,False,False
AST-00832,damaged_item,phone,london,medium,False,True,False,False,58.69,52,True,True,True,True,True,False,12.47,9.28,False,True,True,True,True,False
AST-00833,change_of_mind,chat,london,medium,False,False,True,False,20.77,29,False,True,False,False,False,False,20.56,12.96,False,True,True,True,True,False
AST-00834,late_delivery,phone,south,low,False,False,False,True,58.53,20,False,True,False,False,False,False,23.83,14.72,False,True,True,True,True,False
AST-00835,late_delivery,email,south,medium,False,False,False,False,25.66,54,False,True,False,False,False,False,23.32,14.14,False,True,True,True,True,False
AST-00836,wrong_item,chat,south,medium,False,False,False,True,82.77,5,False,True,False,False,True,False,22.23,13.49,True,False,True,True,False,True
AST-00837,late_delivery,email,south,medium,False,False,False,True,79.78,18,False,True,False,False,False,False,18.53,11.04,False,True,True,True,True,False
AST-00838,late_delivery,email,london,low,False,False,False,False,228.96,57,False,True,False,True,False,False,16.65,8.5,True,True,True,True,False,False
AST-00839,late_delivery,chat,south,medium,False,False,False,True,24.92,61,False,True,False,False,False,False,22.98,14.72,True,False,True,True,False,True
AST-00840,damaged_item,chat,midlands,medium,False,False,False,True,19.18,78,False,True,False,False,True,False,24.09,15.99,True,True,True,True,False,False
AST-00841,damaged_item,chat,london,low,False,False,False,False,207.32,30,False,True,False,True,True,False,16.46,8.94,True,True,False,True,False,False
AST-00842,missing_refund,phone,north,medium,False,False,True,False,87.35,17,False,True,False,False,True,False,22.27,13.47,False,True,True,True,True,False
AST-00843,change_of_mind,email,north,medium,False,False,False,False,15.46,1,False,True,False,False,False,False,19.22,12.69,False,True,True,False,True,False
AST-00844,damaged_item,phone,south,medium,False,False,False,False,8.37,63,False,True,False,False,True,False,20.81,12.98,False,True,False,True,True,False
AST-00845,late_delivery,phone,london,medium,False,False,False,True,9.69,43,False,True,False,False,False,False,20.52,13.59,False,True,True,True,True,False
AST-00846,wrong_item,chat,north,low,False,False,True,False,122.8,29,False,True,False,True,True,False,19.01,10.6,True,True,True,True,False,False
AST-00847,late_delivery,phone,south,medium,True,False,False,False,26.21,36,True,True,True,True,False,False,11.92,9.73,True,False,True,True,False,True
AST-00848,damaged_item,email,midlands,low,False,False,True,False,9.36,11,False,True,False,False,True,False,15.97,9.06,True,True,True,True,False,False
AST-00849,late_delivery,email,london,medium,False,False,False,False,26.13,51,False,True,False,False,False,False,13.51,7.5,False,True,True,True,True,False
AST-00850,damaged_item,phone,london,medium,False,False,False,False,19.34,52,False,True,False,False,True,False,22.91,13.85,True,True,True,True,False,False
AST-00851,wrong_item,email,south,medium,False,False,False,False,21.34,33,False,True,False,False,True,False,24.01,15.57,True,True,True,True,False,True
AST-00852,damaged_item,chat,london,low,False,False,False,True,82.89,24,False,True,False,False,True,False,15.21,7.98,True,True,True,True,False,True
AST-00853,change_of_mind,email,london,high,False,False,False,True,40.59,17,False,True,False,False,False,False,25.0,17.4,False,True,True,True,True,False
AST-00854,late_delivery,phone,south,medium,False,False,False,False,25.91,10,False,True,False,False,False,False,16.19,9.9,True,True,True,True,False,False
AST-00855,late_delivery,chat,london,high,False,False,False,False,67.58,5,False,True,False,False,False,False,26.59,18.08,True,True,True,True,False,False
AST-00856,wrong_item,chat,south,low,False,False,False,False,34.73,27,False,True,False,False,True,False,12.89,6.47,True,True,True,True,False,False
AST-00857,late_delivery,chat,north,low,True,False,False,False,37.45,21,True,False,True,True,False,False,16.63,10.24,True,True,True,True,False,False
AST-00858,change_of_mind,email,south,low,False,False,False,False,72.39,22,False,True,False,False,False,False,22.63,13.63,True,False,True,True,True,True
AST-00859,change_of_mind,phone,south,medium,False,False,True,True,33.79,52,False,True,True,True,False,False,24.57,16.56,True,True,True,True,False,False
AST-00860,late_delivery,email,london,low,False,False,False,False,72.12,37,False,True,False,False,False,False,13.35,7.99,True,True,True,True,False,False
AST-00861,change_of_mind,chat,south,low,True,False,False,False,70.33,18,True,True,True,True,False,False,16.34,10.19,True,True,True,True,False,False
AST-00862,wrong_item,email,london,high,True,False,False,True,13.38,6,True,True,True,True,True,False,29.84,22.14,True,True,True,True,False,False
AST-00863,late_delivery,chat,north,low,False,False,False,False,29.12,71,False,True,False,False,False,False,12.72,6.77,False,True,True,True,True,False
AST-00864,warranty,phone,midlands,high,False,False,False,True,75.58,1,True,True,True,True,False,False,28.1,20.76,False,True,True,True,True,False
AST-00865,change_of_mind,chat,midlands,medium,False,False,False,False,39.81,42,False,True,False,False,False,False,21.9,12.5,False,True,True,True,True,False
AST-00866,damaged_item,email,south,high,False,False,False,True,18.25,42,False,True,False,False,True,False,27.94,19.03,True,True,True,True,False,False
AST-00867,damaged_item,phone,north,low,False,False,False,False,59.31,7,False,True,False,False,True,False,16.68,7.92,True,True,True,True,False,False
AST-00868,late_delivery,email,midlands,medium,False,False,False,True,21.94,41,False,True,False,False,False,False,23.74,15.25,False,False,True,True,True,True
AST-00869,change_of_mind,chat,london,low,True,False,False,False,50.06,26,True,True,True,True,False,False,20.4,13.63,True,True,True,True,True,False
AST-00870,missing_refund,chat,north,low,False,False,False,False,23.63,7,False,True,False,False,True,False,13.19,6.89,True,True,True,True,False,False
AST-00871,missing_refund,chat,london,medium,False,False,False,False,43.25,33,False,True,False,False,True,False,21.86,12.18,False,True,True,True,True,False
AST-00872,warranty,phone,south,medium,False,False,False,False,112.77,18,True,True,True,True,False,False,17.27,12.39,True,True,True,True,False,False
AST-00873,late_delivery,email,midlands,low,False,False,False,False,14.45,19,False,True,False,False,False,False,18.83,9.12,False,True,True,True,True,False
AST-00874,change_of_mind,email,south,low,False,False,False,False,24.14,17,False,True,False,False,False,False,13.07,7.24,True,True,True,True,True,False
AST-00875,wrong_item,chat,south,medium,False,False,False,False,39.63,23,False,True,False,False,True,False,17.01,9.66,False,True,True,True,True,False
AST-00876,damaged_item,chat,south,medium,False,False,False,False,70.57,40,False,True,False,False,True,False,20.43,11.49,True,True,True,True,False,False
AST-00877,wrong_item,chat,north,low,False,False,True,False,43.38,14,False,True,False,False,True,False,15.59,7.97,True,True,True,True,False,False
AST-00878,change_of_mind,phone,london,low,False,False,False,False,62.63,26,False,True,False,False,False,False,11.03,4.79,True,True,True,True,False,False
AST-00879,wrong_item,email,london,medium,False,False,False,False,21.94,50,False,True,False,False,True,False,22.89,14.02,True,True,True,True,False,False
AST-00880,late_delivery,chat,london,low,False,False,False,False,33.12,4,False,True,False,False,False,False,11.51,5.39,True,True,False,True,False,False
AST-00881,damaged_item,phone,north,high,False,False,False,True,31.27,42,False,True,False,False,True,False,22.38,14.79,True,True,True,True,False,False
AST-00882,change_of_mind,email,midlands,low,False,False,False,True,104.91,18,False,True,False,True,False,False,13.99,8.23,False,True,True,True,True,True
AST-00883,late_delivery,chat,london,low,True,False,True,False,33.42,49,True,True,True,True,False,False,15.76,10.07,True,True,True,True,False,False
AST-00884,warranty,email,midlands,low,False,False,False,False,63.83,6,True,True,True,True,False,False,18.93,12.61,True,True,True,True,False,False
AST-00885,damaged_item,email,south,medium,False,False,False,False,27.08,16,False,True,False,False,True,False,23.05,14.15,True,True,False,True,False,False
AST-00886,warranty,phone,midlands,low,False,False,False,False,60.21,17,True,True,True,True,False,False,14.39,10.02,True,True,True,True,False,False
AST-00887,change_of_mind,chat,london,medium,False,False,False,True,32.76,17,False,True,True,True,False,False,23.35,15.37,True,False,True,True,True,True
AST-00888,late_delivery,chat,south,medium,False,False,False,True,63.12,22,False,True,True,True,False,False,21.04,12.88,True,True,True,True,False,False
AST-00889,missing_refund,phone,south,low,False,False,False,False,33.14,35,False,True,False,False,True,False,14.71,8.48,False,True,True,True,True,False
AST-00890,wrong_item,phone,south,high,False,True,False,True,115.47,16,True,False,True,True,True,False,24.87,17.97,False,True,True,True,True,False
AST-00891,late_delivery,chat,south,low,False,False,False,False,28.6,34,False,True,False,False,False,False,11.94,6.69,True,True,True,True,False,False
AST-00892,missing_refund,phone,london,medium,False,False,True,True,33.41,12,False,True,True,True,True,False,29.11,18.27,True,False,True,True,False,True
AST-00893,late_delivery,chat,midlands,medium,False,False,False,False,47.52,3,False,False,False,False,False,False,18.7,10.98,False,True,True,True,True,False
AST-00894,warranty,chat,midlands,low,False,False,False,True,63.45,85,True,True,True,True,False,False,16.25,11.27,False,True,True,True,True,False
AST-00895,damaged_item,email,south,low,False,False,False,False,92.98,21,False,True,False,False,True,False,16.04,8.45,True,True,True,True,False,False
AST-00896,change_of_mind,email,london,medium,False,False,False,False,51.86,46,False,True,False,False,False,False,20.96,13.13,False,True,True,True,True,False
AST-00897,late_delivery,email,london,medium,False,False,False,True,15.64,6,False,True,True,True,False,False,27.37,17.78,False,True,True,True,True,False
AST-00898,damaged_item,email,south,medium,False,False,False,True,62.73,24,False,True,False,False,True,False,20.05,12.47,True,True,True,True,False,False
AST-00899,wrong_item,phone,south,medium,False,False,False,False,53.76,18,False,True,False,False,True,False,18.69,11.86,True,True,True,True,False,False
AST-00900,missing_refund,phone,london,high,True,False,False,False,25.87,13,True,True,True,True,True,False,22.78,17.15,True,True,True,True,False,False
AST-00901,change_of_mind,email,midlands,low,False,False,False,False,34.59,42,False,True,False,False,False,False,10.94,6.5,False,True,True,True,True,False
AST-00902,change_of_mind,phone,north,medium,False,False,True,True,39.2,6,False,True,False,False,False,False,21.65,13.63,True,True,True,True,False,False
AST-00903,damaged_item,chat,london,high,False,False,True,True,68.7,12,False,True,True,True,True,False,32.18,23.84,False,False,True,True,True,True
AST-00904,missing_refund,phone,north,high,False,False,True,False,37.39,17,False,True,False,False,True,False,24.88,17.41,False,True,True,True,True,False
AST-00905,late_delivery,chat,south,medium,False,False,False,False,139.18,7,False,False,False,True,False,False,17.72,11.52,False,True,False,True,True,False
AST-00906,late_delivery,email,south,medium,False,False,False,False,42.66,12,False,True,False,False,False,False,26.24,15.92,True,True,True,True,False,False
AST-00907,damaged_item,email,north,low,False,False,False,True,30.06,16,False,True,True,True,True,False,13.4,8.06,True,False,True,True,False,True
AST-00908,change_of_mind,email,midlands,medium,False,False,False,True,13.32,14,False,True,False,False,False,False,23.68,14.46,False,False,True,True,True,True
AST-00909,late_delivery,phone,london,high,False,True,False,False,71.43,24,True,True,False,False,False,False,25.95,18.74,True,False,False,True,False,True
AST-00910,wrong_item,chat,midlands,medium,False,False,False,False,70.4,78,False,True,False,False,True,False,19.39,12.32,True,True,False,True,False,False
AST-00911,warranty,email,south,medium,False,True,False,False,29.56,38,True,True,True,True,False,False,16.27,12.64,True,True,False,True,False,False
AST-00912,damaged_item,chat,london,medium,False,False,False,True,26.12,39,False,True,False,False,True,False,19.0,12.38,True,True,True,True,False,False
AST-00913,late_delivery,email,south,medium,False,False,False,False,60.99,5,False,True,False,False,False,False,18.39,11.01,True,True,True,True,False,False
AST-00914,late_delivery,email,south,low,False,False,False,False,66.09,25,False,True,False,False,False,False,14.77,8.29,False,True,True,True,True,False
AST-00915,change_of_mind,chat,north,low,False,False,False,True,67.15,21,False,True,False,False,False,False,15.78,8.59,False,True,True,True,True,False
AST-00916,wrong_item,chat,london,low,False,False,False,True,18.32,7,False,True,False,False,True,False,19.18,9.86,False,True,False,True,True,False
AST-00917,warranty,email,south,low,False,False,True,False,25.38,26,True,True,True,True,False,False,20.68,14.29,True,True,True,True,False,False
AST-00918,late_delivery,phone,north,low,False,False,True,False,118.36,44,False,True,False,True,False,False,20.46,11.41,True,True,True,True,True,False
AST-00919,late_delivery,chat,london,medium,True,False,False,False,20.75,13,True,True,True,True,False,False,25.16,17.72,True,True,True,True,False,False
AST-00920,damaged_item,chat,south,medium,False,False,False,False,45.59,53,False,True,False,False,True,False,23.59,13.21,True,True,True,True,False,False
AST-00921,missing_refund,chat,south,low,False,False,False,False,11.57,36,False,True,False,False,True,False,11.47,6.09,True,True,True,True,False,False
AST-00922,late_delivery,email,london,low,False,False,False,False,100.21,57,False,True,False,True,False,False,16.8,9.37,True,True,True,True,False,False
AST-00923,change_of_mind,phone,north,low,False,False,False,True,73.73,51,False,True,True,True,False,False,14.67,9.66,False,True,True,True,True,False
AST-00924,missing_refund,chat,midlands,medium,False,False,False,False,23.32,101,False,True,False,False,True,False,22.42,12.89,False,True,False,True,True,False
AST-00925,missing_refund,chat,south,medium,False,False,True,True,64.28,57,False,True,False,False,True,False,29.03,19.16,True,False,True,True,False,True
AST-00926,change_of_mind,chat,london,high,False,False,False,False,44.44,23,False,True,False,False,False,False,19.96,12.3,False,False,True,True,True,True
AST-00927,damaged_item,chat,north,medium,False,False,False,False,41.3,17,False,True,False,False,True,False,20.04,12.99,True,False,True,True,False,True
AST-00928,change_of_mind,chat,south,medium,False,True,False,True,19.38,10,True,True,True,True,False,False,24.26,16.42,True,True,True,True,False,False
AST-00929,damaged_item,chat,london,high,False,False,False,False,66.56,71,False,False,False,False,True,False,24.46,17.11,True,True,True,True,True,False
AST-00930,damaged_item,email,midlands,low,False,False,False,False,54.12,21,False,True,False,False,True,False,9.66,6.17,True,True,True,True,False,False
AST-00931,wrong_item,email,midlands,medium,False,False,False,False,21.77,41,False,True,False,False,True,False,19.99,13.93,True,True,True,True,False,False
AST-00932,warranty,email,north,medium,False,False,False,True,51.47,25,True,True,True,True,False,False,24.38,17.77,True,False,True,True,False,True
AST-00933,late_delivery,chat,midlands,medium,False,False,True,False,58.82,4,False,True,False,False,False,False,18.64,11.49,True,True,False,True,False,False
AST-00934,late_delivery,phone,midlands,high,False,False,True,False,66.56,21,False,True,False,False,False,False,33.6,22.52,False,True,True,True,True,False
AST-00935,late_delivery,phone,north,medium,False,False,False,False,107.61,22,False,True,False,True,False,False,21.64,14.68,True,True,False,True,False,False
AST-00936,missing_refund,phone,midlands,high,False,False,False,False,20.77,35,False,True,False,False,True,False,24.83,16.62,False,True,True,True,True,False
AST-00937,change_of_mind,phone,south,medium,False,False,False,False,29.56,6,False,True,False,False,False,False,19.84,12.39,True,True,True,True,False,False
AST-00938,late_delivery,phone,south,high,False,True,True,False,29.19,23,True,True,True,True,False,False,25.5,19.48,True,True,False,True,False,False
AST-00939,change_of_mind,email,north,low,False,False,True,False,86.78,8,False,True,False,False,False,False,17.04,9.71,True,True,True,True,False,False
AST-00940,late_delivery,phone,north,medium,False,False,True,False,105.08,50,False,True,False,True,False,False,23.24,15.0,False,True,False,True,True,False
AST-00941,damaged_item,email,london,low,False,False,False,True,106.15,11,False,True,True,True,True,False,21.77,14.17,True,True,True,True,False,False
AST-00942,damaged_item,phone,south,medium,False,False,False,True,18.46,12,False,True,False,False,True,False,19.57,10.71,False,True,False,True,True,False
AST-00943,wrong_item,phone,midlands,low,True,False,False,False,37.29,48,True,True,True,True,True,False,13.37,10.03,True,True,True,True,True,False
AST-00944,change_of_mind,chat,london,medium,True,False,False,False,109.88,36,True,False,True,True,False,False,15.32,11.5,False,True,True,True,True,False
AST-00945,damaged_item,chat,north,low,False,False,False,False,28.37,33,False,True,False,False,True,False,16.51,9.12,True,True,True,True,False,False
AST-00946,late_delivery,email,south,low,False,False,False,False,33.65,9,False,True,False,False,False,False,11.97,7.48,True,True,True,True,False,False
AST-00947,change_of_mind,phone,north,medium,False,False,False,False,30.71,31,False,True,False,False,False,False,20.13,11.42,True,True,True,True,False,False
AST-00948,change_of_mind,chat,midlands,medium,False,False,False,False,27.59,6,False,True,False,False,False,False,26.1,14.98,True,True,False,True,False,False
AST-00949,wrong_item,phone,south,low,False,False,False,False,31.8,21,False,True,False,False,True,False,18.47,10.24,False,True,True,True,True,False
AST-00950,wrong_item,chat,north,medium,False,True,False,True,37.66,68,True,True,True,True,True,False,21.17,13.96,True,True,True,True,False,False
AST-00951,missing_refund,chat,south,low,False,False,False,False,34.44,68,False,True,False,False,True,False,13.82,7.21,True,True,True,True,False,False
AST-00952,warranty,email,north,low,False,False,False,True,135.95,50,True,True,True,True,False,False,15.8,11.53,True,True,True,True,False,False
AST-00953,wrong_item,chat,london,high,False,False,False,False,67.22,14,False,True,False,False,True,False,24.76,17.53,True,False,True,True,False,True
AST-00954,damaged_item,phone,south,medium,False,False,False,True,115.84,5,False,True,False,True,True,False,19.98,11.84,False,True,True,True,True,False
AST-00955,change_of_mind,phone,south,medium,False,False,False,False,30.77,12,False,True,False,False,False,False,19.88,13.19,False,True,True,True,True,False
AST-00956,late_delivery,chat,north,low,False,False,False,False,47.25,50,False,True,False,False,False,False,15.52,8.6,True,True,True,True,False,False
AST-00957,warranty,phone,london,medium,False,False,True,True,76.73,18,True,True,True,True,False,False,31.79,21.07,True,True,True,True,False,False
AST-00958,missing_refund,phone,midlands,low,False,False,False,True,31.61,9,False,True,True,True,True,False,16.69,11.51,True,True,True,True,False,False
AST-00959,warranty,chat,midlands,medium,False,False,False,False,54.26,33,True,True,True,True,False,False,16.37,11.8,True,True,False,True,False,False
AST-00960,wrong_item,email,south,low,False,False,False,False,25.78,10,False,True,False,False,True,False,15.49,8.45,True,True,True,True,False,False
AST-00961,missing_refund,phone,london,high,False,False,False,False,40.12,30,False,True,False,False,True,False,27.39,19.29,False,True,True,True,True,False
AST-00962,damaged_item,email,midlands,medium,False,False,False,False,71.06,26,False,True,False,False,True,False,15.24,8.87,True,True,True,True,False,False
AST-00963,wrong_item,email,london,medium,False,False,True,True,130.79,48,False,True,False,True,True,False,28.22,16.98,False,True,True,True,True,False
AST-00964,change_of_mind,chat,midlands,high,False,False,False,True,63.68,131,False,True,False,False,False,False,21.96,15.5,True,False,True,True,False,True
AST-00965,late_delivery,phone,midlands,low,True,False,False,True,8.87,25,True,True,True,True,False,False,13.87,9.07,True,True,True,True,False,False
AST-00966,wrong_item,email,midlands,low,False,False,False,False,48.6,12,False,True,False,False,True,False,16.01,8.92,True,True,True,True,False,False
AST-00967,missing_refund,email,south,high,True,True,False,False,102.29,47,True,True,True,True,True,False,20.77,16.29,False,True,True,True,True,False
AST-00968,late_delivery,email,london,high,False,False,False,False,11.06,17,False,True,False,False,False,False,23.05,15.9,True,True,True,True,True,False
AST-00969,wrong_item,chat,london,low,False,False,False,False,14.02,12,False,True,False,False,True,False,18.75,9.78,False,True,True,True,True,False
AST-00970,missing_refund,chat,london,medium,False,False,True,False,37.15,13,False,True,False,False,True,False,25.41,14.91,True,False,False,True,False,True
AST-00971,wrong_item,phone,north,low,False,False,False,False,53.11,46,False,True,False,False,True,False,14.44,7.19,True,True,False,True,False,False
AST-00972,late_delivery,email,midlands,medium,False,False,False,False,54.03,17,False,True,False,False,False,False,20.87,13.33,False,False,True,True,True,True
AST-00973,late_delivery,email,london,medium,False,False,False,True,17.69,20,False,True,False,False,False,False,26.9,16.42,False,True,True,True,True,False
AST-00974,late_delivery,chat,midlands,medium,False,False,False,False,12.03,5,False,True,False,False,False,False,22.65,12.93,True,True,False,True,True,False
AST-00975,damaged_item,chat,south,low,False,False,False,False,15.42,38,False,True,False,False,True,False,10.72,5.15,False,True,True,True,True,False
AST-00976,wrong_item,chat,south,low,False,False,False,True,22.44,27,False,True,True,True,True,False,14.99,9.38,True,True,True,True,False,False
AST-00977,late_delivery,chat,south,low,False,False,False,False,52.05,28,False,True,False,False,False,False,11.86,7.16,True,True,True,True,False,True
AST-00978,late_delivery,chat,south,high,False,False,False,True,28.66,19,False,True,False,False,False,False,27.9,19.02,False,True,True,True,True,False
AST-00979,late_delivery,phone,south,high,False,False,True,False,92.47,48,False,True,False,False,False,False,28.2,19.42,False,False,True,True,True,True
AST-00980,warranty,phone,south,low,False,False,False,False,20.75,20,True,True,True,True,False,False,13.17,9.17,True,True,True,True,False,False
AST-00981,late_delivery,email,north,low,False,False,False,False,52.54,25,False,True,False,False,False,False,11.96,7.52,True,True,True,True,False,False
AST-00982,change_of_mind,email,london,high,True,False,False,True,11.85,13,True,True,True,True,False,False,24.87,18.44,False,False,True,True,True,True
AST-00983,wrong_item,email,north,low,False,False,False,False,134.84,25,False,True,False,True,True,False,12.67,8.8,False,True,True,True,True,False
AST-00984,wrong_item,chat,north,medium,False,False,True,False,25.27,52,False,True,False,False,True,False,22.48,13.6,False,True,True,True,True,False
AST-00985,damaged_item,chat,north,high,False,False,False,False,18.12,20,False,True,False,False,True,False,20.96,13.67,False,True,True,True,True,False
AST-00986,change_of_mind,phone,midlands,medium,False,True,False,False,8,8,True,True,True,True,False,False,21.47,15.4,True,True,True,True,False,False
AST-00987,change_of_mind,chat,south,medium,False,False,True,False,104.61,21,False,True,False,True,False,False,24.51,14.57,False,True,True,True,True,False
AST-00988,warranty,email,london,medium,False,False,True,False,72.78,37,True,True,True,True,False,False,28.67,19.61,True,True,True,False,False,False
AST-00989,wrong_item,chat,midlands,low,False,False,False,False,46.42,14,False,True,False,False,True,False,19.54,11.65,False,True,True,True,True,False
AST-00990,late_delivery,email,north,low,False,False,False,True,36.01,13,False,True,True,True,False,False,11.97,7.99,False,True,True,True,True,False
AST-00991,change_of_mind,phone,south,medium,False,False,True,False,32.55,79,False,True,False,False,False,False,16.94,10.11,True,True,False,True,False,False
AST-00992,missing_refund,email,london,medium,False,False,True,True,22.34,32,False,True,False,False,True,False,21.76,12.26,False,True,True,True,True,False
AST-00993,damaged_item,email,midlands,high,False,False,True,False,99.6,28,False,True,False,False,True,False,29.18,19.32,False,True,True,True,True,False
AST-00994,missing_refund,chat,midlands,medium,False,False,True,False,67.47,20,False,True,False,False,True,False,22.22,13.88,False,True,True,True,True,False
AST-00995,damaged_item,email,london,low,False,True,False,False,50.33,44,True,True,True,True,True,False,15.26,10.9,True,True,True,True,False,False
AST-00996,wrong_item,chat,north,medium,False,False,False,False,19.83,33,False,True,False,False,True,False,21.39,12.76,True,True,True,True,False,False
AST-00997,late_delivery,chat,midlands,medium,False,False,False,False,12.73,71,False,True,False,False,False,False,20.04,13.95,True,True,True,True,False,False
AST-00998,change_of_mind,chat,south,medium,False,False,False,False,22.36,17,False,True,False,False,False,False,18.96,10.53,False,True,True,True,True,False
AST-00999,change_of_mind,email,south,low,False,False,False,False,32.91,54,False,True,False,False,False,False,13.88,8.26,True,True,True,True,False,False
AST-01000,late_delivery,email,south,high,False,False,False,True,34.69,129,False,True,True,True,False,False,26.51,19.98,True,True,True,True,False,False
AST-01001,missing_refund,chat,north,high,False,False,False,False,69.72,43,False,True,False,False,True,False,23.77,15.92,False,False,True,True,True,True
AST-01002,warranty,phone,south,medium,False,False,False,False,42.06,21,True,True,True,True,False,False,14.78,10.4,False,True,True,True,True,False
AST-01003,damaged_item,chat,south,low,False,False,False,False,81.47,35,False,True,False,False,True,False,13.22,6.84,True,True,True,True,True,False
AST-01004,late_delivery,phone,north,low,False,False,False,False,21.38,33,False,True,False,False,False,False,11.66,6.4,True,True,True,True,False,False
AST-01005,change_of_mind,chat,london,medium,False,False,False,False,123.18,17,False,True,False,True,False,False,15.24,9.24,False,False,True,True,True,True
AST-01006,warranty,email,north,low,False,False,False,True,54.63,23,True,True,True,True,False,False,17.63,11.18,True,True,False,True,False,False
AST-01007,late_delivery,email,london,low,True,False,False,False,32.09,42,True,True,True,True,False,False,15.93,10.21,True,True,True,True,False,False
AST-01008,damaged_item,phone,midlands,low,False,False,False,False,21.1,38,False,True,False,False,True,False,12.55,5.92,True,True,True,True,False,False
AST-01009,change_of_mind,email,london,medium,False,False,True,False,40.69,29,False,True,False,False,False,False,25.0,15.77,True,True,True,True,False,False
AST-01010,missing_refund,chat,north,low,False,False,True,False,277.88,18,True,True,True,True,True,False,14.17,8.24,True,True,True,True,False,False
AST-01011,damaged_item,phone,midlands,low,False,False,False,False,67.91,17,False,True,False,False,True,False,11.59,5.68,True,True,True,True,False,False
AST-01012,damaged_item,chat,north,low,False,False,False,False,36.83,38,False,True,False,False,True,False,13.7,7.76,True,True,True,True,False,False
AST-01013,late_delivery,email,north,low,False,False,False,False,45.85,64,False,True,False,False,False,False,12.6,7.93,True,True,False,True,False,False
AST-01014,late_delivery,chat,north,medium,False,False,False,False,35.04,15,False,True,False,False,False,False,20.25,13.74,True,False,True,True,False,True
AST-01015,change_of_mind,chat,north,low,False,False,False,True,111.49,18,False,True,False,True,False,False,14.48,6.93,True,True,True,True,False,False
AST-01016,change_of_mind,email,north,medium,False,False,False,False,28.7,53,False,True,False,False,False,False,17.24,10.71,False,True,True,True,True,False
AST-01017,damaged_item,chat,south,medium,False,False,False,True,31.29,77,False,True,False,False,True,False,23.38,14.25,False,True,False,True,True,False
AST-01018,change_of_mind,chat,south,medium,True,False,False,False,51.94,7,True,True,True,True,False,False,21.84,15.61,True,True,True,True,False,False
AST-01019,late_delivery,chat,london,medium,False,False,True,False,96.24,6,False,True,False,False,False,False,21.44,11.93,True,True,True,True,False,False
AST-01020,damaged_item,chat,midlands,high,False,False,True,False,54.35,27,False,True,False,False,True,False,22.14,15.31,False,True,False,True,True,True
AST-01021,change_of_mind,email,south,medium,False,False,False,True,35.64,19,False,True,True,True,False,False,21.12,13.71,False,True,True,True,True,False
AST-01022,damaged_item,email,north,medium,False,False,False,False,20.74,30,False,True,False,False,True,False,22.54,14.07,True,False,True,True,False,True
AST-01023,late_delivery,chat,london,medium,False,False,False,False,33.31,29,False,True,False,False,False,False,19.3,12.42,False,True,True,True,True,False
AST-01024,late_delivery,chat,midlands,medium,False,False,False,False,65.18,14,False,True,False,False,False,False,20.76,13.55,True,True,True,True,False,False
AST-01025,missing_refund,chat,london,medium,True,False,False,True,98.0,25,True,True,True,True,True,False,20.02,13.73,True,True,True,True,False,False
AST-01026,warranty,phone,london,low,False,False,False,False,16.37,22,True,True,True,True,False,False,12.45,9.94,True,True,True,True,False,False
AST-01027,late_delivery,chat,south,medium,False,False,False,False,12.33,27,False,True,False,False,False,False,21.81,12.36,True,True,True,True,False,False
AST-01028,change_of_mind,chat,london,low,False,False,False,False,138.43,44,False,True,False,True,False,False,10.19,4.92,True,True,True,True,False,False
AST-01029,wrong_item,email,north,medium,False,False,False,True,11.27,61,False,True,True,True,True,False,17.57,11.99,True,True,False,True,False,False
AST-01030,damaged_item,email,south,low,False,False,True,False,24.47,4,False,True,False,False,True,False,17.09,9.61,True,True,True,True,False,False
AST-01031,change_of_mind,email,midlands,medium,False,False,False,False,41.4,31,False,True,False,False,False,False,22.13,13.28,False,True,True,True,True,False
AST-01032,missing_refund,email,london,medium,False,False,False,False,85.27,30,False,True,False,False,True,False,21.21,13.39,True,True,True,True,False,False
AST-01033,late_delivery,chat,midlands,low,False,False,False,False,38.74,20,False,True,False,False,False,False,8.58,5.04,True,True,True,True,False,False
AST-01034,wrong_item,chat,south,medium,True,False,False,False,34.07,15,True,True,True,True,True,False,19.89,13.75,False,True,True,True,True,False
AST-01035,damaged_item,chat,north,medium,False,False,False,False,78.94,29,False,True,False,False,True,False,16.8,10.55,True,True,True,True,False,False
AST-01036,damaged_item,phone,south,medium,False,False,True,True,107.94,18,False,True,False,True,True,False,28.73,18.39,False,True,False,True,True,False
AST-01037,damaged_item,phone,midlands,medium,False,False,False,False,49.36,25,False,True,False,False,True,False,19.2,11.96,True,True,True,True,False,False
AST-01038,wrong_item,email,midlands,low,False,False,False,False,83.27,48,False,True,False,False,True,False,15.45,8.57,True,True,True,True,False,False
AST-01039,warranty,chat,south,low,False,False,False,True,21.33,13,True,True,True,True,False,False,18.08,12.64,True,True,True,True,False,False
AST-01040,missing_refund,chat,london,low,False,False,False,True,39.11,7,False,True,False,False,True,False,24.91,12.47,False,True,True,True,True,False
AST-01041,late_delivery,email,south,high,False,False,False,False,15.74,19,False,True,False,False,False,False,26.47,18.35,True,True,True,True,False,False
AST-01042,damaged_item,phone,south,medium,True,False,True,True,71.59,12,True,True,True,True,True,False,25.55,17.36,False,True,False,True,True,False
AST-01043,change_of_mind,email,midlands,low,False,False,False,False,78.41,41,False,True,False,False,False,False,15.89,9.78,True,True,True,True,False,False
AST-01044,missing_refund,phone,south,low,False,False,False,False,158.34,34,False,True,False,True,True,False,14.09,7.52,True,True,True,True,False,False
AST-01045,late_delivery,phone,south,low,True,False,False,False,95.43,18,True,True,False,False,False,False,13.6,6.77,True,True,True,True,False,False
AST-01046,change_of_mind,chat,north,low,False,False,False,False,84.48,52,False,True,False,False,False,False,16.91,8.75,False,True,True,True,True,False
AST-01047,late_delivery,chat,london,high,False,False,False,False,52.94,15,False,True,False,False,False,False,20.26,13.52,False,False,True,True,True,True
AST-01048,late_delivery,chat,london,medium,False,False,False,False,45.15,25,False,True,False,False,False,False,15.98,9.6,True,True,True,True,False,False
AST-01049,damaged_item,phone,london,low,False,False,False,True,69.36,18,False,True,False,False,True,False,15.39,9.42,True,True,False,True,False,False
AST-01050,wrong_item,chat,north,low,True,False,False,False,20.29,56,True,True,True,True,True,False,16.24,12.66,True,True,True,True,False,True
AST-01051,wrong_item,chat,south,low,False,False,False,False,129.31,12,False,True,False,True,True,False,13.33,7.17,False,True,True,True,True,False
AST-01052,missing_refund,chat,midlands,medium,False,False,False,False,56.05,40,False,True,False,False,True,False,20.4,14.11,True,False,True,True,False,True
AST-01053,late_delivery,phone,midlands,medium,False,False,True,False,38.2,3,False,True,False,False,False,False,26.72,16.68,True,True,True,True,False,False
AST-01054,late_delivery,phone,london,high,False,False,False,False,114.18,7,False,True,False,True,False,False,26.78,16.4,True,True,False,True,False,False
AST-01055,missing_refund,email,midlands,low,False,False,False,False,56.23,15,False,True,False,False,True,False,14.65,7.41,True,True,True,True,False,False
AST-01056,change_of_mind,chat,north,low,False,False,False,False,111.43,15,False,True,False,True,False,False,12.0,5.51,True,True,True,True,False,False
AST-01057,missing_refund,email,south,medium,False,False,False,False,32.99,27,False,True,False,False,True,False,13.91,8.1,True,True,True,True,False,False
AST-01058,change_of_mind,phone,north,low,False,False,False,False,56.0,18,False,True,False,False,False,False,14.5,8.43,True,True,True,True,False,False
AST-01059,missing_refund,chat,london,medium,False,False,False,False,34.41,9,False,True,False,False,True,False,24.46,13.67,True,True,False,True,False,False
AST-01060,change_of_mind,phone,london,medium,False,False,False,False,46.42,60,False,True,False,False,False,False,18.43,11.73,True,True,True,True,False,False
AST-01061,late_delivery,chat,south,medium,False,False,False,False,19.93,19,False,True,False,False,False,False,19.96,11.94,True,True,False,True,False,False
AST-01062,wrong_item,chat,midlands,low,True,False,False,False,32.07,62,True,True,True,True,True,False,18.0,11.43,True,True,True,True,False,False
AST-01063,change_of_mind,phone,london,low,False,False,False,False,45.81,18,False,True,False,False,False,False,15.1,8.6,True,True,True,True,False,False
AST-01064,late_delivery,email,midlands,high,False,False,False,True,183.98,15,False,True,True,True,False,False,27.48,20.75,True,False,True,True,False,True
AST-01065,change_of_mind,chat,north,high,False,False,False,False,80.8,28,False,True,False,False,False,False,20.07,13.86,True,True,False,True,False,False
AST-01066,damaged_item,chat,north,medium,False,False,False,False,33.93,29,False,False,False,False,True,False,16.15,10.33,False,False,True,True,True,True
AST-01067,late_delivery,chat,south,medium,False,False,True,False,63.19,7,False,True,False,False,False,False,17.31,10.35,False,True,True,True,True,False
AST-01068,damaged_item,phone,midlands,low,False,False,False,False,123.2,28,False,True,False,True,True,False,18.52,9.93,True,True,True,True,False,False
AST-01069,late_delivery,phone,london,medium,False,False,False,False,43.33,32,False,True,False,False,False,False,18.6,12.29,False,True,False,True,True,False
AST-01070,change_of_mind,phone,south,medium,False,False,False,False,40.08,41,False,True,False,False,False,False,19.09,10.42,False,True,True,True,True,False
AST-01071,wrong_item,chat,london,low,False,False,False,False,46.46,27,False,True,False,False,True,False,15.69,9.06,True,True,True,True,False,False
AST-01072,late_delivery,email,south,low,False,False,False,True,68.82,63,False,True,False,False,False,False,15.53,9.3,True,True,True,True,False,False
AST-01073,wrong_item,chat,london,low,False,False,False,False,24.34,50,False,True,False,False,True,False,24.16,12.71,True,True,True,True,False,False
AST-01074,wrong_item,email,midlands,low,False,False,False,False,27.91,17,False,True,False,False,True,False,15.15,7.22,False,True,True,True,True,False
AST-01075,wrong_item,phone,north,low,False,True,False,False,78.96,4,True,True,True,True,True,False,9.33,6.92,True,True,True,True,False,False
AST-01076,missing_refund,chat,south,low,False,False,False,True,23.14,30,False,True,False,False,True,False,18.59,9.7,True,True,True,True,False,False
AST-01077,change_of_mind,email,london,high,False,False,False,False,21.4,23,False,True,False,False,False,False,25.33,16.48,False,False,True,True,True,True
AST-01078,change_of_mind,email,london,medium,False,False,False,True,130.81,23,False,True,False,True,False,False,23.56,14.27,False,True,True,True,True,False
AST-01079,change_of_mind,chat,london,low,False,False,True,False,12.99,16,False,True,False,False,False,False,22.55,13.29,True,True,True,False,False,False
AST-01080,late_delivery,chat,north,low,False,False,False,False,33.05,11,False,True,False,False,False,False,17.05,8.59,True,True,True,True,False,False
AST-01081,warranty,email,london,low,False,False,False,False,85.11,4,True,True,True,True,False,False,15.56,10.36,True,True,True,True,False,False
AST-01082,late_delivery,phone,london,low,False,False,False,True,137.97,72,False,True,False,True,False,False,21.63,11.86,True,True,False,True,False,False
AST-01083,damaged_item,phone,north,low,False,False,False,False,30.78,44,False,True,False,False,True,False,12.47,6.66,True,True,True,True,False,False
AST-01084,wrong_item,chat,midlands,low,False,False,False,True,39.65,67,False,True,False,False,True,False,14.47,6.65,True,True,True,True,False,False
AST-01085,wrong_item,phone,north,medium,False,False,False,True,22.52,14,False,True,False,False,True,False,24.77,13.48,False,True,True,True,True,False
AST-01086,late_delivery,email,london,low,False,False,False,True,64.45,30,False,True,False,False,False,False,18.3,10.77,True,True,True,True,False,False
AST-01087,late_delivery,phone,north,medium,False,False,False,True,32.14,23,False,True,False,False,False,False,20.04,12.27,True,True,False,True,False,False
AST-01088,damaged_item,chat,london,low,False,False,False,False,43.24,15,False,True,False,False,True,False,16.18,9.32,True,True,True,True,False,False
AST-01089,change_of_mind,chat,midlands,low,True,False,False,False,23.3,33,True,True,True,True,False,False,17.15,12.69,True,True,True,True,False,False
AST-01090,change_of_mind,chat,south,low,False,False,False,False,68.15,3,False,True,False,False,False,False,13.75,8.34,True,True,True,True,False,False
AST-01091,change_of_mind,chat,north,low,False,False,False,False,68.02,28,False,True,False,False,False,False,13.11,6.19,True,True,True,True,False,False
AST-01092,wrong_item,chat,south,medium,True,False,False,False,83.18,22,True,True,True,True,True,False,23.93,15.75,True,True,True,True,False,False
AST-01093,change_of_mind,phone,north,low,False,False,False,False,97.26,14,False,True,False,False,False,False,11.04,7.06,True,True,True,True,False,False
AST-01094,late_delivery,chat,midlands,low,False,False,True,False,10.92,41,False,True,False,False,False,False,19.38,10.49,True,True,True,True,False,False
AST-01095,change_of_mind,chat,midlands,low,False,False,True,False,58.15,31,False,True,False,False,False,False,19.33,11.19,True,True,True,True,False,False
AST-01096,change_of_mind,phone,north,low,False,False,False,True,119.18,33,False,True,False,True,False,False,19.0,9.17,True,True,True,True,False,False
AST-01097,late_delivery,email,north,high,False,False,True,False,35.91,92,False,True,False,False,False,False,25.2,17.65,False,True,True,True,True,False
AST-01098,missing_refund,phone,london,low,False,False,False,True,48.64,7,False,True,False,False,True,False,19.75,11.7,True,True,True,True,False,False
AST-01099,change_of_mind,chat,london,medium,False,False,False,False,27.65,63,False,True,False,False,False,False,17.5,10.12,False,True,True,True,True,False
AST-01100,change_of_mind,email,london,medium,False,False,True,True,127.04,24,False,True,True,True,False,False,26.29,17.69,False,False,False,True,True,True
AST-01101,wrong_item,email,midlands,low,False,False,True,False,54.23,55,False,True,False,False,True,False,15.72,8.56,True,True,False,True,False,False
AST-01102,change_of_mind,phone,midlands,low,False,True,False,False,40.69,10,True,True,True,True,False,False,20.2,11.86,False,True,True,True,True,False
AST-01103,late_delivery,email,midlands,low,False,False,False,False,102.7,43,False,True,False,True,False,False,10.88,6.17,True,True,True,True,False,False
AST-01104,missing_refund,email,north,medium,False,False,False,True,8,28,False,True,False,False,True,False,25.06,15.5,True,True,True,True,False,False
AST-01105,change_of_mind,chat,north,medium,False,False,False,False,27.29,13,False,True,False,False,False,False,20.41,13.01,True,False,True,True,False,True
AST-01106,missing_refund,phone,south,medium,False,False,False,False,47.38,27,False,True,False,False,True,False,22.77,14.46,True,True,False,True,False,False
AST-01107,change_of_mind,chat,london,low,False,False,False,False,22.38,35,False,True,False,False,False,False,15.87,8.3,False,True,True,True,True,False
AST-01108,damaged_item,chat,midlands,low,False,False,False,True,27.23,26,False,True,False,False,True,False,17.75,9.5,True,True,True,True,False,False
AST-01109,missing_refund,chat,north,medium,False,False,False,False,159.24,25,False,True,False,True,True,False,18.88,12.02,True,True,True,True,False,False
AST-01110,damaged_item,chat,midlands,medium,True,True,False,True,38.11,29,True,True,True,True,True,False,22.74,14.24,True,False,True,True,False,True
AST-01111,damaged_item,chat,south,high,True,False,False,False,159.51,22,True,True,False,True,True,False,24.05,16.38,True,False,False,True,False,True
AST-01112,change_of_mind,chat,north,high,False,False,True,False,12.22,50,False,True,False,False,False,False,28.32,19.11,True,False,True,True,False,True
AST-01113,damaged_item,phone,london,low,True,False,False,False,84.78,24,True,True,True,True,True,False,15.95,11.55,False,True,True,True,True,False
AST-01114,late_delivery,chat,london,medium,False,False,False,False,19.83,29,False,True,False,False,False,False,21.03,14.45,False,True,True,True,True,False
AST-01115,change_of_mind,chat,north,low,False,False,False,True,54.15,5,False,True,False,False,False,False,18.6,10.14,True,True,True,True,False,False
AST-01116,change_of_mind,phone,london,medium,False,False,False,False,76.38,18,False,True,False,False,False,False,17.39,10.83,False,True,True,True,True,False
AST-01117,late_delivery,chat,midlands,low,False,False,False,False,98.1,48,False,True,False,False,False,False,17.04,8.3,True,True,True,True,False,False
AST-01118,change_of_mind,chat,midlands,low,False,False,False,False,31.78,27,False,True,False,False,False,False,17.88,9.31,True,True,True,True,False,False
AST-01119,wrong_item,phone,north,low,False,False,True,False,12.67,28,False,True,False,False,True,False,19.58,10.97,True,True,True,True,False,False
AST-01120,wrong_item,phone,north,medium,False,False,False,False,81.88,44,False,True,False,False,True,False,17.58,11.08,True,True,True,True,False,False
AST-01121,late_delivery,email,south,low,False,False,False,False,46.64,65,False,True,False,False,False,False,13.24,6.82,True,True,True,True,False,False
AST-01122,change_of_mind,chat,london,low,False,False,False,False,27.06,50,False,True,False,False,False,False,16.85,9.02,True,True,True,True,False,False
AST-01123,damaged_item,phone,london,medium,False,False,False,False,68.25,19,False,True,False,False,True,False,21.47,12.53,True,True,True,True,False,False
AST-01124,change_of_mind,chat,north,medium,False,False,True,True,22.97,23,False,True,True,True,False,False,21.06,15.48,True,True,True,True,False,False
AST-01125,late_delivery,email,north,medium,False,False,False,True,68.43,13,False,True,False,False,False,False,20.67,12.33,True,True,False,True,False,False
AST-01126,warranty,email,london,medium,False,False,False,True,19.35,36,True,True,True,True,False,False,24.19,15.62,False,False,True,True,True,True
AST-01127,missing_refund,phone,london,low,False,False,False,False,180.92,41,False,True,False,True,True,False,16.46,9.47,False,True,True,True,True,False
AST-01128,missing_refund,email,london,medium,False,False,False,False,10.89,2,False,True,False,False,True,False,20.02,12.29,True,True,True,True,False,False
AST-01129,missing_refund,phone,london,medium,False,False,False,True,81.73,6,False,True,False,False,True,False,23.06,13.88,False,True,True,True,True,False
AST-01130,change_of_mind,email,north,low,False,False,False,False,128.32,10,False,True,False,True,False,False,18.84,9.28,True,True,True,True,False,False
AST-01131,warranty,chat,london,low,False,False,False,False,36.45,22,True,True,True,True,False,False,22.4,14.44,True,True,True,True,False,False
AST-01132,missing_refund,chat,north,low,False,False,False,False,27.54,29,False,True,False,False,True,False,11.15,5.07,True,True,False,True,False,False
AST-01133,late_delivery,chat,south,low,False,False,False,False,10.83,4,False,True,False,False,False,False,11.24,7.42,True,True,True,True,False,False
AST-01134,late_delivery,chat,london,low,False,False,False,True,136.23,14,False,True,False,True,False,False,16.51,9.57,True,True,False,True,False,False
AST-01135,late_delivery,phone,midlands,low,False,False,False,False,50.58,18,False,True,False,False,False,False,12.41,7.43,True,False,True,True,False,True
AST-01136,change_of_mind,chat,midlands,low,False,False,False,False,11.64,41,False,True,False,False,False,False,15.25,7.53,True,True,False,True,False,False
AST-01137,damaged_item,chat,london,high,True,True,False,True,26.39,26,True,True,True,True,True,False,25.95,18.86,False,True,True,True,True,False
AST-01138,wrong_item,chat,london,medium,False,False,False,False,51.36,4,False,True,False,False,True,False,20.0,10.55,True,True,True,True,False,False
AST-01139,wrong_item,phone,south,high,False,False,True,True,32.78,31,False,True,False,False,True,False,25.39,18.58,False,True,True,True,True,False
AST-01140,damaged_item,chat,london,high,False,False,False,False,56.13,16,False,True,False,False,True,False,28.1,19.49,True,True,True,True,False,False
AST-01141,missing_refund,email,north,high,False,False,False,False,67.17,7,False,True,False,False,True,False,25.79,16.2,True,True,True,True,False,False
AST-01142,change_of_mind,chat,london,low,False,False,True,False,42.5,37,False,True,False,False,False,False,18.52,9.43,False,True,False,True,True,False
AST-01143,wrong_item,chat,south,low,False,False,False,False,42.69,30,False,True,False,False,True,False,18.1,9.68,True,True,True,True,False,False
AST-01144,change_of_mind,phone,london,medium,False,False,False,False,46.6,10,False,True,False,False,False,False,18.19,11.8,True,True,True,True,False,False
AST-01145,change_of_mind,email,midlands,low,False,False,False,False,73.8,5,False,True,False,False,False,False,16.99,9.1,True,True,True,True,False,False
AST-01146,change_of_mind,phone,london,low,False,False,True,False,207.93,1,False,True,False,True,False,False,18.42,9.58,False,True,True,True,True,False
AST-01147,late_delivery,email,north,medium,False,False,False,True,15.8,20,False,True,False,False,False,False,23.44,15.42,True,True,True,True,False,False
AST-01148,missing_refund,phone,london,low,False,False,False,False,76.69,19,False,True,False,False,True,False,19.47,11.41,False,True,True,True,True,False
AST-01149,warranty,chat,south,medium,False,False,False,False,20.09,36,True,True,True,True,False,False,20.8,13.92,True,False,True,True,False,True
AST-01150,missing_refund,phone,london,medium,False,False,False,True,38.23,39,False,True,False,False,True,False,27.66,17.76,True,True,True,True,False,False
AST-01151,damaged_item,email,london,low,False,False,False,False,15.8,9,False,True,False,False,True,False,14.58,10.03,True,True,True,True,False,False
AST-01152,damaged_item,email,london,high,False,False,False,False,217.39,22,False,True,False,True,True,False,25.12,17.61,False,True,True,True,True,False
AST-01153,warranty,phone,midlands,low,False,False,False,False,87.13,13,True,True,False,False,False,False,14.42,8.62,True,True,True,True,False,False
AST-01154,change_of_mind,email,london,low,True,False,False,True,71.59,49,True,True,True,True,False,False,10.9,8.1,True,True,True,True,False,False
AST-01155,change_of_mind,phone,london,low,False,False,False,True,31.73,45,False,True,False,False,False,False,22.41,12.27,True,True,True,True,False,False
AST-01156,late_delivery,chat,london,low,False,False,True,False,19.68,15,False,True,False,False,False,False,22.09,11.89,True,True,True,True,False,False
AST-01157,damaged_item,phone,london,low,False,False,False,False,89.5,58,False,True,False,False,True,False,16.29,9.77,True,True,True,True,False,False
AST-01158,late_delivery,chat,london,medium,False,False,False,False,150.81,76,False,True,False,True,False,False,20.43,13.74,True,True,True,True,False,False
AST-01159,damaged_item,phone,north,medium,False,False,True,True,63.33,14,False,True,False,False,True,False,27.42,17.68,True,True,True,True,False,False
AST-01160,wrong_item,email,london,low,False,False,False,True,106.56,11,False,True,False,True,True,False,17.89,9.32,True,True,True,True,False,False
AST-01161,change_of_mind,email,midlands,medium,True,False,False,False,76.39,26,True,True,True,True,False,False,19.27,13.0,True,True,False,True,False,False
AST-01162,missing_refund,chat,south,medium,False,False,False,False,23.63,46,False,True,False,False,True,False,22.66,13.58,True,True,True,True,False,False
AST-01163,late_delivery,email,midlands,low,False,False,False,False,51.23,40,False,True,False,False,False,False,15.37,7.77,True,True,True,True,False,False
AST-01164,change_of_mind,chat,london,low,False,False,False,False,101.97,11,False,True,False,True,False,False,16.3,8.42,True,True,True,True,False,False
AST-01165,change_of_mind,phone,north,medium,False,False,False,False,101.52,7,False,True,False,True,False,False,17.48,12.17,True,True,True,True,False,False
AST-01166,change_of_mind,phone,midlands,low,True,False,True,True,87.69,20,True,True,True,True,False,False,22.58,15.52,False,True,True,True,True,False
AST-01167,wrong_item,chat,south,medium,True,True,False,False,121.77,48,True,True,True,True,True,False,18.67,13.49,True,True,True,True,False,False
AST-01168,missing_refund,email,london,high,False,False,False,False,19.5,3,False,False,False,False,True,False,22.37,16.24,True,True,True,True,False,False
AST-01169,damaged_item,chat,london,medium,False,False,False,False,374.54,48,True,True,True,True,True,False,23.08,15.42,False,True,True,True,True,False
AST-01170,missing_refund,email,london,low,True,False,True,False,36.71,1,True,True,True,True,True,False,21.61,14.01,True,True,True,True,False,False
AST-01171,missing_refund,chat,london,medium,False,False,False,False,114.74,50,False,True,False,True,True,False,17.86,11.44,True,True,False,True,False,False
AST-01172,missing_refund,phone,north,low,False,False,False,False,16.89,10,False,True,False,False,True,False,14.39,7.54,True,True,True,True,False,False
AST-01173,late_delivery,email,south,high,False,False,False,True,84.36,40,False,True,False,False,False,False,27.29,19.43,False,True,True,True,True,False
AST-01174,warranty,chat,south,high,False,False,False,True,55.74,32,True,True,True,True,False,False,25.36,18.39,True,True,True,True,False,False
AST-01175,late_delivery,chat,midlands,low,False,False,False,False,55.68,12,False,True,False,False,False,False,13.31,7.13,True,True,False,True,False,False
AST-01176,change_of_mind,phone,north,low,False,False,False,False,30.27,19,False,True,False,False,False,False,9.08,4.51,True,True,True,True,False,False
AST-01177,damaged_item,chat,midlands,low,False,False,False,False,68.08,5,False,True,False,False,True,False,18.47,8.57,True,True,True,True,False,False
AST-01178,late_delivery,phone,london,medium,False,False,False,False,32.52,29,False,True,False,False,False,False,18.8,11.16,True,True,True,True,False,False
AST-01179,change_of_mind,chat,midlands,low,False,False,False,False,42.03,63,False,True,False,False,False,False,11.96,6.59,True,True,False,True,False,False
AST-01180,wrong_item,chat,london,low,False,False,False,False,10.79,24,False,True,False,False,True,False,21.91,11.65,True,True,True,True,False,False
AST-01181,warranty,email,south,low,False,False,False,False,60.72,15,True,True,True,True,False,False,12.32,7.31,True,True,True,True,False,False
AST-01182,damaged_item,email,midlands,medium,False,False,False,False,19.64,9,False,True,False,False,True,False,18.9,12.74,True,True,True,True,False,False
AST-01183,wrong_item,email,midlands,medium,True,False,False,False,16.33,23,True,True,True,True,True,False,19.5,13.44,True,True,True,True,False,False
AST-01184,warranty,chat,london,medium,False,False,False,False,47.59,27,True,True,True,True,False,False,21.84,15.52,True,True,False,True,True,False
AST-01185,change_of_mind,chat,south,low,False,False,False,False,22.51,14,False,True,False,False,False,False,21.96,12.22,True,True,True,True,False,False
AST-01186,late_delivery,email,north,medium,False,False,False,False,154.01,21,False,True,False,True,False,False,15.46,10.32,False,True,True,True,True,False
AST-01187,late_delivery,chat,south,low,False,False,True,False,53.74,16,False,True,False,False,False,False,22.43,11.6,True,True,True,True,False,False
AST-01188,late_delivery,phone,south,medium,False,False,True,False,24.62,24,False,True,False,False,False,False,23.48,15.96,True,False,True,True,False,True
AST-01189,missing_refund,phone,north,low,False,False,False,True,38.19,13,False,True,False,False,True,False,19.0,8.72,True,True,True,True,False,False
AST-01190,change_of_mind,chat,north,high,False,False,False,True,44.28,60,False,True,False,False,False,False,22.26,16.58,False,True,False,True,True,False
AST-01191,change_of_mind,email,north,medium,False,False,False,False,22.84,51,False,True,False,False,False,False,18.69,11.42,False,True,True,True,True,False
AST-01192,wrong_item,email,north,medium,False,False,False,False,54.76,30,False,True,False,False,True,False,17.96,11.86,True,True,False,True,False,False
AST-01193,damaged_item,phone,london,high,False,True,True,False,21.85,30,True,True,True,True,True,False,25.77,19.66,False,True,True,True,True,False
AST-01194,wrong_item,email,north,low,False,False,False,False,80.64,41,False,True,False,False,True,False,11.9,5.66,True,True,True,True,False,False
AST-01195,damaged_item,email,north,low,False,False,False,False,23.07,41,False,True,False,False,True,False,19.22,9.53,True,False,True,True,False,True
AST-01196,change_of_mind,chat,midlands,low,False,False,False,False,21.29,10,False,True,False,False,False,False,14.86,8.1,True,True,True,True,False,False
AST-01197,late_delivery,phone,north,low,True,False,False,False,56.63,9,True,True,True,True,False,False,13.7,9.78,True,True,True,True,False,False
AST-01198,change_of_mind,chat,south,medium,False,False,False,True,170.76,5,False,True,True,True,False,False,19.0,13.94,False,True,False,True,True,False
AST-01199,late_delivery,chat,south,low,False,False,False,False,24.52,11,False,True,False,False,False,False,17.39,9.83,True,True,True,True,False,False
AST-01200,late_delivery,email,south,high,True,False,True,False,47.46,11,True,True,True,True,False,False,27.15,20.15,False,False,True,True,True,True
AST-01201,damaged_item,chat,london,medium,False,False,False,False,25.74,16,False,True,False,False,True,False,15.33,8.85,True,True,True,True,False,False
AST-01202,late_delivery,chat,north,low,False,False,False,False,135.82,25,False,True,False,True,False,False,13.85,7.79,False,True,True,True,True,False
AST-01203,change_of_mind,chat,london,high,False,False,False,False,67.99,16,False,True,False,False,False,False,28.26,19.92,True,True,False,True,False,False
AST-01204,warranty,phone,south,low,False,False,False,True,14.6,9,True,True,True,True,False,False,14.83,11.69,True,True,True,True,False,False
AST-01205,late_delivery,chat,midlands,low,True,False,False,False,27.93,7,True,True,True,True,False,False,11.37,8.13,True,True,True,True,False,False
AST-01206,late_delivery,chat,midlands,low,False,False,False,True,18.86,49,False,True,False,False,False,False,18.02,10.28,True,True,True,True,False,False
AST-01207,change_of_mind,chat,london,low,False,False,False,True,18.3,4,False,True,True,True,False,False,16.07,10.06,True,True,True,True,False,False
AST-01208,damaged_item,email,north,high,False,False,False,False,48.21,23,False,True,False,False,True,False,24.39,17.13,True,False,True,True,False,True
AST-01209,damaged_item,email,london,medium,False,False,False,True,50.48,34,False,True,False,False,True,False,21.81,13.39,True,True,True,True,False,False
AST-01210,damaged_item,chat,midlands,high,False,False,False,False,69.93,13,False,True,False,False,True,False,25.72,18.28,False,True,True,True,True,False
AST-01211,change_of_mind,email,north,medium,False,False,True,True,94.99,74,False,True,False,False,False,False,33.26,19.29,False,True,True,True,True,True
AST-01212,wrong_item,phone,midlands,high,True,False,False,False,50.74,17,True,True,True,True,True,False,19.23,15.07,True,True,True,True,False,False
AST-01213,damaged_item,phone,south,medium,False,False,False,False,20.85,13,False,True,False,False,True,False,23.51,14.25,True,True,False,True,False,False
AST-01214,late_delivery,email,north,high,False,False,False,True,25.85,33,False,True,False,False,False,False,26.3,18.98,True,True,True,True,False,False
AST-01215,change_of_mind,email,midlands,medium,False,False,False,True,16.69,8,False,True,False,False,False,False,22.08,13.17,True,True,True,True,False,False
AST-01216,damaged_item,chat,midlands,high,False,False,False,True,34.0,6,False,True,False,False,True,False,27.62,17.73,False,True,True,True,True,False
AST-01217,damaged_item,chat,midlands,high,False,False,False,False,49.08,31,False,True,False,False,True,False,22.25,15.54,True,True,True,True,False,False
AST-01218,change_of_mind,email,midlands,medium,False,False,False,False,45.43,9,False,True,False,False,False,False,19.47,11.12,True,True,True,True,False,False
AST-01219,change_of_mind,phone,midlands,medium,False,False,False,False,51.08,9,False,True,False,False,False,False,17.87,11.85,True,True,True,True,False,False
AST-01220,late_delivery,email,south,low,False,False,True,False,98.94,4,False,True,False,False,False,False,20.61,9.4,True,True,False,True,False,False
AST-01221,wrong_item,chat,london,medium,False,False,True,False,40.54,21,False,True,False,False,True,False,21.21,13.07,False,False,True,True,True,True
AST-01222,late_delivery,phone,south,low,False,False,False,False,36.44,26,False,True,False,False,False,False,8.5,5.03,True,True,True,True,False,False
AST-01223,warranty,email,south,low,True,False,False,False,21.38,21,True,True,True,True,False,False,14.97,9.72,True,True,True,True,False,False
AST-01224,change_of_mind,chat,london,high,False,False,False,False,63.97,4,False,True,False,False,False,False,23.72,16.15,True,True,True,True,False,False
AST-01225,missing_refund,email,midlands,medium,False,False,False,True,98.56,57,False,True,False,False,True,False,18.68,12.32,True,True,True,True,False,False
AST-01226,damaged_item,chat,midlands,low,False,False,True,False,21.07,13,False,True,False,False,True,False,19.33,10.81,False,True,False,True,True,False
AST-01227,warranty,email,north,high,False,False,False,True,46.02,14,True,True,True,True,False,False,23.19,17.93,True,True,True,True,False,False
AST-01228,missing_refund,email,north,medium,False,False,False,False,24.72,7,False,True,False,False,True,False,22.06,12.42,True,True,False,True,False,False
AST-01229,damaged_item,phone,north,medium,False,False,False,True,160.2,6,False,True,False,True,True,False,22.18,15.24,True,True,True,True,False,False
AST-01230,change_of_mind,email,south,low,False,False,False,False,46.99,28,False,True,False,False,False,False,17.3,9.4,True,True,True,True,False,False
AST-01231,change_of_mind,chat,midlands,medium,False,False,False,False,60.88,60,False,True,False,False,False,False,21.83,14.29,True,False,True,True,False,True
AST-01232,missing_refund,chat,north,medium,False,True,False,True,40.41,58,True,True,True,True,True,False,25.62,17.36,True,True,True,True,False,False
AST-01233,warranty,email,north,medium,False,False,False,False,20.69,8,True,True,True,True,False,False,17.94,12.63,True,True,False,True,False,False
AST-01234,missing_refund,phone,midlands,high,True,True,False,True,58.33,26,True,False,True,True,True,False,28.95,20.75,True,False,True,True,False,True
AST-01235,damaged_item,email,north,medium,False,False,False,True,29.33,34,False,True,False,False,True,False,17.71,10.8,True,True,True,True,False,False
AST-01236,late_delivery,phone,midlands,medium,False,False,False,False,78.95,35,False,True,False,False,False,False,19.97,12.1,False,True,True,True,True,False
AST-01237,late_delivery,email,midlands,high,True,False,True,True,11.23,19,True,False,True,True,False,False,30.17,23.82,False,True,True,True,True,False
AST-01238,change_of_mind,email,midlands,low,False,False,False,True,44.11,35,False,True,False,False,False,False,20.1,11.17,False,True,True,True,True,False
AST-01239,warranty,chat,midlands,low,False,False,True,True,79.21,18,True,True,True,True,False,False,20.15,12.95,True,True,True,True,False,False
AST-01240,late_delivery,email,north,low,False,False,False,False,21.27,59,False,True,False,False,False,False,17.59,9.85,True,True,True,True,False,False
AST-01241,warranty,email,north,medium,True,False,False,False,47.25,56,True,True,True,True,False,False,21.06,14.92,True,True,True,True,False,False
AST-01242,change_of_mind,chat,north,medium,False,False,False,True,84.19,25,False,True,False,False,False,False,19.31,11.89,True,False,True,True,False,True
AST-01243,wrong_item,phone,london,high,True,False,True,True,26.24,17,True,True,True,True,True,False,30.99,23.61,False,False,True,True,True,True
AST-01244,damaged_item,chat,midlands,low,False,False,False,False,53.61,33,False,True,False,False,True,False,13.33,8.44,True,True,True,True,False,False
AST-01245,missing_refund,email,south,medium,False,False,False,False,56.07,17,False,True,False,False,True,False,19.13,10.49,True,True,True,True,False,False
AST-01246,missing_refund,email,south,high,False,False,False,False,42.48,63,False,False,False,False,True,False,25.27,16.66,True,False,True,True,False,True
AST-01247,late_delivery,chat,south,medium,False,False,False,False,93.92,24,False,True,False,False,False,False,20.77,11.52,True,True,True,True,False,False
AST-01248,late_delivery,email,london,high,False,False,True,True,31.57,4,False,True,False,False,False,False,24.16,17.65,True,True,False,True,False,False
AST-01249,warranty,email,north,high,False,False,True,False,10.23,45,True,True,True,True,False,False,30.29,22.39,False,False,True,True,True,True
AST-01250,change_of_mind,email,north,medium,False,False,False,False,13.87,22,False,True,False,False,False,False,16.86,10.59,True,True,True,True,False,False
AST-01251,late_delivery,chat,north,medium,False,False,False,False,44.93,6,False,False,False,False,False,False,14.92,9.59,True,True,True,True,False,False
AST-01252,missing_refund,phone,south,low,False,False,False,False,97.24,34,False,True,False,False,True,False,16.76,9.79,True,True,True,True,False,False
AST-01253,damaged_item,chat,midlands,medium,False,False,False,True,25.77,10,False,True,False,False,True,False,25.61,16.14,False,True,False,True,True,False
AST-01254,change_of_mind,phone,midlands,low,False,False,False,False,14.31,38,False,True,False,False,False,False,14.31,7.4,True,True,True,True,False,False
AST-01255,late_delivery,chat,london,low,False,False,False,True,13.73,46,False,True,True,True,False,False,17.18,11.11,True,True,True,True,False,False
AST-01256,warranty,chat,north,medium,False,False,False,True,60.0,44,True,True,True,True,False,False,20.31,15.12,True,True,True,True,False,False
AST-01257,late_delivery,chat,london,low,False,False,True,False,72.93,40,False,True,False,False,False,False,15.09,7.4,True,False,True,True,False,True
AST-01258,late_delivery,email,midlands,medium,False,False,False,False,97.33,11,False,True,False,False,False,False,18.05,10.42,True,True,True,True,False,False
AST-01259,change_of_mind,phone,south,high,False,False,False,True,54.42,45,False,True,False,False,False,False,27.44,20.07,True,True,True,True,False,False
AST-01260,late_delivery,phone,north,low,False,False,False,False,270.9,9,True,True,True,True,False,False,17.34,11.52,True,True,True,True,False,False
AST-01261,missing_refund,phone,south,medium,False,False,False,True,31.76,4,False,True,False,False,True,False,21.5,13.32,False,True,True,True,True,False
AST-01262,damaged_item,phone,north,high,True,False,False,True,38.11,10,True,True,True,True,True,False,25.23,18.89,True,True,True,True,False,False
AST-01263,missing_refund,email,north,high,False,False,True,True,60.8,25,False,False,False,False,True,False,32.22,21.46,True,False,False,True,False,True
AST-01264,missing_refund,chat,north,low,False,False,False,False,86.75,31,False,True,False,False,True,False,14.72,8.43,False,True,True,True,True,False
AST-01265,late_delivery,chat,north,low,False,False,False,True,28.83,27,False,True,False,False,False,False,20.97,11.97,False,True,True,True,True,False
AST-01266,change_of_mind,chat,north,low,False,False,True,False,29.16,27,False,True,False,False,False,False,19.46,9.59,True,True,True,True,False,True
AST-01267,warranty,chat,south,low,False,False,False,True,18.14,47,True,True,True,True,False,False,18.09,11.45,True,True,True,True,False,False
AST-01268,late_delivery,chat,london,low,False,False,False,True,62.92,30,False,True,False,False,False,False,10.35,5.3,False,True,True,True,True,False
AST-01269,damaged_item,phone,south,high,False,False,False,False,43.03,41,False,True,False,False,True,False,26.77,19.66,False,True,True,True,True,False
AST-01270,warranty,chat,north,low,False,False,False,True,20.11,3,True,True,True,True,False,False,16.07,11.38,False,True,True,True,True,False
AST-01271,damaged_item,phone,london,medium,False,False,False,False,66.15,25,False,True,False,False,True,False,17.6,10.44,False,True,True,True,True,False
AST-01272,late_delivery,email,midlands,high,False,False,False,False,25.62,9,False,True,False,False,False,False,23.4,16.28,True,False,False,True,False,True
AST-01273,wrong_item,email,south,medium,False,False,False,True,48.13,8,False,True,False,False,True,False,21.75,13.17,True,True,True,True,False,False
AST-01274,damaged_item,phone,midlands,medium,False,False,False,True,113.67,10,False,True,False,True,True,False,22.5,13.28,False,True,True,True,True,False
AST-01275,late_delivery,chat,midlands,high,False,False,False,False,50.86,22,False,True,False,False,False,False,25.39,17.7,False,True,True,True,True,False
AST-01276,late_delivery,email,london,medium,False,False,False,False,51.46,14,False,True,False,False,False,False,21.51,13.58,True,True,True,True,False,False
AST-01277,wrong_item,email,south,high,False,True,False,True,72.56,42,True,True,True,True,True,False,24.01,18.06,False,False,True,True,True,True
AST-01278,late_delivery,chat,london,medium,False,False,False,True,22.99,72,False,True,True,True,False,False,22.18,14.52,True,True,True,True,False,False
AST-01279,missing_refund,email,south,low,False,False,True,False,35.2,24,False,True,False,False,True,False,14.58,7.44,True,True,True,True,False,False
AST-01280,change_of_mind,phone,north,high,False,False,False,False,39.21,9,False,True,False,False,False,False,22.0,15.19,True,False,True,True,False,True
AST-01281,late_delivery,email,london,low,False,False,False,False,38.99,26,False,True,False,False,False,False,15.87,8.18,False,True,True,True,True,False
AST-01282,damaged_item,phone,north,high,False,False,False,True,12.35,21,False,True,True,True,True,False,24.63,18.18,False,True,True,True,True,False
AST-01283,damaged_item,chat,north,high,False,False,True,False,82.43,48,False,True,False,False,True,False,27.24,19.6,True,True,True,True,False,False
AST-01284,warranty,phone,midlands,low,False,False,False,True,48.1,12,True,True,True,True,False,False,19.17,11.95,True,True,True,True,False,False
AST-01285,missing_refund,email,north,low,False,False,False,True,16.84,31,False,True,False,False,True,False,18.02,10.6,True,True,True,True,False,False
AST-01286,missing_refund,chat,london,low,False,False,False,False,19.57,41,False,True,False,False,True,False,21.12,11.23,False,True,True,True,True,False
AST-01287,change_of_mind,email,london,low,False,False,False,False,48.73,22,False,True,False,False,False,False,17.36,9.97,True,True,True,True,False,False
AST-01288,wrong_item,chat,south,medium,False,False,False,False,29.95,38,False,True,False,False,True,False,19.06,11.34,True,True,False,True,False,False
AST-01289,wrong_item,email,london,low,False,False,False,False,55.95,46,False,True,False,False,True,False,20.19,11.21,True,True,True,True,False,False
AST-01290,wrong_item,chat,south,low,False,False,False,True,14.25,29,False,True,False,False,True,False,11.57,5.96,True,True,True,True,False,False
AST-01291,warranty,email,london,medium,False,False,False,False,36.79,32,True,True,True,True,False,False,17.62,12.92,False,True,False,True,True,False
AST-01292,change_of_mind,phone,london,low,False,True,False,True,50.08,63,True,True,True,True,False,False,15.53,11.29,True,True,True,True,False,False
AST-01293,late_delivery,chat,midlands,low,False,False,False,False,31.38,20,False,True,False,False,False,False,14.5,8.81,True,True,True,True,False,False
AST-01294,damaged_item,phone,midlands,high,False,False,False,True,54.59,41,False,True,False,False,True,False,26.12,17.27,False,True,False,True,True,False
AST-01295,damaged_item,phone,south,low,False,False,False,True,54.89,19,False,True,False,False,True,False,17.33,10.84,True,True,True,True,False,False
AST-01296,late_delivery,email,midlands,low,False,False,False,False,28.78,13,False,True,False,False,False,False,11.57,6.17,True,False,True,False,True,True
AST-01297,late_delivery,chat,south,low,False,False,False,True,29.53,45,False,True,False,False,False,False,12.79,7.57,True,True,False,True,False,False
AST-01298,wrong_item,phone,south,medium,False,False,False,False,10.23,39,False,True,False,False,True,False,21.64,14.33,False,True,True,False,True,False
AST-01299,change_of_mind,email,midlands,medium,False,False,False,False,34.24,28,False,True,False,False,False,False,18.07,11.07,False,True,True,True,True,False
AST-01300,damaged_item,chat,south,low,False,False,False,False,34.81,1,False,True,False,False,True,False,16.72,8.08,True,True,True,True,False,False
AST-01301,warranty,chat,south,medium,False,False,False,False,84.18,5,True,True,True,True,False,False,24.36,17.19,True,True,True,True,False,False
AST-01302,late_delivery,email,south,medium,False,False,True,False,13.46,5,False,True,False,False,False,False,21.87,14.54,True,True,True,True,False,False
AST-01303,missing_refund,chat,midlands,low,False,False,False,False,43.43,32,False,True,False,False,True,False,15.85,9.17,True,True,True,True,False,False
AST-01304,wrong_item,chat,south,high,False,True,False,False,53.61,19,True,True,True,True,True,False,21.89,18.53,False,True,True,True,True,False
AST-01305,warranty,email,north,low,False,False,True,False,40.65,5,True,True,True,True,False,False,13.91,9.0,True,True,True,True,True,False
AST-01306,change_of_mind,phone,north,low,True,False,False,False,25.18,15,True,True,True,True,False,False,12.49,7.62,True,True,True,True,False,False
AST-01307,damaged_item,chat,london,medium,False,False,False,False,36.7,2,False,True,False,False,True,False,17.56,11.93,True,True,True,True,True,False
AST-01308,change_of_mind,phone,london,medium,False,False,False,False,75.06,29,False,True,False,False,False,False,12.32,6.87,True,True,True,True,False,False
AST-01309,change_of_mind,chat,london,low,False,False,False,True,33.6,10,False,True,False,False,False,False,20.34,11.16,True,True,True,True,False,False
AST-01310,change_of_mind,chat,london,medium,False,False,False,True,195.28,7,False,True,False,True,False,False,26.36,16.48,False,True,True,True,True,False
AST-01311,missing_refund,phone,midlands,low,False,False,False,False,24.11,30,False,True,False,False,True,False,16.13,7.73,True,True,True,True,False,False
AST-01312,damaged_item,phone,midlands,low,False,False,False,True,22.43,83,False,True,False,False,True,False,16.32,10.21,False,True,True,True,True,False
AST-01313,wrong_item,phone,north,low,False,False,False,False,8.59,54,False,True,False,False,True,False,12.89,6.98,True,True,True,True,False,False
AST-01314,missing_refund,phone,south,high,False,False,True,True,58.43,48,False,True,False,False,True,False,29.79,19.83,False,False,False,True,True,True
AST-01315,damaged_item,chat,london,medium,False,False,False,False,31.86,31,False,True,False,False,True,False,17.93,12.97,True,True,True,True,False,False
AST-01316,late_delivery,chat,midlands,low,False,False,False,False,45.19,25,False,True,False,False,False,False,18.74,11.34,True,True,True,True,False,False
AST-01317,late_delivery,email,south,low,False,False,False,False,49.28,7,False,True,False,False,False,False,17.54,9.23,True,True,True,True,False,False
AST-01318,damaged_item,phone,north,low,False,False,True,True,40.26,36,False,True,True,True,True,False,21.91,13.87,True,False,True,True,False,True
AST-01319,change_of_mind,phone,london,medium,False,False,False,False,33.63,12,False,True,False,False,False,False,17.98,11.1,True,True,True,True,False,False
AST-01320,damaged_item,email,london,low,False,False,False,False,183.42,37,False,True,False,True,True,False,19.07,10.98,True,True,True,True,False,False
AST-01321,late_delivery,phone,midlands,low,False,False,False,True,15.01,24,False,True,True,True,False,False,15.76,10.42,True,True,False,True,False,False
AST-01322,wrong_item,phone,north,medium,False,False,False,False,26.09,21,False,True,False,False,True,False,18.49,11.45,False,True,True,True,True,False
AST-01323,missing_refund,email,london,low,False,False,False,False,56.48,34,False,True,False,False,True,False,12.52,6.92,True,True,True,True,True,False
AST-01324,damaged_item,phone,midlands,low,False,False,False,False,19.3,42,False,True,False,False,True,False,13.52,7.16,True,True,True,True,False,False
AST-01325,wrong_item,chat,midlands,low,False,False,False,False,13.21,28,False,True,False,False,True,False,16.88,8.84,True,True,True,True,False,True
AST-01326,late_delivery,phone,london,low,False,False,False,False,46.01,13,False,True,False,False,False,False,23.29,13.41,False,True,True,True,True,False
AST-01327,warranty,email,south,medium,False,False,False,False,54.21,22,True,True,True,True,False,False,17.09,10.92,True,True,True,True,False,False
AST-01328,damaged_item,phone,london,low,True,False,False,False,83.79,10,True,True,True,True,True,False,15.23,9.08,True,False,True,True,False,True
AST-01329,damaged_item,email,south,high,False,False,False,False,8,6,False,True,False,False,True,False,28.31,19.71,False,False,False,True,True,True
AST-01330,late_delivery,email,north,low,False,False,False,True,22.79,5,False,True,False,False,False,False,19.47,10.18,False,True,True,True,True,False
AST-01331,damaged_item,phone,south,low,False,True,False,False,52.71,44,True,True,True,True,True,False,14.77,9.72,False,True,True,True,True,False
AST-01332,change_of_mind,chat,london,medium,False,False,False,True,50.41,22,False,True,False,False,False,False,25.59,13.53,True,False,True,True,False,True
AST-01333,change_of_mind,chat,london,low,True,False,True,False,103.16,45,True,True,True,True,False,False,21.99,13.08,True,False,True,True,False,True
AST-01334,late_delivery,phone,london,medium,False,False,False,True,50.25,23,False,True,True,True,False,False,23.25,16.81,True,True,False,False,False,False
AST-01335,change_of_mind,email,london,medium,False,False,False,False,219.83,28,False,True,False,True,False,False,18.02,11.33,False,True,True,True,True,False
AST-01336,change_of_mind,chat,london,medium,False,False,False,True,70.75,46,False,True,False,False,False,False,17.9,11.23,True,True,True,True,False,False
AST-01337,damaged_item,phone,north,medium,False,False,True,False,61.24,36,False,True,False,False,True,False,22.48,12.91,True,True,False,True,False,False
AST-01338,late_delivery,email,south,medium,False,False,False,False,18.4,20,False,True,False,False,False,False,23.95,14.64,True,True,False,True,True,False
AST-01339,late_delivery,chat,north,low,False,False,False,False,156.48,1,False,True,False,True,False,False,16.48,9.11,True,True,True,True,False,False
AST-01340,damaged_item,email,north,low,False,False,False,False,21.17,15,False,True,False,False,True,False,18.16,10.4,False,True,True,True,True,False
AST-01341,damaged_item,email,south,low,False,False,True,False,22.83,16,False,True,False,False,True,False,17.28,9.44,True,True,True,True,False,False
AST-01342,late_delivery,phone,midlands,medium,False,False,False,True,35.07,7,False,True,False,False,False,False,17.06,11.58,True,True,True,True,False,False
AST-01343,missing_refund,phone,south,low,False,False,False,False,12.19,10,False,True,False,False,True,False,14.24,7.99,True,True,True,True,False,False
AST-01344,damaged_item,chat,north,medium,False,False,False,False,50.81,15,False,True,False,False,True,False,21.66,13.03,True,True,True,True,False,False
AST-01345,change_of_mind,phone,south,medium,False,True,False,True,117.58,74,True,True,True,True,False,False,24.42,17.5,False,True,False,True,True,False
AST-01346,damaged_item,phone,north,high,False,False,True,False,34.63,33,False,True,False,False,True,False,23.4,16.01,True,True,True,True,False,False
AST-01347,damaged_item,email,midlands,low,True,False,False,True,17.49,4,True,True,True,True,True,False,17.62,10.75,True,True,True,True,False,False
AST-01348,late_delivery,chat,north,low,False,False,False,True,82.05,7,False,True,False,False,False,False,18.36,10.01,True,True,True,True,False,False
AST-01349,change_of_mind,chat,midlands,medium,False,False,False,False,47.89,4,False,True,False,False,False,False,14.53,9.59,True,True,False,True,False,False
AST-01350,wrong_item,phone,north,low,False,False,False,False,40.75,9,False,True,False,False,True,False,13.68,8.94,True,True,True,True,False,False
AST-01351,change_of_mind,chat,midlands,medium,False,False,False,False,16.06,56,False,True,False,False,False,False,22.53,13.27,True,True,True,True,False,False
AST-01352,late_delivery,phone,south,medium,False,False,False,True,51.29,24,False,True,False,False,False,False,21.83,13.54,True,True,True,True,False,False
AST-01353,late_delivery,email,south,low,False,False,False,True,57.99,23,False,True,False,False,False,False,18.61,9.98,True,True,True,True,False,False
AST-01354,damaged_item,phone,midlands,low,False,False,False,False,8,62,False,True,False,False,True,False,16.16,8.64,True,False,True,True,False,True
AST-01355,wrong_item,chat,london,low,False,False,False,False,53.11,12,False,True,False,False,True,False,15.1,7.43,True,True,True,True,False,False
AST-01356,change_of_mind,email,south,low,False,False,False,False,45.25,27,False,True,False,False,False,False,14.79,7.97,True,True,True,True,False,False
AST-01357,late_delivery,phone,south,low,True,False,False,False,9.07,27,True,True,True,True,False,False,15.32,10.43,True,True,True,True,False,False
AST-01358,late_delivery,phone,north,low,False,False,False,False,41.48,14,False,True,False,False,False,False,17.44,9.88,True,True,True,True,False,False
AST-01359,warranty,phone,south,low,False,False,False,False,58.99,1,True,True,True,True,False,False,16.28,8.9,True,True,True,True,False,False
AST-01360,wrong_item,email,south,low,False,False,False,False,59.2,24,False,True,False,False,True,False,13.59,7.59,True,True,True,True,False,False
AST-01361,warranty,chat,london,high,True,False,False,True,79.11,5,True,True,True,True,False,False,27.21,19.83,True,True,True,True,False,False
AST-01362,late_delivery,email,south,medium,False,True,False,False,61.97,18,True,True,True,True,False,False,21.35,14.0,True,True,True,True,True,False
AST-01363,late_delivery,phone,midlands,high,True,False,False,False,76.99,13,True,True,True,True,False,False,22.3,16.55,True,True,True,True,False,False
AST-01364,missing_refund,chat,north,low,False,False,False,False,29.8,27,False,True,False,False,True,False,12.8,6.01,True,True,True,True,False,False
AST-01365,damaged_item,chat,midlands,medium,True,False,False,False,20.67,49,True,True,True,True,True,False,26.5,18.26,True,False,True,True,False,True
AST-01366,warranty,phone,south,low,False,False,False,False,58.05,2,True,True,True,True,False,False,13.45,8.8,True,True,True,True,False,False
AST-01367,change_of_mind,chat,south,medium,False,False,False,True,35.87,27,False,True,False,False,False,False,29.22,17.65,False,True,True,True,True,False
AST-01368,wrong_item,chat,london,medium,False,False,False,False,15.67,17,False,True,False,False,True,False,21.31,12.65,True,True,True,True,False,False
AST-01369,missing_refund,chat,london,high,False,False,False,True,61.26,59,False,True,False,False,True,False,26.08,18.16,True,False,True,True,False,True
AST-01370,wrong_item,chat,midlands,low,False,False,False,True,19.59,54,False,True,True,True,True,False,13.12,8.75,True,True,False,True,False,False
AST-01371,late_delivery,email,south,high,False,False,True,False,327.94,14,True,True,True,True,False,False,26.93,20.81,False,True,True,True,True,False
AST-01372,warranty,phone,south,low,False,False,False,False,13.42,24,True,True,True,True,False,False,9.56,6.45,False,True,True,True,True,False
AST-01373,late_delivery,email,north,medium,True,False,False,False,47.93,22,True,False,True,True,False,False,20.77,14.67,True,True,True,True,False,True
AST-01374,missing_refund,phone,north,low,False,False,False,False,77.98,28,False,True,False,False,True,False,9.71,5.52,True,True,True,True,False,False
AST-01375,late_delivery,chat,south,low,True,False,False,False,31.54,34,True,True,True,True,False,False,12.57,8.93,True,True,True,True,True,False
AST-01376,late_delivery,chat,north,medium,False,False,False,True,85.34,11,False,True,False,False,False,False,18.87,12.07,False,True,True,True,True,False
AST-01377,damaged_item,chat,north,high,False,False,False,False,65.71,8,False,True,False,False,True,False,22.64,15.36,True,False,False,True,False,True
AST-01378,wrong_item,chat,south,medium,False,False,False,True,16.85,3,False,True,False,False,True,False,24.85,15.02,True,True,True,True,False,False
AST-01379,change_of_mind,email,london,low,False,False,False,False,22.66,31,False,False,False,False,False,False,15.86,8.55,True,True,True,False,False,False
AST-01380,wrong_item,phone,north,low,False,False,False,False,40.26,8,False,True,False,False,True,False,17.92,9.26,False,True,True,True,True,False
AST-01381,damaged_item,email,london,low,False,False,False,False,27.07,62,False,True,False,False,True,False,15.98,8.77,True,True,True,True,False,False
AST-01382,missing_refund,email,london,medium,True,False,False,True,23.46,31,True,True,True,True,True,False,26.61,17.17,True,True,True,True,False,False
AST-01383,missing_refund,phone,north,low,False,False,False,False,65.46,31,False,True,False,False,True,False,18.06,10.72,True,True,True,True,False,False
AST-01384,damaged_item,phone,london,medium,True,True,False,False,18.4,40,True,True,True,True,True,False,21.45,14.97,True,True,True,True,False,False
AST-01385,missing_refund,chat,north,low,False,False,False,True,51.45,39,False,True,False,False,True,False,14.79,7.43,True,True,True,True,False,False
AST-01386,change_of_mind,phone,midlands,low,False,False,False,False,13.53,15,False,True,False,False,False,False,15.67,9.07,False,True,True,True,True,False
AST-01387,wrong_item,chat,south,low,False,False,False,False,68.93,17,False,True,False,False,True,False,13.62,8.51,True,False,True,True,False,True
AST-01388,late_delivery,chat,london,medium,False,False,True,False,32.71,30,False,True,False,False,False,False,28.96,17.68,True,True,True,True,False,False
AST-01389,change_of_mind,email,midlands,medium,False,False,False,True,44.25,31,False,True,False,False,False,False,19.24,12.63,False,True,True,True,True,False
AST-01390,late_delivery,email,north,medium,False,True,False,True,16.81,38,True,True,True,True,False,False,19.47,14.93,False,True,True,True,True,False
AST-01391,wrong_item,chat,london,low,False,False,False,False,42.31,18,False,True,False,False,True,False,9.9,4.77,True,True,True,True,True,False
AST-01392,change_of_mind,email,south,low,False,False,False,True,192.74,36,False,True,True,True,False,False,15.57,10.24,False,True,True,True,True,False
AST-01393,wrong_item,phone,midlands,low,False,False,False,False,54.05,22,False,True,False,False,True,False,16.15,8.02,False,True,False,True,True,False
AST-01394,damaged_item,chat,north,medium,False,False,False,False,83.48,13,False,True,False,False,True,False,18.75,12.07,False,True,True,True,True,False
AST-01395,missing_refund,chat,south,medium,False,False,True,False,45.06,28,False,True,False,False,True,False,24.35,15.65,False,True,True,True,True,False
AST-01396,late_delivery,phone,north,medium,False,False,True,True,61.98,34,False,True,True,True,False,False,30.92,19.94,True,False,True,True,False,True
AST-01397,late_delivery,email,london,medium,False,False,False,True,58.5,25,False,True,False,False,False,False,21.97,13.95,True,True,True,True,False,False
AST-01398,late_delivery,chat,south,low,False,False,False,False,10.68,25,False,True,False,False,False,False,11.5,6.52,True,True,True,True,False,False
AST-01399,late_delivery,email,south,high,False,False,False,True,37.89,37,False,True,False,False,False,False,33.08,22.28,True,False,True,True,False,True
AST-01400,damaged_item,email,south,medium,False,False,False,True,118.6,40,False,True,False,True,True,False,26.65,16.94,True,True,True,True,False,False
AST-01401,change_of_mind,email,north,low,True,False,False,False,31.66,13,True,True,True,True,False,False,15.95,9.58,True,True,True,True,False,False
AST-01402,change_of_mind,phone,midlands,medium,False,False,False,True,45.73,11,False,True,False,False,False,False,22.86,13.23,False,True,True,True,True,False
AST-01403,late_delivery,email,south,high,False,False,True,False,56.55,34,False,True,False,False,False,False,25.24,16.1,True,True,False,True,True,False
AST-01404,change_of_mind,email,midlands,high,False,False,False,False,29.55,95,False,True,False,False,False,False,24.25,16.58,True,True,True,True,False,False
AST-01405,wrong_item,email,north,low,False,False,False,True,77.2,55,False,True,False,False,True,False,17.24,9.72,False,True,True,True,True,False
AST-01406,change_of_mind,chat,north,high,False,True,True,True,22.24,36,True,True,True,True,False,False,27.13,20.79,False,True,True,True,True,False
AST-01407,late_delivery,phone,london,medium,False,False,False,False,18.39,49,False,True,False,False,False,False,13.82,6.87,True,True,True,True,False,False
AST-01408,late_delivery,email,london,medium,False,False,False,False,35.74,51,False,True,False,False,False,False,16.62,9.76,True,True,True,True,False,False
AST-01409,damaged_item,email,north,low,False,False,False,False,34.14,4,False,True,False,False,True,False,16.25,6.91,True,True,True,True,False,False
AST-01410,change_of_mind,email,north,medium,False,True,False,False,8,73,True,True,True,True,False,False,18.72,12.75,False,True,True,True,True,False
AST-01411,damaged_item,chat,north,high,False,True,False,True,39.99,33,True,True,True,True,True,False,26.15,19.51,False,False,False,True,True,True
AST-01412,late_delivery,email,south,high,False,False,False,False,56.99,11,False,True,False,False,False,False,21.65,14.64,False,False,True,True,True,True
AST-01413,wrong_item,email,midlands,medium,False,False,False,False,164.26,33,False,True,False,True,True,False,19.86,11.51,False,True,True,True,True,False
AST-01414,late_delivery,chat,midlands,high,False,False,False,False,29.67,72,False,True,False,False,False,False,26.31,17.87,False,True,True,True,True,False
AST-01415,change_of_mind,phone,london,medium,False,False,False,False,38.34,53,False,True,False,False,False,False,17.37,10.93,True,True,True,True,False,False
AST-01416,late_delivery,email,north,medium,False,False,False,False,95.87,5,False,True,False,False,False,False,24.82,15.31,False,True,True,True,True,False
AST-01417,warranty,phone,north,low,False,False,False,False,17.14,20,True,True,True,True,False,False,8.17,6.73,True,True,True,True,False,False
AST-01418,damaged_item,email,north,low,False,False,False,False,43.68,23,False,True,False,False,True,False,17.42,10.46,True,True,True,True,False,False
AST-01419,damaged_item,chat,midlands,medium,False,False,True,True,31.43,10,False,True,True,True,True,False,24.62,17.28,True,True,True,True,False,False
AST-01420,missing_refund,chat,london,high,True,False,True,False,75.65,20,True,True,True,True,True,False,24.44,18.4,False,True,True,True,True,False
AST-01421,late_delivery,email,north,medium,False,False,False,False,48.17,36,False,True,False,False,False,False,24.39,14.41,True,True,True,True,False,False
AST-01422,damaged_item,chat,midlands,medium,False,True,False,True,40.37,7,True,True,True,True,True,False,20.69,14.64,False,True,False,True,True,False
AST-01423,wrong_item,email,north,low,True,False,False,True,16.44,70,True,True,True,True,True,False,22.99,14.24,True,True,True,True,False,False
AST-01424,change_of_mind,email,midlands,low,False,False,False,False,19.45,27,False,True,False,False,False,False,15.8,9.32,False,True,True,True,True,False
AST-01425,late_delivery,phone,london,medium,False,False,False,False,14.75,24,False,True,False,False,False,False,19.51,13.05,True,True,True,True,False,False
AST-01426,late_delivery,chat,london,medium,False,False,False,False,70.41,9,False,True,False,False,False,False,19.57,11.0,True,True,True,True,False,False
AST-01427,wrong_item,phone,south,medium,False,False,False,False,10.1,24,False,True,False,False,True,False,12.4,6.86,False,False,True,True,True,True
AST-01428,damaged_item,phone,north,high,True,False,True,True,25.05,33,True,True,True,True,True,False,29.85,21.65,True,True,True,True,False,False
AST-01429,change_of_mind,phone,north,low,False,False,False,False,32.18,63,False,True,False,False,False,False,12.14,6.04,True,True,True,True,False,False
AST-01430,warranty,email,south,medium,False,False,True,True,38.29,13,True,True,True,True,False,False,22.79,15.99,False,True,True,True,True,False
AST-01431,warranty,email,south,low,False,False,False,False,136.9,34,True,True,True,True,False,False,16.5,10.66,False,True,False,True,True,False
AST-01432,late_delivery,email,london,low,False,False,False,False,23.54,26,False,True,False,False,False,False,13.47,7.58,True,True,True,True,False,False
AST-01433,late_delivery,phone,north,medium,False,False,False,False,49.05,41,False,True,False,False,False,False,16.95,11.68,True,True,True,True,False,False
AST-01434,change_of_mind,chat,north,medium,False,False,True,False,27.93,4,False,True,False,False,False,False,26.87,17.34,False,True,True,True,True,False
AST-01435,wrong_item,email,midlands,medium,True,False,False,False,55.08,15,True,True,True,True,True,False,19.52,14.37,True,True,True,True,False,True
AST-01436,damaged_item,chat,north,medium,False,False,False,True,203.73,8,False,True,False,True,True,False,24.35,13.8,False,True,True,True,True,False
AST-01437,damaged_item,phone,london,medium,True,False,True,False,26.82,25,True,True,True,True,True,False,18.45,13.61,True,True,True,True,False,False
AST-01438,change_of_mind,chat,midlands,medium,False,False,False,True,44.67,7,False,True,False,False,False,False,23.68,14.58,True,True,True,True,False,False
AST-01439,damaged_item,chat,north,low,False,False,False,False,59.35,31,False,True,False,False,True,False,15.81,6.98,True,True,True,True,False,False
AST-01440,change_of_mind,email,london,medium,False,False,False,False,15.23,11,False,True,False,False,False,False,18.29,11.29,False,False,True,True,True,True
AST-01441,late_delivery,chat,south,medium,False,False,False,True,65.25,15,False,True,False,False,False,False,24.84,15.73,True,True,True,True,False,False
AST-01442,late_delivery,email,south,medium,False,False,False,True,24.13,47,False,True,False,False,False,False,23.29,14.85,False,True,True,True,True,False
AST-01443,late_delivery,phone,north,medium,False,False,False,True,24.28,57,False,True,True,True,False,False,28.42,19.24,False,True,True,True,True,False
AST-01444,damaged_item,email,north,medium,False,False,False,False,42.14,14,False,True,False,False,True,False,22.21,14.24,True,True,True,True,False,False
AST-01445,late_delivery,email,midlands,low,False,True,True,True,205.81,15,True,True,True,True,False,False,21.87,13.07,True,True,False,True,False,False
AST-01446,late_delivery,chat,midlands,low,False,False,False,False,81.12,17,False,True,False,False,False,False,18.42,9.82,True,True,True,True,False,False
AST-01447,damaged_item,chat,midlands,medium,True,True,True,True,120.51,12,True,True,True,True,True,False,21.88,15.01,False,True,True,True,True,False
AST-01448,damaged_item,chat,south,low,False,True,False,False,33.17,55,True,True,True,True,True,False,15.12,9.32,True,True,True,True,False,False
AST-01449,late_delivery,email,midlands,low,False,False,False,False,71.55,28,False,True,False,False,False,False,12.47,6.81,False,True,True,True,True,False
AST-01450,warranty,chat,south,low,False,False,False,False,13.0,19,True,True,True,True,False,False,15.3,11.06,True,True,True,True,False,False
AST-01451,wrong_item,email,london,low,False,True,False,False,69.02,10,True,True,True,True,True,False,10.9,7.55,True,True,True,True,False,False
AST-01452,damaged_item,phone,london,low,False,False,False,False,70.64,4,False,True,False,False,True,False,19.2,11.59,True,True,True,True,False,False
AST-01453,damaged_item,chat,north,medium,False,False,False,False,49.48,51,False,True,False,False,True,False,20.46,12.07,True,True,True,True,False,False
AST-01454,damaged_item,email,london,low,False,False,False,False,80.29,36,False,True,False,False,True,False,14.16,6.85,True,True,True,True,False,False
AST-01455,damaged_item,phone,midlands,medium,False,False,False,False,40.26,13,False,True,False,False,True,False,22.09,13.77,True,True,True,True,False,False
AST-01456,change_of_mind,email,south,low,False,False,False,False,84.11,52,False,True,False,False,False,False,14.72,7.69,True,True,True,True,False,False
AST-01457,change_of_mind,email,south,low,True,False,False,False,21.95,1,True,True,True,True,False,False,19.21,13.53,True,True,True,True,False,False
AST-01458,change_of_mind,email,north,high,False,False,False,False,29.1,26,False,True,False,False,False,False,19.68,13.63,False,True,True,True,True,False
AST-01459,wrong_item,chat,south,low,False,False,False,False,85.37,30,False,True,False,False,True,False,14.75,6.35,True,True,True,True,False,False
AST-01460,late_delivery,email,north,medium,False,False,False,False,22.39,42,False,True,False,False,False,False,17.08,8.81,False,False,True,True,True,True
AST-01461,damaged_item,email,midlands,medium,True,False,False,False,36.1,39,True,True,True,True,True,False,23.29,16.61,False,False,True,True,True,True
AST-01462,late_delivery,chat,south,medium,False,False,False,False,66.0,8,False,True,False,False,False,False,22.03,12.88,False,False,True,True,True,True
AST-01463,change_of_mind,phone,london,medium,False,False,False,False,11.46,28,False,True,False,False,False,False,18.12,11.31,True,True,True,True,False,False
AST-01464,missing_refund,phone,south,medium,True,False,False,False,184.04,28,True,True,True,True,True,False,21.19,13.97,True,True,True,True,False,False
AST-01465,change_of_mind,phone,north,high,False,False,False,False,103.74,33,False,True,False,True,False,False,24.75,17.5,False,False,True,True,True,True
AST-01466,change_of_mind,chat,north,low,False,False,False,False,11.89,28,False,True,False,False,False,False,14.75,6.56,True,True,True,True,False,True
AST-01467,late_delivery,chat,north,medium,False,False,False,True,58.43,26,False,False,True,True,False,False,23.81,15.53,True,False,True,True,False,True
AST-01468,wrong_item,email,midlands,medium,False,False,True,False,38.29,47,False,True,False,False,True,False,23.58,15.36,True,True,True,True,False,False
AST-01469,damaged_item,phone,south,medium,False,False,False,False,27.99,33,False,True,False,False,True,False,17.71,11.75,True,True,True,True,False,False
AST-01470,change_of_mind,email,north,low,False,False,False,False,17.37,34,False,True,False,False,False,False,16.31,9.53,False,True,True,True,True,False
AST-01471,damaged_item,email,south,medium,False,False,True,False,14.57,6,False,True,False,False,True,False,24.44,15.32,False,False,True,True,True,True
AST-01472,wrong_item,phone,north,low,False,False,False,True,19.97,8,False,True,False,False,True,False,19.5,11.75,True,True,True,True,False,False
AST-01473,wrong_item,phone,london,medium,False,False,False,False,41.47,11,False,True,False,False,True,False,19.72,13.22,True,True,True,True,False,False
AST-01474,missing_refund,email,north,low,False,False,False,True,45.08,27,False,True,False,False,True,False,13.18,7.87,True,True,True,True,False,False
AST-01475,wrong_item,phone,london,high,False,False,False,False,27.91,10,False,True,False,False,True,False,22.88,16.82,True,True,True,True,False,False
AST-01476,missing_refund,chat,north,high,False,False,False,False,9.02,27,False,False,False,False,True,False,23.69,15.24,True,True,False,True,False,False
AST-01477,change_of_mind,chat,south,medium,False,False,True,False,51.22,7,False,True,False,False,False,False,18.57,11.0,False,True,False,True,True,False
AST-01478,late_delivery,chat,midlands,low,False,False,False,False,74.17,43,False,True,False,False,False,False,12.34,6.68,True,False,True,True,False,True
AST-01479,late_delivery,email,midlands,medium,False,True,True,False,33.74,63,True,True,True,True,False,False,21.46,15.22,False,True,True,True,True,False
AST-01480,late_delivery,email,midlands,medium,False,False,False,True,151.2,13,False,True,False,True,False,False,24.58,15.67,True,False,True,True,False,True
AST-01481,warranty,chat,london,low,False,False,False,True,75.83,26,True,True,True,True,False,False,16.51,11.46,True,False,True,True,False,True
AST-01482,late_delivery,chat,london,low,False,False,False,False,112.47,53,False,True,False,True,False,False,14.63,9.05,True,True,True,True,False,False
AST-01483,late_delivery,chat,south,medium,False,False,False,True,22.32,12,False,True,True,True,False,False,18.77,12.66,False,False,True,True,True,True
AST-01484,late_delivery,email,london,low,False,False,False,True,70.33,10,False,True,True,True,False,False,20.41,14.1,True,True,True,True,False,False
AST-01485,damaged_item,chat,london,medium,False,False,False,False,114.8,17,False,True,False,True,True,False,20.43,12.53,True,True,True,True,False,False
AST-01486,missing_refund,email,north,low,False,False,True,True,52.14,53,False,True,False,False,True,False,18.33,9.98,False,True,True,True,True,False
AST-01487,damaged_item,chat,south,low,False,False,False,True,13.95,44,False,True,False,False,True,False,14.92,8.63,False,True,True,True,True,False
AST-01488,change_of_mind,chat,midlands,medium,False,False,True,True,66.76,34,False,True,True,True,False,False,25.92,17.82,True,True,False,True,False,False
AST-01489,wrong_item,chat,london,medium,False,False,False,True,35.7,19,False,True,False,False,True,False,16.31,10.29,True,True,True,True,False,False
AST-01490,change_of_mind,email,north,low,False,False,False,False,70.64,13,False,True,False,False,False,False,15.05,7.34,False,True,True,True,True,False
AST-01491,late_delivery,phone,south,low,False,False,False,False,65.19,29,False,True,False,False,False,False,12.34,7.21,False,True,True,True,True,False
AST-01492,warranty,chat,south,medium,False,False,False,True,111.26,40,True,True,True,True,False,False,18.44,12.26,False,True,False,True,True,False
AST-01493,late_delivery,chat,midlands,low,False,False,False,False,49.73,20,False,True,False,False,False,False,15.49,7.72,True,True,True,True,False,False
AST-01494,change_of_mind,phone,london,medium,False,False,False,False,20.1,19,False,True,False,False,False,False,15.96,8.14,True,False,True,True,False,True
AST-01495,missing_refund,phone,midlands,medium,False,False,False,False,204.51,61,False,True,False,True,True,False,18.22,11.11,False,True,True,True,True,False
AST-01496,warranty,chat,south,medium,False,False,False,True,24.19,54,True,True,True,True,False,False,22.1,13.84,False,True,True,True,True,False
AST-01497,change_of_mind,phone,midlands,low,False,False,False,True,142.56,31,False,True,True,True,False,False,17.21,11.32,False,True,True,True,True,False
AST-01498,damaged_item,email,midlands,high,False,False,False,False,38.42,13,False,True,False,False,True,False,25.2,16.93,True,True,True,True,False,False
AST-01499,damaged_item,chat,midlands,low,False,False,False,False,56.84,28,False,True,False,False,True,False,13.77,7.38,False,True,True,True,True,False
AST-01500,damaged_item,email,south,medium,False,False,False,False,43.09,13,False,True,False,False,True,False,13.93,8.48,True,True,True,True,False,False
AST-01501,change_of_mind,chat,north,low,False,True,False,True,70.76,77,True,True,True,True,False,False,18.33,12.15,True,True,True,True,False,False
AST-01502,damaged_item,email,north,low,False,False,False,False,24.87,13,False,True,False,False,True,False,14.81,8.46,True,True,True,True,False,False
AST-01503,change_of_mind,chat,south,low,False,False,False,False,31.99,20,False,True,False,False,False,False,12.13,5.34,True,True,True,True,False,False
AST-01504,change_of_mind,phone,london,medium,True,False,False,True,17.66,14,True,True,True,True,False,False,24.07,15.58,True,False,True,True,False,True
AST-01505,damaged_item,email,south,medium,False,False,True,False,26.43,17,False,True,False,False,True,False,21.77,13.19,False,True,False,True,True,False
AST-01506,missing_refund,email,north,low,False,False,False,True,62.2,14,False,True,False,False,True,False,20.66,11.78,True,True,True,True,False,False
AST-01507,change_of_mind,chat,london,low,False,False,False,False,111.93,66,False,True,False,True,False,False,12.84,6.42,False,True,True,True,True,False
AST-01508,change_of_mind,email,north,low,False,True,False,False,18.32,23,True,True,True,True,False,False,15.76,11.15,True,True,True,True,False,False
AST-01509,wrong_item,phone,midlands,medium,False,False,False,True,56.62,53,False,True,True,True,True,False,25.53,16.83,True,True,True,True,False,False
AST-01510,damaged_item,phone,south,medium,False,False,False,False,75.73,26,False,True,False,False,True,False,15.38,9.54,False,True,True,True,True,False
AST-01511,damaged_item,chat,north,medium,False,False,False,False,31.31,60,False,True,False,False,True,False,19.85,13.94,True,False,True,True,False,True
AST-01512,late_delivery,email,south,low,False,False,False,False,30.81,10,False,True,False,False,False,False,12.52,6.4,False,True,False,True,True,False
AST-01513,late_delivery,chat,midlands,low,False,False,False,False,55.83,24,False,True,False,False,False,False,18.35,11.85,True,True,True,True,False,False
AST-01514,wrong_item,phone,midlands,medium,False,False,False,False,34.1,15,False,False,False,False,True,False,22.79,13.17,False,True,True,True,True,False
AST-01515,change_of_mind,email,midlands,high,False,False,True,True,18.06,17,False,True,False,False,False,False,32.57,21.13,True,False,True,True,False,True
AST-01516,change_of_mind,phone,north,medium,False,False,False,True,17.83,36,False,True,True,True,False,False,20.81,14.24,False,False,True,True,True,True
AST-01517,late_delivery,chat,london,low,False,False,False,False,31.57,26,False,True,False,False,False,False,13.62,7.29,False,True,True,True,True,False
AST-01518,late_delivery,phone,london,low,False,False,False,False,112.7,21,False,True,False,True,False,False,16.57,9.11,True,True,True,True,False,False
AST-01519,warranty,phone,midlands,high,False,True,False,True,30.82,31,True,True,True,True,False,False,26.18,19.97,False,True,True,True,True,False
AST-01520,change_of_mind,chat,south,medium,True,False,False,False,23.34,43,True,True,True,True,False,False,18.65,13.64,True,True,True,True,False,False
AST-01521,late_delivery,phone,london,high,False,False,False,True,22.98,11,False,True,False,False,False,False,25.48,17.13,True,False,True,True,False,True
AST-01522,damaged_item,chat,london,high,True,False,False,True,11.68,43,True,True,True,True,True,False,28.48,21.32,False,True,True,True,True,False
AST-01523,damaged_item,email,north,medium,False,False,False,True,21.76,44,False,True,False,False,True,False,22.67,14.45,False,False,True,True,True,True
AST-01524,missing_refund,chat,north,low,False,False,False,True,47.89,24,False,True,False,False,True,False,17.75,9.3,True,True,True,True,False,False
AST-01525,wrong_item,phone,north,medium,False,False,True,True,61.05,50,False,True,False,False,True,False,22.61,14.22,False,True,True,False,True,False
AST-01526,damaged_item,chat,london,high,False,True,False,True,97.99,24,True,False,True,True,True,False,24.73,18.83,False,False,True,True,True,True
AST-01527,wrong_item,chat,london,low,False,False,False,False,113.85,18,False,True,False,True,True,False,18.09,10.25,True,True,True,True,False,False
AST-01528,change_of_mind,chat,south,medium,False,False,False,False,20.78,12,False,True,False,False,False,False,18.1,11.75,True,True,True,True,False,False
AST-01529,damaged_item,chat,midlands,low,False,False,False,False,101.49,71,False,True,False,True,True,False,11.83,7.67,False,True,True,True,True,False
AST-01530,warranty,email,north,low,False,False,False,True,16.33,9,True,True,True,True,False,False,13.68,9.14,True,True,True,True,False,False
AST-01531,wrong_item,chat,north,medium,False,False,False,True,39.32,39,False,True,False,False,True,False,23.65,13.96,False,True,True,True,True,False
AST-01532,late_delivery,chat,south,low,False,False,False,False,57.26,27,False,True,False,False,False,False,16.61,8.68,False,True,True,True,True,False
AST-01533,change_of_mind,email,london,high,False,False,False,False,18.37,51,False,True,False,False,False,False,25.53,18.58,True,False,True,True,False,True
AST-01534,change_of_mind,phone,london,medium,False,False,False,False,44.08,9,False,True,False,False,False,False,18.98,11.4,False,True,True,True,True,False
AST-01535,change_of_mind,chat,north,low,False,False,False,True,56.41,25,False,True,False,False,False,False,20.68,10.89,True,True,True,True,False,True
AST-01536,damaged_item,phone,midlands,medium,False,False,False,False,98.41,26,False,True,False,False,True,False,20.64,11.96,True,True,True,True,False,True
AST-01537,late_delivery,phone,london,medium,False,False,False,False,95.22,30,False,True,False,False,False,False,21.53,13.78,True,True,True,True,False,False
AST-01538,warranty,email,midlands,medium,False,False,True,True,50.75,19,True,True,True,True,False,False,26.71,18.98,False,False,True,True,True,True
AST-01539,damaged_item,phone,midlands,medium,False,False,False,False,22.82,13,False,True,False,False,True,False,18.99,11.57,True,True,True,True,False,False
AST-01540,change_of_mind,email,midlands,medium,True,False,True,False,13.41,35,True,True,True,True,False,False,23.05,15.6,True,False,False,True,False,True
AST-01541,change_of_mind,chat,london,low,False,False,False,True,22.88,3,False,True,False,False,False,False,17.53,9.18,False,True,True,True,True,False
AST-01542,late_delivery,email,midlands,low,False,False,False,False,59.05,18,False,True,False,False,False,False,12.95,6.72,True,True,False,True,False,False
AST-01543,late_delivery,phone,north,low,False,False,True,True,36.2,4,False,True,False,False,False,False,22.02,12.31,True,True,True,True,False,False
AST-01544,late_delivery,chat,midlands,medium,False,False,False,False,37.48,23,False,True,False,False,False,False,16.39,9.82,True,True,False,True,False,False
AST-01545,late_delivery,chat,midlands,medium,False,False,False,False,16.83,22,False,True,False,False,False,False,21.03,12.26,True,True,True,True,False,False
AST-01546,warranty,chat,london,medium,False,False,False,True,68.53,24,True,True,False,False,False,False,14.61,9.54,True,True,True,True,False,False
AST-01547,damaged_item,chat,london,medium,False,False,False,False,276.29,19,True,True,True,True,True,False,21.7,13.54,False,True,True,True,True,False
AST-01548,late_delivery,email,south,medium,False,False,False,False,18.14,30,False,True,False,False,False,False,21.85,12.93,False,True,True,True,True,False
AST-01549,wrong_item,email,midlands,low,False,False,True,False,123.01,37,False,True,False,True,True,False,18.6,10.13,False,True,False,True,True,False
AST-01550,damaged_item,phone,south,medium,False,False,False,True,40.05,2,False,True,True,True,True,False,19.27,12.9,True,True,True,True,False,False
AST-01551,damaged_item,chat,south,high,False,False,False,False,98.04,13,False,True,False,False,True,False,24.94,18.32,True,True,True,True,False,False
AST-01552,late_delivery,email,london,low,False,False,False,False,52.97,5,False,True,False,False,False,False,14.15,8.55,True,True,True,True,False,False
AST-01553,damaged_item,email,midlands,low,False,False,True,False,40.51,24,False,True,False,False,True,False,22.4,11.25,True,True,True,True,False,False
AST-01554,missing_refund,email,north,low,True,False,False,False,56.4,39,True,True,True,True,True,False,13.48,8.49,True,False,True,True,False,True
AST-01555,change_of_mind,phone,midlands,medium,True,False,True,False,39.62,26,True,True,True,True,False,False,28.33,18.82,True,True,True,True,False,False
AST-01556,change_of_mind,email,south,high,False,False,False,False,38.9,16,False,True,False,False,False,False,28.03,18.87,True,False,False,True,False,True
AST-01557,damaged_item,chat,london,low,False,False,False,False,14.92,40,False,True,False,False,True,False,10.62,5.44,True,True,True,True,False,False
AST-01558,warranty,email,north,low,False,False,False,False,46.34,20,True,True,True,True,False,False,17.89,10.84,True,True,True,True,True,False
AST-01559,damaged_item,email,south,medium,False,False,False,True,8.61,70,False,True,False,False,True,False,19.62,11.93,True,True,True,True,False,False
AST-01560,change_of_mind,phone,south,medium,False,False,False,False,11.23,24,False,True,False,False,False,False,19.04,11.13,True,True,True,True,False,False
AST-01561,wrong_item,phone,london,low,False,False,False,False,30.49,21,False,True,False,False,True,False,12.9,5.4,True,True,True,True,False,False
AST-01562,wrong_item,chat,north,medium,False,False,False,False,27.17,9,False,True,False,False,True,False,18.28,10.83,True,True,True,True,False,False
AST-01563,wrong_item,phone,south,high,False,False,False,False,47.06,5,False,True,False,False,True,False,18.17,13.95,True,False,True,True,False,True
AST-01564,change_of_mind,email,south,low,True,False,False,False,27.17,9,True,True,True,True,False,False,14.73,8.83,False,True,True,True,True,False
AST-01565,late_delivery,email,north,medium,False,False,False,False,13.17,25,False,True,False,False,False,False,20.72,12.01,True,True,True,True,False,False
AST-01566,change_of_mind,chat,south,high,False,False,False,False,36.74,51,False,True,False,False,False,False,23.37,16.59,True,True,False,True,False,False
AST-01567,missing_refund,email,london,medium,False,False,False,False,13.04,13,False,True,False,False,True,False,17.06,9.41,True,True,True,True,False,False
AST-01568,damaged_item,chat,midlands,low,False,False,False,False,40.65,13,False,True,False,False,True,False,12.64,6.32,True,True,True,True,False,False
AST-01569,late_delivery,email,south,high,True,False,False,False,14.09,59,True,True,True,True,False,False,21.19,16.24,False,True,True,True,True,False
AST-01570,warranty,email,london,low,False,False,False,True,136.44,11,True,True,True,True,False,False,16.24,10.66,False,True,True,True,True,False
AST-01571,missing_refund,email,midlands,low,False,False,False,False,219.56,54,False,True,False,True,True,False,13.18,6.19,True,True,False,True,False,False
AST-01572,warranty,chat,london,medium,False,False,False,False,15.83,43,True,True,True,True,False,False,19.79,13.17,True,True,False,True,False,False
AST-01573,wrong_item,phone,london,medium,False,False,False,False,88.53,40,False,True,False,False,True,False,21.58,12.21,False,False,True,True,True,True
AST-01574,late_delivery,phone,north,high,False,False,False,False,31.95,22,False,True,False,False,False,False,24.09,17.74,True,False,True,True,False,True
AST-01575,wrong_item,chat,south,low,True,False,False,False,28.69,31,True,True,True,True,True,False,17.33,10.25,True,True,True,True,False,False
AST-01576,wrong_item,email,north,low,False,False,False,False,136.58,18,False,True,False,True,True,False,14.14,8.19,False,True,True,True,True,False
AST-01577,missing_refund,chat,london,medium,False,False,False,True,56.85,15,False,True,False,False,True,False,19.01,11.2,False,True,True,True,True,False
AST-01578,wrong_item,chat,london,low,False,False,False,False,12.0,47,False,True,False,False,True,False,18.03,10.83,True,True,True,True,False,False
AST-01579,late_delivery,email,midlands,medium,False,False,False,False,84.95,24,False,True,False,False,False,False,17.74,9.22,True,True,True,True,False,False
AST-01580,damaged_item,email,south,high,False,True,False,True,70.41,27,True,True,True,True,True,False,26.12,19.57,True,True,False,True,False,True
AST-01581,warranty,phone,london,medium,True,False,False,True,34.92,44,True,True,True,True,False,False,21.64,15.24,False,True,False,True,True,False
AST-01582,change_of_mind,email,north,low,False,False,False,False,11.0,59,False,True,False,False,False,False,12.31,7.29,False,True,True,True,True,False
AST-01583,change_of_mind,email,london,high,True,True,False,False,91.37,23,True,True,True,True,False,False,24.35,18.4,False,True,True,True,True,False
AST-01584,damaged_item,phone,midlands,low,True,False,False,False,54.75,34,True,True,True,True,True,False,15.92,10.56,True,True,True,True,False,False
AST-01585,change_of_mind,email,north,medium,False,False,False,False,159.66,33,False,True,False,True,False,False,19.53,12.38,True,True,True,True,True,False
AST-01586,late_delivery,chat,midlands,low,False,False,True,False,21.65,4,False,True,False,False,False,False,21.24,11.48,True,True,True,True,False,False
AST-01587,change_of_mind,chat,north,high,True,True,False,False,33.03,33,True,True,True,True,False,False,20.3,17.51,False,False,True,True,True,True
AST-01588,wrong_item,email,south,low,False,False,False,False,8,34,False,True,False,False,True,False,14.6,8.09,True,True,True,True,False,False
AST-01589,late_delivery,phone,north,low,False,False,False,False,29.94,25,False,True,False,False,False,False,15.09,9.31,False,True,True,True,True,False
AST-01590,change_of_mind,phone,north,high,False,False,False,True,33.43,36,False,True,True,True,False,False,26.28,19.55,True,True,True,True,False,False
AST-01591,missing_refund,phone,north,medium,False,True,True,False,24.53,10,True,True,False,False,True,False,19.41,10.93,False,True,True,True,True,False
AST-01592,damaged_item,chat,london,low,False,False,False,True,16.26,8,False,True,False,False,True,False,12.47,8.28,True,True,True,True,False,False
AST-01593,wrong_item,phone,london,medium,False,False,False,False,132.07,7,False,True,False,True,True,False,17.76,11.11,True,True,True,True,False,False
AST-01594,wrong_item,email,midlands,medium,False,False,False,True,80.12,28,False,True,False,False,True,False,21.15,13.13,False,False,True,True,True,True
AST-01595,change_of_mind,phone,south,medium,False,False,False,False,40.87,6,False,True,False,False,False,False,19.03,10.95,True,True,True,True,False,False
AST-01596,late_delivery,phone,north,medium,False,False,True,False,40.6,33,False,True,False,False,False,False,23.41,13.11,True,True,True,True,True,False
AST-01597,damaged_item,email,south,medium,False,False,False,True,14.05,21,False,True,False,False,True,False,24.95,15.25,False,True,True,True,True,False
AST-01598,warranty,phone,london,medium,False,False,False,False,27.73,35,True,True,True,True,False,False,22.67,15.88,False,False,True,True,True,True
AST-01599,missing_refund,email,north,low,False,False,False,False,74.2,11,False,True,False,False,True,False,13.41,8.39,True,True,True,True,False,False
AST-01600,late_delivery,email,north,low,False,False,False,False,112.18,48,False,True,False,True,False,False,15.75,9.35,True,True,True,True,False,False
AST-01601,damaged_item,phone,london,medium,True,False,False,True,36.34,17,True,True,True,True,True,False,15.7,11.53,True,True,True,True,False,False
AST-01602,change_of_mind,phone,midlands,medium,True,False,False,False,52.11,32,True,True,True,True,False,False,21.52,14.99,False,True,True,True,True,False
AST-01603,missing_refund,email,south,low,False,False,False,False,79.55,2,False,True,False,False,True,False,16.22,9.71,True,True,True,True,False,False
AST-01604,damaged_item,chat,south,low,False,False,False,True,19.51,32,False,True,False,False,True,False,15.94,8.74,False,True,True,True,True,False
AST-01605,wrong_item,phone,south,low,False,False,False,False,46.28,35,False,True,False,False,True,False,13.73,7.46,True,True,False,True,False,False
AST-01606,change_of_mind,phone,south,medium,False,False,False,False,88.09,7,False,True,False,False,False,False,15.91,9.73,False,False,True,True,True,True
AST-01607,late_delivery,phone,south,low,False,False,False,False,39.19,38,False,True,False,False,False,False,6.93,4.0,True,True,True,True,False,False
AST-01608,damaged_item,email,midlands,medium,False,False,False,True,61.74,22,False,True,False,False,True,False,21.36,12.63,True,True,False,True,False,False
AST-01609,missing_refund,chat,north,medium,False,False,False,False,69.31,10,False,True,False,False,True,False,22.44,13.63,True,True,True,True,False,False
AST-01610,change_of_mind,chat,north,medium,True,False,False,False,86.24,32,True,True,True,True,False,False,22.32,16.43,False,True,True,True,True,False
AST-01611,late_delivery,chat,south,low,False,False,False,True,46.8,23,False,True,False,False,False,False,19.33,9.58,True,True,False,True,False,False
AST-01612,damaged_item,email,north,medium,False,False,False,False,12.34,7,False,True,False,False,True,False,23.87,16.36,True,True,True,True,False,False
AST-01613,change_of_mind,chat,north,high,False,False,False,True,32.79,11,False,True,False,False,False,False,28.21,19.74,False,True,True,True,True,False
AST-01614,change_of_mind,chat,south,low,True,False,False,True,21.03,24,True,True,True,True,False,False,17.81,11.73,False,True,True,True,True,False
AST-01615,change_of_mind,chat,midlands,low,False,False,True,True,240.48,55,False,True,False,True,False,False,24.35,12.29,True,True,True,True,False,False
AST-01616,late_delivery,email,midlands,low,False,False,False,False,36.79,5,False,True,False,False,False,False,13.75,8.43,True,True,True,True,False,False
AST-01617,damaged_item,chat,london,low,False,True,False,False,67.09,102,True,True,True,True,True,False,18.94,12.57,True,True,True,True,False,False
AST-01618,change_of_mind,chat,north,medium,True,True,False,True,111.61,20,True,True,True,True,False,False,22.81,15.61,False,True,True,True,True,False
AST-01619,warranty,chat,south,low,False,False,False,False,8,32,True,True,True,True,False,False,13.09,9.14,True,True,True,True,False,False
AST-01620,change_of_mind,chat,london,medium,False,False,False,True,33.68,15,False,True,False,False,False,False,20.62,11.69,True,True,True,True,False,False
AST-01621,missing_refund,email,midlands,medium,False,False,False,False,16.4,34,False,True,False,False,True,False,13.11,8.35,False,True,True,True,True,False
AST-01622,missing_refund,chat,london,high,False,False,False,True,50.62,50,False,True,False,False,True,False,29.76,20.62,False,True,True,True,True,False
AST-01623,warranty,phone,south,low,False,False,False,False,16.22,6,True,True,True,True,False,False,10.05,6.37,True,True,True,True,False,False
AST-01624,damaged_item,chat,north,low,False,False,True,False,141.83,52,False,True,False,True,True,False,13.68,7.48,False,True,False,True,True,False
AST-01625,late_delivery,email,london,medium,True,False,False,True,17.72,13,True,True,True,True,False,False,24.05,17.24,False,True,True,True,True,False
AST-01626,warranty,email,london,low,False,True,False,True,17.72,43,True,True,True,True,False,False,13.14,9.41,True,False,True,True,False,True
AST-01627,late_delivery,email,north,medium,False,False,False,False,404.43,53,True,True,True,True,False,False,19.84,14.01,True,False,False,True,True,True
AST-01628,wrong_item,email,north,high,False,False,False,False,78.5,61,False,True,False,False,True,False,24.72,16.99,False,True,True,True,True,False
AST-01629,damaged_item,phone,north,low,True,False,False,False,82.42,31,True,True,True,True,True,False,13.37,8.38,True,True,True,True,False,False
AST-01630,wrong_item,chat,london,low,False,False,False,False,11.39,36,False,True,False,False,True,False,13.23,6.94,True,True,True,True,True,False
AST-01631,change_of_mind,chat,south,medium,False,False,False,False,111.27,12,False,True,False,True,False,False,22.3,13.7,True,True,True,True,False,False
AST-01632,late_delivery,email,midlands,low,False,False,False,False,80.97,17,False,True,False,False,False,False,14.57,8.42,False,True,True,True,True,False
AST-01633,change_of_mind,phone,south,low,False,False,False,False,19.59,25,False,True,False,False,False,False,15.37,8.41,True,True,True,True,False,False
AST-01634,missing_refund,chat,south,medium,False,False,False,True,38.51,45,False,True,False,False,True,False,25.14,14.89,False,True,False,True,True,False
AST-01635,damaged_item,phone,london,medium,False,False,False,False,16.89,21,False,True,False,False,True,False,15.25,9.32,True,True,True,True,False,False
AST-01636,change_of_mind,phone,london,medium,False,False,True,False,29.5,47,False,True,False,False,False,False,26.29,16.44,False,True,True,True,True,False
AST-01637,wrong_item,chat,midlands,low,True,False,False,False,17.13,11,True,True,True,True,True,False,10.89,7.82,True,True,True,True,False,False
AST-01638,change_of_mind,phone,london,low,False,False,False,False,29.72,22,False,True,False,False,False,False,13.35,7.82,True,True,True,True,False,False
AST-01639,wrong_item,phone,south,medium,True,False,False,True,51.84,36,True,True,True,True,True,False,20.05,12.95,False,True,True,True,True,False
AST-01640,damaged_item,email,north,medium,False,False,False,False,130.14,23,False,True,False,True,True,False,21.35,14.55,False,True,True,True,True,False
AST-01641,change_of_mind,phone,london,high,False,False,True,True,90.47,26,False,True,False,False,False,False,27.89,19.49,True,False,True,True,True,True
AST-01642,late_delivery,chat,south,high,False,False,True,True,51.18,51,False,True,False,False,False,False,25.63,17.88,True,True,True,True,False,False
AST-01643,missing_refund,email,midlands,low,False,False,False,False,95.61,32,False,True,False,False,True,False,14.88,8.27,False,False,False,True,True,True
AST-01644,damaged_item,phone,london,high,False,False,False,True,165.31,31,False,True,False,True,True,False,29.71,20.79,True,False,True,True,False,True
AST-01645,wrong_item,chat,midlands,medium,False,False,False,False,97.24,21,False,True,False,False,True,False,16.47,9.76,True,True,True,True,False,False
AST-01646,wrong_item,phone,midlands,high,True,False,True,True,18.71,13,True,True,True,True,True,False,33.46,25.31,True,True,False,True,False,False
AST-01647,missing_refund,email,south,low,False,False,True,False,35.02,32,False,True,False,False,True,False,18.05,9.98,True,True,True,True,False,False
AST-01648,damaged_item,phone,north,low,False,False,False,False,52.61,3,False,True,False,False,True,False,13.37,6.31,True,True,True,True,False,False
AST-01649,warranty,chat,london,low,False,False,False,False,43.06,46,True,True,True,True,False,False,17.2,11.49,True,True,True,True,False,False
AST-01650,late_delivery,email,midlands,medium,False,False,False,False,32.73,12,False,True,False,False,False,False,24.27,16.1,True,True,True,True,False,False
AST-01651,damaged_item,email,london,high,False,False,True,False,85.73,4,False,True,False,False,True,False,25.91,18.48,True,True,True,True,False,False
AST-01652,change_of_mind,chat,south,medium,False,False,False,False,63.36,5,False,True,False,False,False,False,21.63,12.39,True,True,True,True,False,False
AST-01653,wrong_item,chat,midlands,medium,False,False,False,False,64.51,12,False,True,False,False,True,False,20.3,11.87,False,True,False,True,True,False
AST-01654,damaged_item,chat,london,medium,True,False,False,False,23.75,180,True,True,True,True,True,False,15.8,11.63,True,True,False,True,False,False
AST-01655,warranty,email,midlands,medium,False,False,True,True,85.21,8,True,True,True,True,False,False,24.77,16.49,True,False,False,True,False,True
AST-01656,damaged_item,chat,london,high,True,False,False,False,103.32,28,True,True,False,True,True,False,26.35,17.69,True,True,True,True,False,False
AST-01657,change_of_mind,chat,south,low,False,False,False,False,100.24,26,False,True,False,True,False,False,17.54,8.46,True,True,True,True,False,False
AST-01658,warranty,email,north,low,False,False,False,True,24.58,7,True,True,True,True,False,False,15.65,9.14,True,True,True,True,False,False
AST-01659,damaged_item,phone,south,low,False,False,True,False,66.17,40,False,True,False,False,True,False,23.06,11.66,True,True,True,True,True,False
AST-01660,wrong_item,email,midlands,medium,False,False,True,True,56.62,9,False,True,False,False,True,False,27.05,16.61,False,False,True,True,True,True
AST-01661,late_delivery,email,south,medium,False,False,False,True,13.15,34,False,True,True,True,False,False,24.74,17.41,True,True,True,True,False,False
AST-01662,change_of_mind,phone,london,low,False,False,False,False,11.75,45,False,True,False,False,False,False,17.52,9.11,True,True,True,True,False,False
AST-01663,change_of_mind,chat,london,low,False,False,False,False,245.07,7,False,True,False,True,False,False,10.18,6.95,True,True,True,True,False,False
AST-01664,missing_refund,email,london,low,True,False,False,False,92.87,11,True,True,True,True,True,False,15.25,10.07,False,True,False,True,True,False
AST-01665,wrong_item,email,london,high,False,False,False,False,35.7,45,False,True,False,False,True,False,21.84,15.1,True,True,True,True,False,False
AST-01666,damaged_item,email,london,low,False,False,True,False,75.51,49,False,True,False,False,True,False,19.25,11.07,True,True,True,True,False,False
AST-01667,late_delivery,email,north,medium,False,False,True,False,40.31,20,False,True,False,False,False,False,23.91,14.0,False,True,True,True,True,False
AST-01668,missing_refund,chat,south,low,False,False,False,False,283.35,35,True,True,True,True,True,False,14.16,8.57,True,True,True,True,False,False
AST-01669,change_of_mind,chat,north,low,False,False,False,False,13.35,33,False,True,False,False,False,False,13.96,7.43,True,True,True,True,False,False
AST-01670,change_of_mind,chat,north,low,False,False,False,False,14.27,15,False,True,False,False,False,False,15.86,9.54,True,True,True,True,False,False
AST-01671,missing_refund,email,south,medium,False,False,False,False,14.18,26,False,True,False,False,True,False,21.98,13.27,True,False,True,True,False,True
AST-01672,wrong_item,chat,london,low,False,False,False,False,33.27,15,False,True,False,False,True,False,16.16,9.87,True,True,True,True,False,False
AST-01673,warranty,email,south,low,False,True,False,False,36.7,5,True,True,True,True,False,False,13.58,8.72,True,True,True,True,False,False
AST-01674,damaged_item,chat,south,medium,False,False,False,False,21.26,12,False,True,False,False,True,False,20.14,12.49,False,True,False,True,True,False
AST-01675,late_delivery,email,north,medium,True,False,False,True,43.93,16,True,True,True,True,False,False,24.3,16.88,True,True,True,True,False,False
AST-01676,warranty,email,london,medium,False,True,False,False,31.47,84,True,True,True,True,False,False,21.93,14.23,False,True,True,True,True,False
AST-01677,missing_refund,phone,midlands,low,False,False,False,True,24.79,59,False,True,False,False,True,False,9.29,5.26,False,True,True,True,True,True
AST-01678,change_of_mind,phone,london,low,False,False,False,False,32.55,60,False,True,False,False,False,False,18.34,9.85,True,True,False,True,False,False
AST-01679,late_delivery,chat,london,low,False,True,False,True,21.11,22,True,True,True,True,False,False,14.52,9.99,True,True,False,True,True,False
AST-01680,missing_refund,email,london,low,False,False,True,False,37.81,33,False,True,False,False,True,False,18.86,10.22,False,True,True,True,True,False
AST-01681,damaged_item,chat,london,medium,False,False,True,False,38.08,19,False,True,False,False,True,False,25.08,15.27,True,True,True,True,False,False
AST-01682,wrong_item,email,north,low,False,False,False,False,37.08,18,False,True,False,False,True,False,12.58,7.75,False,True,True,True,True,False
AST-01683,change_of_mind,email,midlands,low,False,False,False,False,18.18,18,False,True,False,False,False,False,12.98,7.08,True,True,True,True,False,False
AST-01684,damaged_item,chat,midlands,low,False,False,False,True,24.62,4,False,True,True,True,True,False,21.22,13.16,True,True,True,True,False,False
AST-01685,missing_refund,chat,south,medium,False,True,False,False,149.6,71,True,True,True,True,True,False,18.0,12.91,True,True,True,True,False,False
AST-01686,late_delivery,phone,london,low,False,False,False,False,89.21,7,False,True,False,False,False,False,11.23,6.22,True,True,False,True,False,False
AST-01687,damaged_item,chat,midlands,medium,False,False,False,False,29.12,20,False,True,False,False,True,False,19.98,11.76,False,False,True,True,True,True
AST-01688,missing_refund,chat,south,low,False,False,False,False,48.67,4,False,True,False,False,True,False,10.24,6.06,True,True,True,True,False,False
AST-01689,wrong_item,phone,london,high,False,False,False,False,64.77,48,False,True,False,False,True,False,20.32,13.82,True,True,False,True,False,False
AST-01690,wrong_item,phone,south,low,False,False,False,True,68.41,28,False,True,True,True,True,False,17.47,10.8,True,True,True,True,False,False
AST-01691,change_of_mind,chat,north,low,False,False,False,True,40.32,3,False,True,True,True,False,False,16.97,10.54,True,False,True,True,False,True
AST-01692,warranty,chat,south,low,True,False,False,True,14.41,31,True,True,True,True,False,False,23.5,14.83,True,True,False,True,False,False
AST-01693,damaged_item,chat,south,high,False,False,True,True,92.89,7,False,True,False,False,True,False,28.05,18.91,False,False,True,True,True,True
AST-01694,late_delivery,phone,north,low,False,False,False,False,37.54,31,False,True,False,False,False,False,17.21,9.12,True,True,True,True,False,False
AST-01695,late_delivery,chat,london,low,False,False,False,False,116.1,12,False,True,False,True,False,False,16.53,7.66,False,True,False,True,True,False
AST-01696,late_delivery,chat,london,medium,False,False,False,True,34.87,9,False,True,False,False,False,False,16.44,9.48,True,True,True,True,True,False
AST-01697,change_of_mind,phone,north,medium,False,False,True,True,16.39,40,False,True,False,False,False,False,21.91,13.85,True,True,False,True,False,False
AST-01698,wrong_item,chat,london,low,False,False,False,False,51.0,26,False,True,False,False,True,False,17.0,9.66,True,True,True,True,True,False
AST-01699,damaged_item,phone,london,low,False,False,False,False,40.43,59,False,True,False,False,True,False,16.21,9.7,True,True,True,True,False,False
AST-01700,change_of_mind,phone,north,low,False,False,False,False,85.99,62,False,True,False,False,False,False,10.8,5.95,True,True,True,True,False,False
AST-01701,damaged_item,chat,midlands,low,False,False,False,False,32.39,36,False,True,False,False,True,False,12.29,6.65,True,True,True,True,False,False
AST-01702,late_delivery,email,south,low,False,False,True,False,153.27,20,False,True,False,True,False,False,18.46,8.88,False,True,True,True,True,False
AST-01703,late_delivery,chat,south,low,False,False,False,False,43.93,11,False,True,False,False,False,False,13.5,8.42,True,True,True,True,False,False
AST-01704,damaged_item,phone,midlands,high,False,False,False,False,22.24,19,False,True,False,False,True,False,23.76,15.87,False,True,True,True,True,False
AST-01705,late_delivery,email,midlands,high,False,False,False,False,145.03,25,False,True,False,True,False,False,22.09,14.84,True,True,True,True,False,False
AST-01706,change_of_mind,phone,london,medium,False,False,False,False,68.63,14,False,True,False,False,False,False,23.92,14.38,True,True,True,True,False,False
AST-01707,missing_refund,phone,south,high,True,False,True,False,21.07,31,True,True,True,True,True,False,30.96,21.82,False,True,True,True,True,False
AST-01708,damaged_item,chat,london,low,True,False,False,False,56.06,37,True,True,True,True,True,False,13.74,10.56,True,True,True,True,False,False
AST-01709,damaged_item,phone,south,low,False,False,False,False,115.26,16,False,True,False,True,True,False,19.18,10.75,False,True,True,True,True,False
AST-01710,change_of_mind,phone,north,low,False,True,False,True,8,47,True,True,True,True,False,False,20.42,12.42,False,True,True,True,True,False
AST-01711,change_of_mind,email,london,low,False,False,False,False,108.02,1,False,True,False,True,False,False,9.72,4.55,True,True,True,True,False,False
AST-01712,warranty,chat,london,low,False,False,False,False,17.13,12,True,True,True,True,False,False,13.14,9.4,True,True,True,True,False,False
AST-01713,late_delivery,chat,south,low,False,False,False,True,56.57,38,False,True,False,False,False,False,20.31,10.06,True,True,True,True,False,False
AST-01714,late_delivery,email,north,medium,False,False,False,False,32.86,40,False,True,False,False,False,False,22.27,13.07,True,True,True,True,False,False
AST-01715,change_of_mind,email,london,medium,False,False,True,True,68.62,8,False,True,False,False,False,False,23.5,15.38,True,False,True,True,False,True
AST-01716,warranty,email,south,medium,False,False,False,False,74.86,10,True,False,True,True,False,False,22.01,14.65,True,True,True,True,False,False
AST-01717,change_of_mind,email,south,low,False,False,False,False,31.8,27,False,True,False,False,False,False,13.51,6.54,False,True,True,True,True,False
AST-01718,missing_refund,phone,south,medium,True,False,False,False,123.61,24,True,False,True,True,True,False,22.46,17.3,True,True,True,True,False,False
AST-01719,change_of_mind,phone,midlands,low,False,False,False,True,33.94,18,False,True,False,False,False,False,22.18,11.81,True,True,True,True,False,False
AST-01720,late_delivery,chat,london,low,False,False,False,False,31.85,21,False,True,False,False,False,False,15.56,8.71,True,True,True,True,False,False
AST-01721,change_of_mind,phone,midlands,medium,False,True,False,True,36.76,49,True,True,True,True,False,False,25.94,17.23,True,True,True,True,False,False
AST-01722,change_of_mind,phone,south,high,False,False,False,True,8,18,False,True,False,False,False,False,25.89,18.49,False,True,True,True,True,False
AST-01723,missing_refund,email,london,high,False,False,False,True,32.22,23,False,True,False,False,True,False,25.33,16.32,False,True,True,True,True,False
AST-01724,damaged_item,phone,north,low,False,False,False,False,16.17,6,False,True,False,False,True,False,10.12,5.37,True,True,True,True,False,False
AST-01725,change_of_mind,phone,london,low,False,False,False,False,19.65,28,False,True,False,False,False,False,11.86,7.36,False,True,True,True,True,False
AST-01726,warranty,chat,midlands,low,False,False,False,False,92.15,25,True,True,True,True,False,False,13.89,10.49,True,True,True,True,False,False
AST-01727,wrong_item,email,london,medium,False,False,False,True,60.36,8,False,True,True,True,True,False,21.27,15.01,True,True,True,True,False,False
AST-01728,late_delivery,email,london,low,False,False,False,False,28.32,9,False,True,False,False,False,False,18.17,9.71,True,True,True,True,False,False
AST-01729,wrong_item,phone,midlands,medium,True,False,False,False,38.66,30,True,True,True,True,True,False,17.98,12.07,True,True,True,True,False,False
AST-01730,wrong_item,chat,south,high,False,False,False,False,56.16,8,False,True,False,False,True,False,27.53,19.03,True,True,True,True,False,False
AST-01731,missing_refund,chat,north,high,False,False,False,False,51.12,21,False,True,False,False,True,False,22.64,14.08,True,True,True,True,False,False
AST-01732,late_delivery,email,south,medium,False,False,False,False,14.97,30,False,True,False,False,False,False,21.43,12.78,True,False,True,True,False,True
AST-01733,damaged_item,chat,london,medium,False,False,True,False,123.32,13,False,True,False,True,True,False,25.54,15.06,True,False,True,True,False,True
AST-01734,damaged_item,chat,midlands,low,False,False,True,False,46.57,25,False,True,False,False,True,False,22.29,12.57,True,True,True,True,False,False
AST-01735,change_of_mind,chat,midlands,medium,False,False,False,False,145.15,19,False,True,False,True,False,False,16.93,10.81,True,True,True,True,False,False
AST-01736,wrong_item,chat,south,low,False,False,False,True,168.18,9,False,True,False,True,True,False,17.67,9.44,True,True,True,True,False,False
AST-01737,damaged_item,phone,london,high,False,False,True,False,64.36,17,False,True,False,False,True,False,26.01,16.91,False,True,False,True,True,False
AST-01738,damaged_item,phone,midlands,high,False,False,False,False,30.34,11,False,True,False,False,True,False,27.11,18.03,False,True,True,True,True,False
AST-01739,late_delivery,chat,london,low,False,False,False,True,53.5,18,False,True,True,True,False,False,17.64,11.38,True,True,True,True,True,False
AST-01740,missing_refund,chat,north,low,False,True,False,False,122.27,57,True,True,True,True,True,False,20.07,12.94,True,True,True,True,False,False
AST-01741,damaged_item,email,south,low,False,False,False,False,28.99,65,False,True,False,False,True,False,15.1,7.51,True,True,True,True,False,False
AST-01742,late_delivery,chat,midlands,medium,True,False,True,False,11.76,13,True,True,True,True,False,False,25.16,15.9,False,True,True,True,True,False
AST-01743,wrong_item,phone,north,medium,False,False,True,False,61.82,28,False,True,False,False,True,False,23.62,13.0,False,True,True,True,True,False
AST-01744,late_delivery,phone,south,medium,False,True,True,True,52.65,52,True,True,True,True,False,False,24.87,17.2,True,True,True,True,False,False
AST-01745,damaged_item,phone,north,medium,False,False,True,True,40.52,8,False,True,False,False,True,False,28.52,18.21,True,True,False,True,True,False
AST-01746,wrong_item,email,south,high,True,False,False,False,33.36,27,True,True,True,True,True,False,22.69,18.31,False,True,True,True,True,False
AST-01747,wrong_item,phone,london,low,False,False,False,False,101.75,6,False,False,False,True,True,False,17.64,8.83,True,True,True,True,False,False
AST-01748,damaged_item,chat,london,low,False,False,True,False,20.21,15,False,True,False,False,True,False,18.72,10.92,True,True,True,True,False,False
AST-01749,late_delivery,email,london,high,False,False,False,False,107.06,37,False,True,False,True,False,False,26.62,17.52,True,False,True,True,False,True
AST-01750,damaged_item,phone,london,low,False,False,False,False,34.85,24,False,True,False,False,True,False,15.79,8.37,True,True,True,True,False,False
AST-01751,change_of_mind,phone,midlands,medium,False,False,False,True,55.57,49,False,True,False,False,False,False,21.53,11.29,True,True,True,True,False,False
AST-01752,missing_refund,phone,south,high,False,False,False,False,59.07,27,False,True,False,False,True,False,23.11,16.13,True,True,True,True,False,False
AST-01753,damaged_item,chat,south,low,False,False,False,True,31.64,20,False,True,False,False,True,False,22.4,12.52,True,False,True,True,False,True
AST-01754,missing_refund,phone,north,low,False,False,False,True,86.5,12,False,True,False,False,True,False,12.43,7.08,True,True,True,True,False,False
AST-01755,damaged_item,chat,midlands,low,False,False,False,False,12.6,24,False,True,False,False,True,False,15.95,9.18,True,True,True,True,False,False
AST-01756,warranty,chat,midlands,medium,True,False,False,False,9.08,24,True,True,True,True,False,False,20.93,14.29,True,True,True,True,False,False
AST-01757,missing_refund,email,london,medium,False,False,True,False,18.63,10,False,True,False,False,True,False,22.04,14.04,False,False,False,True,True,True
AST-01758,late_delivery,chat,south,medium,False,False,False,False,47.4,35,False,True,False,False,False,False,24.14,13.56,True,True,True,True,False,False
AST-01759,damaged_item,email,north,low,False,False,False,False,68.97,5,False,True,False,False,True,False,17.4,9.17,True,True,True,True,False,False
AST-01760,wrong_item,chat,midlands,low,False,False,False,False,35.68,71,False,True,False,False,True,False,15.21,9.6,False,True,True,True,True,False
AST-01761,late_delivery,chat,south,low,False,False,False,False,24.6,13,False,True,False,False,False,False,16.22,9.48,False,True,False,True,True,False
AST-01762,wrong_item,email,south,low,False,False,False,False,43.65,59,False,True,False,False,True,False,12.51,7.2,True,True,True,True,False,False
AST-01763,wrong_item,phone,london,low,False,False,False,False,23.4,9,False,True,False,False,True,False,14.9,9.68,False,True,False,True,True,False
AST-01764,late_delivery,chat,london,low,False,False,False,True,57.32,7,False,True,False,False,False,False,15.56,8.47,True,True,True,True,False,False
AST-01765,change_of_mind,phone,south,low,False,False,False,False,8,35,False,True,False,False,False,False,11.8,6.31,True,True,True,True,False,False
AST-01766,missing_refund,phone,south,medium,False,False,False,True,11.32,11,False,True,False,False,True,False,18.5,11.77,True,True,True,True,False,False
AST-01767,late_delivery,chat,london,medium,False,False,True,True,42.28,33,False,True,False,False,False,False,26.34,16.81,False,True,True,True,True,False
AST-01768,damaged_item,phone,north,high,False,False,False,False,33.08,27,False,True,False,False,True,False,27.9,18.26,True,False,True,True,False,True
AST-01769,damaged_item,phone,south,medium,True,False,False,False,11.4,45,True,True,True,True,True,False,18.75,13.45,True,False,True,True,False,True
AST-01770,warranty,email,north,medium,False,False,False,False,12.93,13,True,True,True,True,False,False,23.23,17.09,False,True,True,True,True,False
AST-01771,wrong_item,email,north,low,False,False,False,False,22.04,9,False,True,False,False,True,False,11.15,6.0,True,True,True,True,True,False
AST-01772,damaged_item,phone,south,low,False,False,False,False,157.38,7,False,True,False,True,True,False,10.61,5.38,False,True,True,True,True,False
AST-01773,change_of_mind,phone,midlands,high,True,True,True,False,68.29,57,True,True,True,True,False,False,22.75,16.61,True,True,True,True,False,False
AST-01774,wrong_item,chat,south,low,False,False,False,False,16.7,25,False,True,False,False,True,False,13.23,7.51,True,True,True,True,False,False
AST-01775,late_delivery,email,midlands,high,False,False,False,False,66.32,15,False,True,False,False,False,False,29.41,20.22,True,True,True,True,False,False
AST-01776,change_of_mind,chat,north,low,False,False,False,False,93.66,55,False,True,False,False,False,False,14.52,7.61,False,True,True,True,True,False
AST-01777,wrong_item,chat,south,low,False,False,False,False,20.8,6,False,True,False,False,True,False,16.17,8.64,True,True,True,True,False,False
AST-01778,wrong_item,phone,south,low,False,False,False,False,26.16,46,False,True,False,False,True,False,22.16,11.86,True,True,True,True,False,False
AST-01779,missing_refund,email,midlands,medium,False,False,False,False,59.37,61,False,False,False,False,True,False,18.48,12.25,False,False,True,True,True,True
AST-01780,late_delivery,phone,midlands,low,False,False,False,False,62.42,18,False,True,False,False,False,False,17.29,9.0,True,True,True,True,False,False
AST-01781,damaged_item,chat,midlands,low,False,False,False,False,91.74,32,False,True,False,False,True,False,13.46,7.37,True,True,True,True,False,False
AST-01782,late_delivery,phone,midlands,low,False,False,False,False,94.18,2,False,True,False,False,False,False,16.18,8.97,True,True,False,True,False,False
AST-01783,late_delivery,chat,london,low,True,False,False,False,15.72,37,True,True,True,True,False,False,14.95,9.86,False,True,True,True,True,False
AST-01784,late_delivery,chat,south,low,False,False,False,False,19.36,30,False,True,False,False,False,False,9.29,4.0,False,True,True,True,True,False
AST-01785,late_delivery,phone,london,medium,False,False,True,False,113.62,19,False,True,False,True,False,False,25.37,15.42,True,True,True,True,False,False
AST-01786,damaged_item,chat,london,medium,False,False,False,False,30.55,30,False,True,False,False,True,False,16.45,9.68,False,True,True,True,True,False
AST-01787,change_of_mind,phone,london,low,False,False,False,True,71.86,18,False,True,True,True,False,False,21.02,13.58,True,True,True,True,False,False
AST-01788,late_delivery,chat,north,medium,False,False,False,True,40.52,36,False,True,True,True,False,False,21.08,15.24,True,False,True,True,False,True
AST-01789,change_of_mind,email,london,high,False,False,True,True,94.71,27,False,True,True,True,False,False,26.32,19.07,True,True,False,True,False,False
AST-01790,late_delivery,chat,midlands,medium,False,False,False,False,12.16,10,False,True,False,False,False,False,17.94,11.66,True,True,True,True,False,False
AST-01791,late_delivery,email,midlands,low,False,False,False,False,52.41,37,False,True,False,False,False,False,15.52,9.69,True,True,False,True,True,False
AST-01792,damaged_item,chat,london,medium,False,False,False,True,27.27,9,False,True,False,False,True,False,21.03,13.49,False,True,True,True,True,False
AST-01793,late_delivery,chat,south,high,False,False,False,False,41.27,8,False,False,False,False,False,False,27.21,18.17,False,True,True,True,True,False
AST-01794,warranty,email,london,medium,False,False,False,True,44.48,47,True,True,True,True,False,False,21.9,15.35,False,True,True,True,True,False
AST-01795,damaged_item,email,south,medium,False,False,True,True,26.65,15,False,True,False,False,True,False,17.65,10.36,True,True,True,True,False,False
AST-01796,damaged_item,email,south,low,False,False,False,True,289.51,8,True,True,True,True,True,False,13.47,9.77,True,True,True,True,False,False
AST-01797,warranty,email,london,low,False,False,False,True,75.13,42,True,True,True,True,False,False,15.28,9.43,True,True,True,True,False,False
AST-01798,change_of_mind,email,north,high,False,False,False,False,24.17,30,False,True,False,False,False,False,25.02,17.92,True,True,True,True,False,False
AST-01799,missing_refund,phone,london,low,False,False,False,False,117.99,19,False,True,False,True,True,False,15.41,9.61,False,True,True,True,True,False
AST-01800,wrong_item,phone,north,low,False,False,False,False,19.48,7,False,True,False,False,True,False,8.23,5.66,True,False,True,True,False,True
AST-01801,late_delivery,email,london,medium,False,False,False,False,53.63,47,False,True,False,False,False,False,10.36,6.58,True,True,True,True,False,False
AST-01802,damaged_item,email,north,high,False,False,False,True,14.64,75,False,True,False,False,True,False,24.77,17.31,True,True,True,True,True,False
AST-01803,missing_refund,chat,midlands,low,False,False,False,False,61.54,28,False,True,False,False,True,False,13.2,7.84,True,True,True,True,False,False
AST-01804,change_of_mind,email,midlands,low,False,False,False,False,33.11,46,False,True,False,False,False,False,17.52,10.15,True,True,True,True,False,False
AST-01805,change_of_mind,email,north,medium,True,False,False,False,133.18,19,True,True,True,True,False,False,20.37,13.86,True,True,False,True,False,False
AST-01806,warranty,email,london,medium,False,True,False,False,59.27,14,True,True,True,True,False,False,19.61,14.53,False,True,False,True,True,False
AST-01807,late_delivery,chat,london,medium,False,True,False,True,46.9,10,True,True,True,True,False,False,18.24,13.55,True,True,True,True,False,False
AST-01808,damaged_item,phone,north,low,False,False,False,True,21.98,45,False,True,True,True,True,False,15.76,9.79,True,True,True,True,False,False
AST-01809,damaged_item,phone,north,low,False,False,False,False,94.15,55,False,True,False,False,True,False,18.9,10.37,True,True,True,True,False,False
AST-01810,wrong_item,email,north,low,False,False,False,False,124.74,16,False,True,False,True,True,False,12.14,7.07,True,True,True,True,False,False
AST-01811,change_of_mind,email,north,medium,False,False,False,False,42.55,29,False,True,False,False,False,False,19.24,11.43,True,True,True,True,True,False
AST-01812,late_delivery,chat,north,low,True,False,False,False,17.34,49,True,True,True,True,False,False,11.47,7.85,False,True,True,True,True,False
AST-01813,warranty,email,north,medium,False,False,False,False,16.84,54,True,True,True,True,False,False,18.82,13.64,False,True,True,True,True,False
AST-01814,change_of_mind,email,north,medium,False,False,False,True,14.98,97,False,True,False,False,False,False,20.04,11.68,True,True,True,True,False,False
AST-01815,change_of_mind,phone,south,low,False,False,False,True,45.81,6,False,True,True,True,False,False,17.2,11.52,True,True,True,True,False,False
AST-01816,late_delivery,chat,london,low,False,False,False,True,43.83,20,False,True,False,False,False,False,17.52,9.27,True,True,True,True,False,False
AST-01817,missing_refund,phone,north,high,False,False,True,True,8,46,False,True,False,False,True,False,31.0,20.03,False,False,True,False,True,True
AST-01818,wrong_item,email,south,medium,True,False,False,False,40.99,22,True,True,True,True,True,False,20.68,14.95,False,True,True,True,True,False
AST-01819,damaged_item,email,london,high,False,True,False,False,39.13,14,True,True,True,True,True,False,31.59,23.16,True,True,True,True,False,False
AST-01820,change_of_mind,phone,north,medium,False,False,True,True,26.39,32,False,True,False,False,False,False,26.97,16.41,True,False,False,True,False,True
AST-01821,wrong_item,chat,midlands,high,False,False,False,False,27.73,5,False,True,False,False,True,False,22.55,14.52,True,True,True,True,False,False
AST-01822,missing_refund,chat,london,medium,False,False,False,False,49.29,26,False,True,False,False,True,False,21.86,13.29,False,True,True,True,True,False
AST-01823,damaged_item,email,north,low,False,True,True,False,35.75,23,True,True,True,True,True,False,19.98,13.96,False,False,True,True,True,True
AST-01824,damaged_item,chat,london,medium,False,False,False,True,46.84,35,False,True,False,False,True,False,23.74,14.26,True,True,True,True,False,False
AST-01825,wrong_item,chat,london,low,False,False,False,False,71.3,28,False,True,False,False,True,False,16.3,8.86,True,True,True,True,False,False
AST-01826,change_of_mind,phone,south,low,False,False,False,False,46.21,48,False,True,False,False,False,False,14.67,7.92,True,True,True,True,False,False
AST-01827,missing_refund,email,south,low,False,False,False,False,50.89,26,False,True,False,False,True,False,18.69,10.35,True,True,True,True,True,False
AST-01828,late_delivery,chat,south,low,False,False,True,False,85.22,18,False,True,False,False,False,False,18.88,11.31,True,True,True,True,False,False
AST-01829,late_delivery,email,north,high,False,False,True,True,31.85,19,False,True,False,False,False,False,23.82,15.42,False,True,True,True,True,False
AST-01830,missing_refund,phone,london,medium,False,False,False,False,12.41,76,False,True,False,False,True,False,23.76,14.45,False,True,False,True,True,False
AST-01831,change_of_mind,email,south,low,True,False,False,False,16.96,6,True,True,True,True,False,False,18.13,11.79,True,True,True,True,False,False
AST-01832,change_of_mind,phone,london,medium,False,False,False,True,26.55,14,False,True,False,False,False,False,21.76,12.78,False,True,True,True,True,False
AST-01833,wrong_item,phone,london,low,False,False,False,False,10.85,42,False,True,False,False,True,False,15.46,9.32,True,True,True,True,False,False
AST-01834,missing_refund,email,london,low,False,False,False,False,17.61,26,False,True,False,False,True,False,15.96,9.13,False,True,True,True,True,False
AST-01835,change_of_mind,chat,midlands,low,False,False,False,False,41.9,4,False,True,False,False,False,False,15.15,9.63,True,True,True,True,False,False
AST-01836,change_of_mind,chat,midlands,medium,False,False,False,False,23.52,41,False,True,False,False,False,False,16.96,11.38,True,True,True,True,False,False
AST-01837,late_delivery,email,south,medium,False,False,True,False,71.92,47,False,True,False,False,False,False,19.57,12.55,False,True,False,True,True,False
AST-01838,damaged_item,email,north,low,False,False,True,False,25.79,15,False,True,False,False,True,False,17.22,9.32,False,True,False,True,True,False
AST-01839,late_delivery,phone,south,low,False,False,False,False,8.01,40,False,True,False,False,False,False,10.45,6.12,True,True,True,True,False,False
AST-01840,late_delivery,email,north,low,False,False,False,False,41.59,12,False,True,False,False,False,False,11.75,6.39,True,True,True,True,False,False
AST-01841,wrong_item,phone,midlands,low,False,False,False,False,18.86,8,False,True,False,False,True,False,15.81,7.68,False,True,True,True,True,False
AST-01842,late_delivery,chat,south,medium,False,False,False,False,29.19,33,False,True,False,False,False,False,21.89,12.69,True,True,True,True,False,False
AST-01843,change_of_mind,phone,south,high,False,False,True,True,117.26,36,False,True,False,True,False,False,33.12,21.96,False,True,True,True,True,False
AST-01844,missing_refund,email,midlands,medium,False,False,False,False,50.89,23,False,True,False,False,True,False,20.2,12.43,False,True,True,True,True,False
AST-01845,late_delivery,email,north,medium,True,False,False,True,29.36,43,True,False,True,True,False,False,20.06,14.66,True,True,True,True,False,False
AST-01846,missing_refund,phone,south,low,False,False,True,True,131.44,42,False,True,False,True,True,False,23.67,13.24,False,True,True,True,True,False
AST-01847,damaged_item,phone,london,medium,False,False,False,False,27.96,4,False,True,False,False,True,False,16.12,8.65,True,True,True,True,False,False
AST-01848,late_delivery,chat,london,medium,False,False,False,False,29.27,21,False,True,False,False,False,False,22.94,12.42,True,True,True,True,False,False
AST-01849,wrong_item,email,north,low,False,False,False,False,48.7,15,False,True,False,False,True,False,20.54,10.9,True,True,True,True,False,False
AST-01850,late_delivery,chat,south,medium,False,False,False,False,17.66,11,False,True,False,False,False,False,22.8,13.53,True,True,True,True,False,False
AST-01851,warranty,chat,north,low,False,False,False,False,23.41,52,True,True,False,False,False,False,14.72,6.91,True,True,True,True,False,False
AST-01852,damaged_item,phone,midlands,high,False,False,True,False,332.77,19,True,True,True,True,True,False,25.04,21.03,False,True,False,True,True,False
AST-01853,wrong_item,chat,midlands,medium,False,False,False,False,34.81,16,False,True,False,False,True,False,17.78,11.57,True,True,True,True,False,False
AST-01854,wrong_item,chat,south,medium,False,False,False,True,174.57,12,False,True,True,True,True,False,19.19,12.8,False,True,True,True,True,False
AST-01855,wrong_item,chat,midlands,low,False,False,False,False,17.78,23,False,True,False,False,True,False,18.17,10.41,True,True,True,True,True,False
AST-01856,change_of_mind,email,south,medium,False,False,False,True,21.73,3,False,False,False,False,False,False,23.63,15.81,True,True,False,True,False,False
AST-01857,wrong_item,phone,north,low,False,False,False,False,80.53,17,False,True,False,False,True,False,14.48,8.36,False,False,True,True,True,True
AST-01858,wrong_item,email,south,medium,False,False,False,False,50.28,14,False,True,False,False,True,False,21.22,12.98,True,False,True,True,False,True
AST-01859,missing_refund,email,midlands,low,False,False,False,False,90.91,15,False,True,False,False,True,False,17.36,9.2,True,True,True,True,False,False
AST-01860,change_of_mind,chat,midlands,low,False,False,False,True,118.32,20,False,True,False,True,False,False,16.8,8.36,False,True,True,True,True,False
AST-01861,change_of_mind,email,midlands,low,False,False,False,True,48.64,29,False,True,False,False,False,False,23.02,11.36,True,True,True,True,False,False
AST-01862,warranty,chat,south,high,False,True,False,True,45.22,12,True,True,True,True,False,False,22.42,16.11,False,False,True,True,True,True
AST-01863,change_of_mind,chat,north,medium,True,False,True,False,62.39,33,True,True,True,True,False,False,21.15,15.41,True,True,True,True,False,False
AST-01864,late_delivery,chat,south,low,False,False,False,True,17.51,13,False,True,False,False,False,False,16.3,9.2,True,True,True,True,False,False
AST-01865,change_of_mind,chat,north,medium,False,False,False,True,57.6,32,False,True,False,False,False,False,25.24,15.0,False,False,True,True,True,True
AST-01866,change_of_mind,email,london,low,True,False,False,False,116.14,61,True,True,True,True,False,False,15.16,9.6,True,True,True,True,False,False
AST-01867,warranty,phone,north,medium,False,True,False,True,19.05,53,True,True,True,True,False,False,23.23,15.17,True,True,True,True,False,False
AST-01868,change_of_mind,email,north,medium,False,False,True,False,23.52,21,False,False,False,False,False,False,21.89,13.06,True,True,False,True,False,False
AST-01869,change_of_mind,chat,south,medium,False,False,False,True,29.41,55,False,True,False,False,False,False,24.7,14.48,True,True,True,True,False,False
AST-01870,missing_refund,chat,north,medium,False,False,False,False,43.17,20,False,True,False,False,True,False,18.23,10.29,False,True,True,True,True,False
AST-01871,missing_refund,phone,midlands,medium,False,False,False,True,37.05,52,False,True,False,False,True,False,23.51,13.99,True,True,True,True,False,False
AST-01872,missing_refund,phone,south,high,False,False,False,True,49.87,26,False,True,False,False,True,False,26.28,17.5,False,True,True,True,True,False
AST-01873,damaged_item,phone,south,medium,False,False,False,True,20.73,19,False,True,False,False,True,False,24.37,14.27,True,True,False,True,False,False
AST-01874,late_delivery,phone,midlands,medium,False,False,True,False,75.67,32,False,True,False,False,False,False,24.24,14.42,True,True,True,True,False,False
AST-01875,missing_refund,phone,london,low,False,False,False,True,95.0,15,False,True,False,False,True,False,14.23,8.06,False,True,True,True,True,False
AST-01876,change_of_mind,phone,london,low,False,False,False,False,19.49,12,False,True,False,False,False,False,14.58,8.34,True,True,True,True,False,False
AST-01877,change_of_mind,email,midlands,medium,False,False,False,True,42.29,50,False,True,False,False,False,False,21.35,12.94,True,False,False,True,False,True
AST-01878,wrong_item,email,london,medium,True,False,True,False,53.94,51,True,True,True,True,True,False,19.3,13.99,False,False,True,True,True,True
AST-01879,wrong_item,chat,north,low,False,False,True,False,33.93,77,False,True,False,False,True,False,17.54,9.51,False,True,False,True,True,False
AST-01880,change_of_mind,email,london,low,True,False,False,False,90.34,11,True,True,True,True,False,False,15.03,10.4,True,True,True,True,False,False
AST-01881,wrong_item,email,south,low,False,False,False,False,53.35,19,False,True,False,False,True,False,15.9,8.19,True,True,True,True,False,False
AST-01882,missing_refund,chat,north,low,False,False,False,False,68.4,6,False,True,False,False,True,False,15.74,7.15,True,True,True,True,False,False
AST-01883,warranty,phone,south,low,False,False,False,False,78.36,45,True,True,True,True,False,False,14.87,9.59,True,True,True,True,False,False
AST-01884,damaged_item,phone,south,low,False,False,False,False,157.61,67,False,True,False,True,True,False,12.76,6.07,True,True,True,True,False,False
AST-01885,wrong_item,phone,london,low,False,False,False,False,113.56,4,False,True,False,True,True,False,15.37,8.35,True,True,True,True,False,False
AST-01886,change_of_mind,phone,london,low,False,False,False,True,61.17,27,False,True,True,True,False,False,21.38,12.55,False,True,False,True,True,False
AST-01887,late_delivery,email,north,high,False,False,True,True,19.56,53,False,True,False,False,False,False,23.5,14.71,False,True,True,True,True,False
AST-01888,wrong_item,email,london,medium,False,False,False,False,102.36,76,False,True,False,True,True,False,18.8,12.34,True,True,True,True,False,False
AST-01889,damaged_item,chat,london,medium,False,False,False,False,67.04,24,False,True,False,False,True,False,16.45,10.25,False,True,True,True,True,False
AST-01890,change_of_mind,chat,south,low,False,False,False,False,27.22,3,False,True,False,False,False,False,13.02,6.59,True,True,False,True,False,True
AST-01891,late_delivery,phone,south,medium,False,False,False,False,74.6,12,False,True,False,False,False,False,18.54,11.65,False,True,True,True,True,False
AST-01892,damaged_item,chat,south,medium,False,False,False,False,20.37,59,False,True,False,False,True,False,16.09,10.64,True,False,True,True,False,True
AST-01893,late_delivery,phone,north,medium,False,False,False,False,33.91,33,False,True,False,False,False,False,20.8,12.43,False,True,True,True,True,False
AST-01894,change_of_mind,email,midlands,medium,False,False,False,False,98.41,49,False,True,False,False,False,False,18.67,11.03,False,True,False,True,True,False
AST-01895,change_of_mind,phone,north,high,False,False,True,True,226.72,17,False,True,False,True,False,False,27.99,18.02,True,True,False,True,False,False
AST-01896,damaged_item,chat,midlands,medium,False,False,False,False,49.68,98,False,True,False,False,True,False,22.31,14.32,True,True,True,True,False,False
AST-01897,damaged_item,email,south,low,False,False,False,False,85.29,26,False,True,False,False,True,False,13.36,7.96,False,True,True,True,True,False
AST-01898,change_of_mind,email,midlands,medium,True,False,False,True,150.46,3,True,True,True,True,False,False,22.16,14.68,False,False,True,True,True,True
AST-01899,late_delivery,email,midlands,low,True,True,False,False,12.89,40,True,True,True,True,False,False,18.5,11.5,False,True,True,True,True,False
AST-01900,change_of_mind,chat,south,low,True,False,False,False,96.43,63,True,True,True,True,False,False,13.09,9.02,True,True,True,True,False,False
AST-01901,missing_refund,chat,midlands,low,False,False,False,False,65.7,35,False,True,False,False,True,False,18.64,10.14,True,True,False,True,False,False
AST-01902,damaged_item,chat,south,low,False,False,False,True,47.08,27,False,True,True,True,True,False,16.81,11.97,False,True,True,True,True,False
AST-01903,wrong_item,chat,south,medium,False,False,False,True,248.91,10,False,True,False,True,True,False,19.71,11.14,False,True,True,True,True,False
AST-01904,warranty,chat,north,high,False,False,False,False,41.21,33,True,True,True,True,False,False,22.3,18.22,True,True,True,True,False,False
AST-01905,damaged_item,chat,london,high,False,False,False,True,33.75,29,False,True,True,True,True,False,24.65,19.31,False,True,True,True,True,False
AST-01906,late_delivery,email,north,medium,False,False,False,False,116.79,26,False,True,False,True,False,False,21.87,13.04,False,True,True,True,True,False
AST-01907,damaged_item,email,london,medium,False,False,False,False,39.19,27,False,True,False,False,True,False,16.83,9.32,True,True,True,True,False,False
AST-01908,late_delivery,email,south,low,False,False,False,False,44.5,17,False,True,False,False,False,False,12.12,6.56,True,True,True,True,False,False
AST-01909,warranty,chat,london,low,False,False,False,False,20.1,35,True,True,True,True,False,False,16.49,11.07,True,True,True,True,True,False
AST-01910,change_of_mind,email,midlands,medium,False,False,True,False,19.7,6,False,False,False,False,False,False,24.15,14.35,True,True,True,True,False,False
AST-01911,change_of_mind,chat,south,medium,False,False,True,True,93.53,18,False,True,True,True,False,False,23.55,15.96,False,True,False,True,True,False
AST-01912,late_delivery,chat,midlands,medium,False,False,False,False,39.4,62,False,True,False,False,False,False,17.69,10.5,True,True,False,True,False,False
AST-01913,change_of_mind,phone,south,low,False,False,False,False,187.15,38,False,True,False,True,False,False,12.93,7.01,False,True,True,True,True,False
AST-01914,change_of_mind,chat,north,low,False,False,False,True,20.56,25,False,True,False,False,False,False,14.98,8.0,True,True,True,True,False,False
AST-01915,warranty,email,midlands,low,False,False,False,False,31.44,26,True,True,True,True,False,False,10.39,7.31,False,True,True,True,True,False
AST-01916,late_delivery,chat,midlands,medium,False,False,False,False,28.82,53,False,True,False,False,False,False,18.94,11.52,True,True,False,True,False,False
AST-01917,missing_refund,email,south,low,False,False,False,True,8,49,False,True,False,False,True,False,16.42,9.15,False,True,True,True,True,False
AST-01918,damaged_item,chat,midlands,low,True,False,True,True,13.92,5,True,True,True,True,True,False,16.39,10.71,True,True,True,True,False,False
AST-01919,late_delivery,phone,midlands,low,False,False,False,True,40.85,15,False,True,False,False,False,False,20.26,9.45,True,True,False,True,True,False
AST-01920,change_of_mind,chat,south,low,False,False,False,False,17.03,6,False,True,False,False,False,False,10.5,5.46,False,True,True,True,True,False
AST-01921,wrong_item,phone,midlands,low,False,False,False,False,38.97,28,False,True,False,False,True,False,20.01,12.62,True,False,True,True,False,True
AST-01922,damaged_item,phone,north,high,False,False,False,False,16.53,18,False,True,False,False,True,False,26.83,18.05,True,True,True,True,False,False
AST-01923,change_of_mind,email,london,low,False,False,False,False,77.64,55,False,True,False,False,False,False,16.37,10.23,False,True,True,True,True,False
AST-01924,damaged_item,chat,south,high,False,False,False,False,34.27,35,False,True,False,False,True,False,28.75,19.14,True,True,True,True,False,False
AST-01925,late_delivery,phone,south,medium,False,False,False,True,11.3,25,False,True,True,True,False,False,21.13,14.9,True,True,True,True,True,False
AST-01926,change_of_mind,email,south,medium,False,False,False,False,70.96,15,False,True,False,False,False,False,21.71,13.7,True,True,True,True,False,False
AST-01927,missing_refund,email,south,medium,False,False,True,True,37.55,39,False,True,False,False,True,False,31.37,18.48,False,True,False,True,True,False
AST-01928,damaged_item,chat,north,low,False,False,False,False,31.13,46,False,True,False,False,True,False,8.48,4.34,True,True,True,True,False,False
AST-01929,warranty,email,london,medium,False,False,False,True,29.17,18,True,True,True,True,False,False,19.07,13.46,True,True,True,True,False,False
AST-01930,late_delivery,email,midlands,high,False,False,False,False,80.31,56,False,True,False,False,False,False,30.03,20.75,True,True,True,True,False,False
AST-01931,late_delivery,chat,south,medium,False,False,False,False,49.46,4,False,True,False,False,False,False,20.35,13.72,False,True,True,True,True,False
AST-01932,change_of_mind,email,south,low,False,False,False,False,186.58,47,False,True,False,True,False,False,15.02,7.44,True,True,True,True,False,False
AST-01933,late_delivery,chat,north,high,False,True,True,True,26.0,24,True,True,True,True,False,False,20.18,15.29,True,True,True,True,False,False
AST-01934,late_delivery,phone,south,medium,False,False,False,False,85.46,68,False,False,False,False,False,False,14.16,7.44,False,True,True,True,True,False
AST-01935,wrong_item,email,midlands,medium,True,False,False,False,90.04,25,True,True,True,True,True,False,17.51,12.16,False,False,True,True,True,True
AST-01936,change_of_mind,email,north,high,False,False,False,False,22.26,14,False,True,False,False,False,False,21.45,15.62,False,True,True,True,True,False
AST-01937,change_of_mind,chat,london,medium,False,True,True,False,41.14,14,True,True,True,True,False,False,21.47,14.33,True,True,True,True,False,False
AST-01938,change_of_mind,phone,south,low,False,False,False,False,75.57,41,False,True,False,False,False,False,13.02,6.66,False,True,True,True,True,False
AST-01939,late_delivery,email,london,high,False,False,True,False,22.16,54,False,True,False,False,False,False,27.35,19.1,False,True,True,True,True,False
AST-01940,wrong_item,email,south,low,False,False,False,False,50.1,10,False,True,False,False,True,False,17.59,9.29,True,False,True,True,False,True
AST-01941,damaged_item,chat,north,low,False,False,False,False,89.03,55,False,True,False,False,True,False,15.62,8.68,True,True,True,True,False,False
AST-01942,change_of_mind,email,north,low,False,False,False,False,20.56,14,False,True,False,False,False,False,12.17,7.68,True,True,True,True,False,False
AST-01943,late_delivery,phone,midlands,low,False,False,False,False,68.46,16,False,True,False,False,False,False,15.4,8.14,True,True,True,True,False,False
AST-01944,missing_refund,chat,south,low,False,False,True,False,104.4,15,False,True,False,True,True,False,17.56,10.52,True,True,True,True,False,False
AST-01945,damaged_item,chat,midlands,medium,False,False,False,True,39.86,13,False,True,False,False,True,False,22.87,14.93,True,True,True,True,True,False
AST-01946,late_delivery,phone,north,high,True,False,False,False,16.17,20,True,True,True,True,False,False,21.74,16.34,True,True,False,True,False,False
AST-01947,late_delivery,email,london,high,False,False,False,False,63.99,48,False,True,False,False,False,False,20.7,13.17,True,True,True,True,False,False
AST-01948,change_of_mind,email,north,medium,True,False,False,False,87.44,19,True,True,True,True,False,False,17.03,13.25,True,True,True,True,False,False
AST-01949,damaged_item,email,north,high,False,False,True,False,53.32,23,False,True,False,False,True,False,26.98,18.85,True,False,True,True,False,True
AST-01950,damaged_item,chat,london,medium,True,False,False,True,49.96,19,True,True,True,True,True,False,18.74,11.97,True,False,True,True,False,True
AST-01951,change_of_mind,chat,london,low,False,False,False,False,26.8,18,False,True,False,False,False,False,17.32,8.8,False,True,True,True,True,False
AST-01952,missing_refund,email,london,high,False,False,False,False,58.64,62,False,False,False,False,True,False,21.05,13.58,False,False,True,True,True,True
AST-01953,change_of_mind,email,london,low,False,False,False,False,22.09,38,False,True,False,False,False,False,18.63,10.67,True,True,True,True,False,False
AST-01954,change_of_mind,phone,south,high,False,False,False,False,22.33,11,False,True,False,False,False,False,24.56,15.19,False,False,False,True,True,True
AST-01955,damaged_item,email,south,low,False,False,False,False,78.16,5,False,True,False,False,True,False,14.44,5.63,True,True,False,True,True,False
AST-01956,change_of_mind,phone,south,medium,False,False,False,True,36.91,15,False,True,False,False,False,False,18.81,12.16,True,True,True,True,False,False
AST-01957,late_delivery,chat,midlands,low,False,False,False,False,50.37,26,False,True,False,False,False,False,16.7,9.17,True,True,True,True,False,False
AST-01958,change_of_mind,chat,south,high,False,False,False,True,121.83,10,False,True,True,True,False,False,25.76,19.13,True,False,False,True,True,True
AST-01959,change_of_mind,email,south,medium,False,False,True,False,35.61,10,False,False,False,False,False,False,16.4,9.19,False,True,False,True,True,False
AST-01960,late_delivery,email,north,medium,False,False,False,False,28.13,26,False,True,False,False,False,False,16.28,9.37,True,False,True,True,False,True
AST-01961,warranty,phone,midlands,low,False,False,False,True,42.57,31,True,True,True,True,False,False,14.99,9.48,True,True,True,True,False,False
AST-01962,change_of_mind,phone,london,medium,False,False,False,False,19.31,41,False,False,False,False,False,False,20.3,12.57,True,True,True,True,False,False
AST-01963,late_delivery,chat,north,medium,False,False,False,False,12.29,11,False,True,False,False,False,False,22.72,13.75,True,True,True,True,True,False
AST-01964,late_delivery,chat,south,low,False,False,False,False,26.82,9,False,True,False,False,False,False,12.76,6.81,True,True,True,True,True,False
AST-01965,damaged_item,email,north,low,True,False,False,False,15.99,37,True,True,True,True,True,False,13.21,9.86,True,True,True,True,False,False
AST-01966,damaged_item,chat,north,low,False,False,False,False,47.26,4,False,True,False,False,True,False,9.94,6.56,True,True,True,True,False,False
AST-01967,change_of_mind,email,north,medium,False,False,False,True,77.09,29,False,True,False,False,False,False,25.82,15.6,True,True,True,True,False,False
AST-01968,damaged_item,chat,london,medium,True,False,False,True,108.61,15,True,True,True,True,True,False,21.65,15.77,False,True,True,True,True,False
AST-01969,damaged_item,email,london,medium,False,False,False,False,50.27,34,False,True,False,False,True,False,20.73,12.3,True,True,True,True,False,False
AST-01970,damaged_item,chat,south,low,False,False,False,False,91.37,21,False,True,False,False,True,False,13.16,6.53,True,True,True,True,False,False
AST-01971,damaged_item,chat,midlands,low,False,False,False,False,59.04,16,False,True,False,False,True,False,18.04,9.04,True,True,True,True,True,False
AST-01972,damaged_item,chat,london,low,False,False,True,False,84.58,20,False,True,False,False,True,False,14.06,7.57,True,True,True,True,False,False
AST-01973,damaged_item,email,london,medium,False,False,True,True,30.71,13,False,True,False,False,True,False,23.42,14.11,True,False,True,True,False,True
AST-01974,change_of_mind,chat,south,low,True,False,False,False,53.26,33,True,True,True,True,False,False,12.61,8.45,True,True,True,False,False,False
AST-01975,late_delivery,chat,south,medium,False,True,True,True,42.72,19,True,True,True,True,False,False,26.43,18.63,False,True,True,True,True,False
AST-01976,wrong_item,phone,south,medium,False,False,True,True,79.37,21,False,True,True,True,True,False,22.25,16.88,True,True,True,True,False,False
AST-01977,damaged_item,phone,north,medium,False,False,False,True,140.09,9,False,True,False,True,True,False,25.18,14.58,False,True,True,True,True,False
AST-01978,change_of_mind,phone,north,medium,False,False,False,False,11.7,47,False,True,False,False,False,False,17.38,9.87,False,True,True,True,True,False
AST-01979,missing_refund,chat,south,low,False,False,True,False,141.85,17,False,True,False,True,True,False,16.06,9.86,True,True,True,True,False,False
AST-01980,change_of_mind,email,north,high,False,False,True,True,24.98,47,False,True,True,True,False,False,23.8,17.43,True,True,True,True,False,False
AST-01981,damaged_item,email,london,low,False,False,False,False,72.4,19,False,True,False,False,True,False,19.89,11.07,True,True,True,True,False,False
AST-01982,late_delivery,chat,south,high,False,False,True,True,17.82,5,False,True,True,True,False,False,33.23,26.9,True,True,True,True,False,False
AST-01983,late_delivery,email,london,low,False,False,False,False,36.65,18,False,True,False,False,False,False,15.35,8.21,True,True,True,True,False,False
AST-01984,change_of_mind,chat,north,low,False,False,False,False,44.7,13,False,True,False,False,False,False,16.61,9.64,True,True,True,True,False,False
AST-01985,late_delivery,email,london,medium,False,False,False,False,17.23,26,False,True,False,False,False,False,19.35,11.26,True,True,True,True,False,False
AST-01986,missing_refund,phone,london,medium,False,False,False,False,22.11,49,False,True,False,False,True,False,20.46,13.37,True,True,True,True,False,False
AST-01987,late_delivery,chat,south,high,True,False,False,False,17.93,20,True,True,True,True,False,False,23.89,17.89,False,True,False,True,True,False
AST-01988,late_delivery,phone,london,low,True,False,False,False,43.62,8,True,True,True,True,False,False,18.35,11.32,True,True,True,True,False,False
AST-01989,late_delivery,phone,midlands,low,False,False,False,False,40.57,50,False,True,False,False,False,False,14.81,7.85,False,True,True,True,True,False
AST-01990,late_delivery,chat,london,medium,True,False,False,False,8.91,27,True,True,True,True,False,False,22.09,15.29,True,True,True,True,False,False
AST-01991,late_delivery,email,south,medium,False,False,False,False,52.6,7,False,True,False,False,False,False,18.33,8.87,True,True,True,True,False,False
AST-01992,late_delivery,email,london,medium,False,False,False,True,39.25,20,False,True,False,False,False,False,17.47,12.23,True,True,True,True,False,False
AST-01993,damaged_item,email,midlands,low,False,False,False,False,154.09,16,False,False,False,True,True,False,18.78,10.46,False,True,True,True,True,False
AST-01994,wrong_item,email,london,low,False,False,False,True,17.09,33,False,True,False,False,True,False,16.51,9.75,True,True,True,True,False,False
AST-01995,warranty,chat,london,high,False,False,False,False,37.64,15,True,True,True,True,False,False,26.53,19.56,False,True,True,True,True,False
AST-01996,warranty,email,south,low,False,False,False,False,42.78,10,True,True,True,True,False,False,14.91,9.64,True,True,False,True,False,False
AST-01997,change_of_mind,email,north,low,False,False,False,False,48.17,11,False,True,False,False,False,False,14.74,8.91,True,True,True,True,False,False
AST-01998,late_delivery,chat,london,medium,True,False,False,False,77.2,34,True,True,True,True,False,False,26.13,17.2,True,True,True,True,False,False
AST-01999,change_of_mind,phone,midlands,high,False,False,False,False,10.91,24,False,True,False,False,False,False,20.56,14.24,True,True,True,True,False,False
AST-02000,late_delivery,email,midlands,low,False,False,False,False,18.9,30,False,True,False,False,False,False,15.88,8.71,True,True,True,True,False,False
AST-02001,wrong_item,phone,north,low,False,False,False,False,81.47,56,False,True,False,False,True,False,13.25,5.68,True,True,True,True,False,False
AST-02002,change_of_mind,email,north,low,False,False,False,True,28.43,27,False,True,False,False,False,False,18.42,9.33,True,True,True,True,False,False
AST-02003,wrong_item,email,south,high,False,True,False,False,21.99,21,True,True,True,True,True,False,24.76,18.17,True,True,False,True,False,False
AST-02004,missing_refund,chat,london,high,False,False,True,True,38.18,19,False,True,True,True,True,False,23.65,17.28,False,True,True,True,True,False
AST-02005,late_delivery,phone,london,medium,False,False,False,False,33.49,7,False,True,False,False,False,False,20.85,13.4,False,True,True,True,True,False
AST-02006,damaged_item,chat,midlands,low,False,False,False,False,61.92,15,False,True,False,False,True,False,15.15,8.44,True,True,True,True,False,False
AST-02007,change_of_mind,email,south,medium,False,False,False,False,20.43,39,False,True,False,False,False,False,18.63,10.51,True,True,True,True,True,False
AST-02008,warranty,chat,midlands,medium,False,False,False,False,17.71,51,True,True,True,True,False,False,18.84,13.83,True,False,True,True,False,True
AST-02009,missing_refund,phone,midlands,medium,True,False,False,False,10.38,22,True,True,True,True,True,False,16.26,12.58,False,True,True,True,True,False
AST-02010,warranty,chat,london,medium,False,False,False,False,18.13,8,True,True,True,True,False,False,23.88,17.45,False,True,True,True,True,False
AST-02011,missing_refund,email,london,low,False,False,False,True,91.46,9,False,True,False,False,True,False,19.24,11.11,True,True,True,True,False,False
AST-02012,wrong_item,chat,north,medium,False,False,False,True,56.1,32,False,True,False,False,True,False,24.56,15.0,True,True,True,True,False,False
AST-02013,change_of_mind,phone,south,low,False,False,False,False,41.81,45,False,True,False,False,False,False,15.01,7.41,True,True,True,True,False,False
AST-02014,change_of_mind,email,south,medium,False,False,False,False,199.91,12,False,True,False,True,False,False,21.62,14.4,True,True,True,True,False,False
AST-02015,change_of_mind,email,midlands,low,False,False,False,True,132.91,14,False,True,False,True,False,False,17.65,9.37,True,True,True,True,False,False
AST-02016,late_delivery,email,north,medium,False,False,False,False,22.44,5,False,True,False,False,False,False,23.79,13.78,True,True,True,True,False,False
AST-02017,change_of_mind,phone,midlands,medium,False,False,False,True,60.45,5,False,True,False,False,False,False,21.13,12.57,True,True,True,True,False,False
AST-02018,damaged_item,email,midlands,medium,False,False,False,True,18.69,28,False,True,True,True,True,False,24.08,16.73,False,True,False,True,True,False
AST-02019,late_delivery,phone,london,medium,True,False,False,False,40.41,46,True,True,True,True,False,False,18.49,13.74,True,True,True,True,False,False
AST-02020,late_delivery,phone,midlands,low,False,False,False,False,13.86,65,False,True,False,False,False,False,13.1,8.59,True,True,True,True,False,False
AST-02021,damaged_item,email,north,medium,False,False,True,True,12.25,9,False,True,False,False,True,False,21.97,13.94,False,True,True,True,True,False
AST-02022,late_delivery,chat,london,high,False,False,False,False,25.34,15,False,True,False,False,False,False,30.35,21.17,False,True,True,True,True,False
AST-02023,wrong_item,chat,london,high,False,False,False,False,25.59,8,False,True,False,False,True,False,25.12,18.4,False,True,True,True,True,False
AST-02024,missing_refund,chat,north,medium,False,False,False,False,67.93,21,False,True,False,False,True,False,17.14,10.6,True,True,True,True,False,False
AST-02025,late_delivery,chat,london,medium,False,False,False,False,37.79,17,False,False,False,False,False,False,20.48,13.47,True,True,True,True,False,False
AST-02026,missing_refund,chat,south,medium,False,False,True,True,26.16,8,False,True,False,False,True,False,25.01,15.63,True,True,False,True,False,False
AST-02027,wrong_item,email,london,low,False,False,False,True,29.66,7,False,True,False,False,True,False,15.86,8.58,True,True,True,True,False,False
AST-02028,late_delivery,chat,midlands,high,False,False,False,False,50.26,42,False,True,False,False,False,False,18.75,14.18,True,True,True,True,False,False
AST-02029,wrong_item,chat,north,medium,False,False,False,False,13.66,55,False,True,False,False,True,False,13.85,8.84,True,True,True,True,False,False
AST-02030,damaged_item,phone,south,low,False,False,False,False,60.51,23,False,True,False,False,True,False,9.96,5.4,True,True,True,True,False,False
AST-02031,damaged_item,email,south,medium,False,False,False,False,9.69,59,False,True,False,False,True,False,21.56,12.62,True,True,True,True,False,False
AST-02032,late_delivery,chat,london,low,False,False,False,False,13.6,46,False,True,False,False,False,False,11.21,5.21,True,True,True,True,False,False
AST-02033,damaged_item,chat,north,low,False,False,False,False,27.29,15,False,True,False,False,True,False,14.57,7.94,True,True,True,True,False,False
AST-02034,damaged_item,chat,south,low,False,False,False,True,107.18,9,False,True,True,True,True,False,18.95,10.25,True,True,True,True,False,False
AST-02035,change_of_mind,email,south,low,False,False,False,True,56.54,32,False,True,False,False,False,False,14.5,7.54,False,True,True,True,True,False
AST-02036,change_of_mind,chat,north,medium,False,False,False,False,14.97,48,False,True,False,False,False,False,21.54,12.67,True,True,False,True,False,False
AST-02037,damaged_item,email,south,medium,False,False,False,False,13.35,34,False,True,False,False,True,False,22.4,13.47,False,True,True,True,True,False
AST-02038,wrong_item,chat,london,medium,False,False,False,False,31.55,62,False,True,False,False,True,False,15.71,9.42,False,True,True,True,True,False
AST-02039,damaged_item,chat,south,low,False,False,True,False,98.3,5,False,True,False,False,True,False,18.62,10.85,True,False,True,True,False,True
AST-02040,warranty,phone,midlands,low,False,False,False,False,27.41,53,True,True,True,True,False,False,14.7,10.11,False,True,True,True,True,True
AST-02041,change_of_mind,phone,south,medium,False,False,False,False,60.11,29,False,True,False,False,False,False,16.02,10.86,False,True,True,True,True,False
AST-02042,missing_refund,chat,north,medium,False,False,True,True,44.07,7,False,True,False,False,True,False,18.3,10.38,True,True,True,True,False,False
AST-02043,late_delivery,email,south,low,False,False,False,False,49.57,9,False,True,False,False,False,False,22.51,11.77,False,True,True,True,True,False
AST-02044,late_delivery,email,south,medium,False,True,False,False,80.2,99,True,True,True,True,False,False,20.94,14.21,False,True,True,True,True,False
AST-02045,damaged_item,phone,london,low,True,False,True,True,122.6,17,True,True,True,True,True,False,22.78,13.52,True,True,True,True,False,False
AST-02046,damaged_item,chat,south,medium,True,True,False,True,85.47,13,True,True,True,True,True,False,24.82,16.11,False,True,True,True,True,False
AST-02047,warranty,phone,south,medium,False,False,False,True,30.71,23,True,True,True,True,False,False,19.2,13.75,False,True,True,True,True,False
AST-02048,late_delivery,chat,midlands,low,False,False,False,False,15.8,48,False,True,False,False,False,False,14.59,8.52,True,True,True,True,True,False
AST-02049,change_of_mind,phone,south,low,False,False,False,False,17.17,20,False,True,False,False,False,False,13.99,8.0,True,True,True,True,False,False
AST-02050,late_delivery,email,london,medium,False,False,False,False,8,25,False,True,False,False,False,False,18.02,10.95,True,True,True,True,False,False
AST-02051,wrong_item,chat,london,medium,False,False,False,False,28.02,19,False,False,False,False,True,False,19.77,11.42,True,True,True,True,False,False
AST-02052,damaged_item,chat,midlands,medium,True,False,False,False,15.21,56,True,True,True,True,True,False,15.81,12.64,True,True,True,True,False,False
AST-02053,change_of_mind,chat,south,high,False,False,True,True,36.12,30,False,True,False,False,False,False,31.5,21.34,False,False,True,True,True,True
AST-02054,wrong_item,chat,midlands,medium,False,True,True,False,45.83,6,True,True,True,True,True,False,22.72,17.2,True,True,True,True,False,False
AST-02055,late_delivery,email,london,medium,False,False,False,False,35.48,8,False,True,False,False,False,False,17.48,11.18,False,True,True,True,True,False
AST-02056,late_delivery,email,north,low,True,False,False,False,58.57,4,True,True,True,True,False,False,13.42,8.78,True,True,True,True,False,False
AST-02057,change_of_mind,email,london,medium,False,False,True,True,8.76,18,False,True,False,False,False,False,28.66,18.2,True,True,True,True,False,False
AST-02058,warranty,chat,north,high,False,True,True,False,61.35,16,True,True,True,True,False,False,29.27,22.42,False,True,True,True,True,False
AST-02059,damaged_item,chat,south,medium,False,False,False,True,129.75,35,False,True,False,True,True,False,20.44,12.43,True,False,False,True,False,True
AST-02060,late_delivery,phone,north,low,False,False,False,False,25.31,13,False,True,False,False,False,False,16.32,9.6,False,False,True,True,True,True
AST-02061,change_of_mind,chat,north,medium,False,False,False,False,113.66,25,False,True,False,True,False,False,17.77,11.36,True,True,True,True,False,False
AST-02062,change_of_mind,chat,north,low,False,False,False,False,31.84,35,False,True,False,False,False,False,13.91,8.28,True,True,True,True,False,False
AST-02063,wrong_item,chat,midlands,high,False,False,False,False,22.69,59,False,True,False,False,True,False,23.15,15.13,True,True,True,True,False,False
AST-02064,change_of_mind,email,south,high,True,False,False,False,14.58,18,True,True,True,True,False,False,24.56,19.46,True,True,False,True,False,False
AST-02065,change_of_mind,chat,north,low,False,False,False,False,74.27,29,False,True,False,False,False,False,16.88,9.22,True,True,True,True,False,False
AST-02066,change_of_mind,chat,south,low,False,False,False,False,26.14,73,False,True,False,False,False,False,8.46,4.0,True,True,True,True,False,False
AST-02067,late_delivery,chat,london,high,False,False,True,False,42.73,17,False,True,False,False,False,False,27.61,18.2,False,False,True,True,True,True
AST-02068,damaged_item,email,london,high,False,False,False,False,63.46,25,False,True,False,False,True,False,21.41,14.88,True,True,True,True,False,True
AST-02069,change_of_mind,chat,london,low,False,False,False,False,13.35,55,False,True,False,False,False,False,16.72,9.94,False,True,True,True,True,False
AST-02070,change_of_mind,email,midlands,low,False,False,False,True,412.69,24,True,True,True,True,False,False,18.37,10.62,True,False,False,True,False,True
AST-02071,change_of_mind,chat,london,medium,False,False,True,True,36.55,29,False,True,False,False,False,False,27.68,18.61,True,True,True,True,False,False
AST-02072,change_of_mind,email,north,medium,False,False,False,True,66.07,29,False,False,False,False,False,False,22.5,14.07,False,True,True,True,True,False
AST-02073,change_of_mind,email,london,low,False,False,False,False,84.29,5,False,True,False,False,False,False,13.44,7.73,True,True,True,True,False,False
AST-02074,wrong_item,phone,south,medium,False,False,False,False,103.6,5,False,True,False,True,True,False,15.17,9.32,False,True,True,True,True,False
AST-02075,change_of_mind,email,north,low,False,False,False,False,34.43,8,False,True,False,False,False,False,11.25,6.53,True,True,True,True,False,False
AST-02076,change_of_mind,phone,midlands,low,False,False,False,False,37.19,20,False,True,False,False,False,False,19.07,11.37,True,True,True,True,False,False
AST-02077,damaged_item,phone,london,medium,False,False,False,False,81.92,17,False,True,False,False,True,False,18.78,12.23,True,True,True,True,True,False
AST-02078,wrong_item,chat,south,low,False,False,False,False,23.93,23,False,True,False,False,True,False,15.25,8.93,True,True,True,True,False,False
AST-02079,change_of_mind,chat,midlands,low,False,False,False,False,62.36,41,False,True,False,False,False,False,14.73,7.52,False,True,True,True,True,False
AST-02080,change_of_mind,chat,south,medium,False,False,False,False,58.53,6,False,True,False,False,False,False,20.4,12.96,True,True,True,True,False,False
AST-02081,late_delivery,phone,south,medium,False,False,False,False,27.52,23,False,True,False,False,False,False,15.89,9.27,True,True,True,True,False,False
AST-02082,change_of_mind,chat,south,low,False,False,False,False,56.22,59,False,True,False,False,False,False,17.65,10.17,True,True,True,True,False,False
AST-02083,missing_refund,phone,midlands,low,False,True,False,False,59.7,43,True,True,True,True,True,False,10.39,6.45,True,True,False,True,True,False
AST-02084,late_delivery,chat,south,medium,False,False,False,False,30.48,39,False,True,False,False,False,False,19.75,11.35,False,True,False,True,True,False
AST-02085,damaged_item,email,south,low,False,False,False,True,29.71,7,False,True,True,True,True,False,20.69,14.03,True,True,True,True,False,False
AST-02086,change_of_mind,chat,london,low,True,False,False,False,61.78,47,True,True,True,True,False,False,14.04,9.65,False,True,True,True,True,True
AST-02087,warranty,chat,london,low,False,False,True,False,37.91,11,True,True,True,True,False,False,22.1,14.63,True,True,True,True,False,False
AST-02088,wrong_item,phone,london,low,False,False,False,False,40.44,17,False,True,False,False,True,False,15.28,8.59,True,True,True,True,False,False
AST-02089,damaged_item,email,north,low,False,True,False,True,39.88,7,True,True,True,True,True,False,15.53,9.97,True,True,True,True,False,False
AST-02090,damaged_item,chat,midlands,medium,False,False,False,False,75.22,2,False,True,False,False,True,False,22.13,13.56,True,True,True,True,False,False
AST-02091,missing_refund,chat,midlands,low,False,False,True,False,11.7,11,False,True,False,False,True,False,15.3,6.63,False,True,True,True,True,False
AST-02092,change_of_mind,email,north,low,False,False,False,False,19.46,14,False,True,False,False,False,False,10.68,7.1,False,True,False,True,True,False
AST-02093,change_of_mind,chat,north,medium,False,False,False,False,86.25,20,False,True,False,False,False,False,15.98,11.1,False,True,True,True,True,False
AST-02094,change_of_mind,phone,london,low,False,False,False,False,26.75,73,False,False,False,False,False,False,14.13,8.23,True,True,True,True,False,False
AST-02095,change_of_mind,phone,north,low,True,False,False,False,39.99,32,True,True,True,True,False,False,9.14,6.72,True,True,True,True,False,False
AST-02096,wrong_item,chat,south,medium,True,False,False,False,56.77,29,True,True,True,True,True,False,13.13,9.55,True,True,True,True,False,False
AST-02097,change_of_mind,phone,midlands,low,False,False,False,False,10.79,31,False,True,False,False,False,False,14.62,10.29,True,True,True,True,False,False
AST-02098,late_delivery,email,london,high,False,True,True,False,95.44,16,True,True,True,True,False,False,23.72,17.76,False,False,True,True,True,True
AST-02099,change_of_mind,email,london,medium,False,False,True,False,88.68,13,False,True,False,False,False,False,24.95,15.03,False,True,True,True,True,False
AST-02100,warranty,chat,north,low,False,False,False,False,29.2,64,True,True,True,True,False,False,15.95,10.65,True,True,True,True,False,False
AST-02101,warranty,chat,midlands,low,False,False,False,True,109.33,9,True,True,True,True,False,False,20.18,13.54,True,True,False,True,False,False
AST-02102,change_of_mind,phone,london,low,False,False,False,False,46.77,24,False,True,False,False,False,False,11.34,6.49,False,True,False,True,True,False
AST-02103,late_delivery,email,midlands,medium,True,False,False,True,59.74,26,True,True,True,True,False,False,18.5,13.46,False,True,True,True,True,False
AST-02104,change_of_mind,email,south,low,False,False,False,False,19.43,4,False,True,False,False,False,False,16.5,8.94,True,False,True,True,False,True
AST-02105,warranty,chat,london,medium,False,False,False,True,21.87,46,True,True,True,True,False,False,21.1,15.24,True,True,True,True,False,False
AST-02106,change_of_mind,phone,south,medium,True,False,False,True,67.65,34,True,True,True,True,False,False,19.67,13.64,True,True,True,True,False,False
AST-02107,late_delivery,phone,south,medium,False,False,False,True,41.08,30,False,True,True,True,False,False,21.71,13.05,False,True,True,True,True,False
AST-02108,wrong_item,email,south,high,False,False,False,False,52.04,35,False,True,False,False,True,False,25.67,17.0,True,True,True,True,False,False
AST-02109,change_of_mind,chat,south,low,True,False,True,False,34.71,41,True,True,True,True,False,False,15.54,9.88,True,True,True,True,False,False
AST-02110,damaged_item,email,london,low,False,False,False,False,67.99,15,False,True,False,False,True,False,19.0,9.98,True,True,False,True,False,False
AST-02111,missing_refund,phone,south,medium,False,False,False,False,72.09,39,False,True,False,False,True,False,17.9,10.69,False,True,True,True,True,False
AST-02112,change_of_mind,email,london,high,False,False,True,True,30.23,59,False,True,False,False,False,False,31.86,21.25,True,True,True,True,True,False
AST-02113,late_delivery,chat,south,low,True,True,False,False,29.15,11,True,True,True,True,False,False,13.88,9.58,True,True,True,True,False,False
AST-02114,damaged_item,phone,south,low,False,False,False,False,57.81,22,False,True,False,False,True,False,10.68,6.65,False,True,True,True,True,False
AST-02115,late_delivery,email,north,low,False,False,True,False,18.3,40,False,True,False,False,False,False,22.4,12.4,True,True,True,True,False,False
AST-02116,missing_refund,phone,london,low,False,False,True,False,18.49,33,False,True,False,False,True,False,19.54,10.56,False,True,True,True,True,False
AST-02117,damaged_item,chat,south,low,False,False,False,False,52.61,9,False,True,False,False,True,False,16.07,8.95,True,True,True,True,False,False
AST-02118,missing_refund,phone,midlands,low,False,False,False,False,49.84,16,False,True,False,False,True,False,19.05,10.3,True,True,True,True,False,False
AST-02119,damaged_item,chat,south,medium,False,False,False,True,71.21,16,False,True,False,False,True,False,23.64,14.5,True,True,True,True,False,False
AST-02120,late_delivery,chat,south,low,False,False,False,False,38.69,89,False,True,False,False,False,False,17.81,10.04,True,True,True,True,False,False
AST-02121,late_delivery,email,south,low,False,False,False,False,142.57,38,False,True,False,True,False,False,11.66,6.33,True,True,True,True,False,False
AST-02122,late_delivery,phone,north,low,False,False,False,False,29.47,25,False,True,False,False,False,False,11.96,6.95,True,True,True,True,False,True
AST-02123,change_of_mind,email,south,medium,False,False,False,False,23.91,61,False,True,False,False,False,False,15.52,10.2,True,True,True,True,False,False
AST-02124,damaged_item,chat,midlands,medium,False,False,False,True,133.85,18,False,True,False,True,True,False,17.97,11.54,False,True,True,True,True,False
AST-02125,missing_refund,chat,north,medium,False,False,False,True,72.64,26,False,True,False,False,True,False,24.33,15.28,True,True,True,True,False,False
AST-02126,damaged_item,phone,north,low,False,False,False,False,38.61,25,False,True,False,False,True,False,17.39,8.82,True,True,True,True,False,False
AST-02127,late_delivery,email,london,medium,False,True,False,True,163.32,21,True,True,True,True,False,False,13.95,11.16,False,False,False,True,True,True
AST-02128,missing_refund,email,london,medium,False,False,False,False,12.31,10,False,True,False,False,True,False,20.49,12.2,True,False,True,True,False,True
AST-02129,missing_refund,email,north,low,False,False,False,True,18.55,39,False,True,False,False,True,False,18.83,9.15,True,True,True,True,False,False
AST-02130,damaged_item,chat,south,low,False,False,False,False,24.35,7,False,True,False,False,True,False,11.65,6.08,True,True,True,True,False,False
AST-02131,late_delivery,phone,midlands,medium,True,False,False,False,158.87,16,True,True,True,True,False,False,23.24,16.37,True,True,True,True,False,False
AST-02132,damaged_item,chat,midlands,low,False,False,False,True,29.1,31,False,True,False,False,True,False,23.38,12.7,True,True,True,True,True,False
AST-02133,missing_refund,phone,north,medium,False,False,False,True,100.11,20,False,True,True,True,True,False,20.99,14.11,False,False,True,True,True,True
AST-02134,damaged_item,email,north,low,False,False,True,True,30.62,31,False,True,False,False,True,False,19.71,9.94,True,True,True,True,False,False
AST-02135,missing_refund,phone,london,low,False,False,False,False,52.64,31,False,True,False,False,True,False,11.98,6.78,True,True,True,True,False,False
AST-02136,late_delivery,phone,london,high,False,False,False,True,43.72,20,False,True,False,False,False,False,30.35,21.07,False,True,True,True,True,False
AST-02137,late_delivery,chat,midlands,high,False,False,False,False,43.66,5,False,True,False,False,False,False,25.2,17.38,True,True,True,True,False,False
AST-02138,damaged_item,email,north,low,False,False,False,False,43.35,37,False,True,False,False,True,False,13.15,8.21,True,True,False,True,False,False
AST-02139,late_delivery,phone,london,high,False,False,False,False,85.19,21,False,True,False,False,False,False,24.56,16.37,True,False,True,True,False,True
AST-02140,missing_refund,chat,south,low,False,False,False,True,88.07,5,False,True,False,False,True,False,17.16,9.92,True,True,True,True,False,False
AST-02141,missing_refund,email,london,high,False,False,False,False,99.38,2,False,True,False,False,True,False,21.6,15.29,True,True,True,True,False,False
AST-02142,change_of_mind,email,south,low,False,False,False,False,63.67,6,False,True,False,False,False,False,15.54,8.78,True,True,False,True,False,False
AST-02143,change_of_mind,chat,north,low,False,False,False,False,20.29,7,False,True,False,False,False,False,12.83,6.84,True,True,True,True,False,False
AST-02144,wrong_item,email,north,medium,False,False,False,False,110.6,35,False,True,False,True,True,False,16.26,10.08,True,True,True,True,False,False
AST-02145,late_delivery,chat,south,low,False,False,False,True,70.57,21,False,True,False,False,False,False,21.48,11.96,True,False,False,True,False,True
AST-02146,change_of_mind,chat,south,low,True,False,False,False,89.56,5,True,True,True,True,False,False,19.89,11.84,True,True,True,True,False,False
AST-02147,missing_refund,email,midlands,low,False,False,False,False,76.18,13,False,True,False,False,True,False,13.71,6.59,True,True,True,True,True,False
AST-02148,change_of_mind,chat,south,medium,False,False,False,True,14.51,30,False,True,False,False,False,False,21.78,13.48,True,True,True,True,False,False
AST-02149,change_of_mind,email,london,low,False,False,False,False,18.75,14,False,True,False,False,False,False,9.28,5.17,True,True,True,True,False,False
AST-02150,warranty,email,london,medium,False,False,False,True,26.98,27,True,True,True,True,False,False,20.73,13.69,False,True,True,True,True,False
AST-02151,late_delivery,chat,midlands,low,False,False,False,False,181.26,1,False,True,False,True,False,False,16.24,9.17,True,True,True,True,False,False
AST-02152,missing_refund,chat,south,medium,True,False,True,False,45.45,60,True,True,True,True,True,False,25.51,18.25,False,True,True,True,True,False
AST-02153,late_delivery,email,london,low,False,False,False,False,30.96,12,False,True,False,False,False,False,17.86,9.13,False,True,True,True,True,False
AST-02154,missing_refund,chat,north,low,False,False,False,False,23.85,19,False,True,False,False,True,False,14.19,7.93,False,True,True,True,True,False
AST-02155,late_delivery,chat,north,medium,False,False,False,True,142.38,45,False,True,False,True,False,False,17.17,9.44,True,True,True,True,True,False
AST-02156,warranty,chat,midlands,medium,False,False,False,False,46.32,33,True,True,True,True,False,False,16.66,12.07,True,True,True,True,True,False
AST-02157,damaged_item,phone,south,high,False,True,False,False,83.67,28,True,True,True,True,True,False,23.94,17.32,False,True,True,True,True,False
AST-02158,late_delivery,phone,midlands,high,False,False,False,False,22.19,43,False,True,False,False,False,False,23.25,15.92,False,True,False,True,True,False
AST-02159,change_of_mind,email,london,low,False,False,True,True,91.05,20,False,True,False,False,False,False,19.82,10.99,False,True,True,True,True,False
AST-02160,change_of_mind,chat,london,low,False,False,False,False,38.91,32,False,True,False,False,False,False,13.67,7.57,True,True,True,True,False,False
AST-02161,late_delivery,email,midlands,low,False,False,False,False,41.62,7,False,True,False,False,False,False,19.12,9.74,True,True,True,True,False,False
AST-02162,warranty,email,south,low,False,False,False,False,52.51,24,True,True,True,True,False,False,13.94,10.68,True,True,True,True,False,False
AST-02163,damaged_item,email,midlands,high,False,False,False,False,49.7,35,False,True,False,False,True,False,23.45,15.91,True,True,True,True,False,False
AST-02164,wrong_item,phone,london,medium,False,False,False,False,21.85,54,False,True,False,False,True,False,17.15,10.21,False,True,True,True,True,False
AST-02165,late_delivery,email,south,medium,False,False,False,False,14.04,40,False,True,False,False,False,False,17.88,10.75,False,True,False,True,True,False
AST-02166,late_delivery,email,midlands,medium,False,False,False,False,14.6,54,False,True,False,False,False,False,20.97,13.16,False,True,True,True,True,False
AST-02167,missing_refund,chat,south,low,False,False,False,False,15.39,12,False,True,False,False,True,False,13.35,8.07,True,True,True,True,False,False
AST-02168,change_of_mind,email,north,low,False,False,True,False,75.42,36,False,True,False,False,False,False,16.27,9.25,False,True,True,True,True,False
AST-02169,warranty,phone,london,medium,False,False,False,True,37.16,32,True,True,True,True,False,False,20.56,14.71,True,False,True,True,False,True
AST-02170,missing_refund,email,south,low,False,False,False,True,15.37,16,False,True,True,True,True,False,21.1,13.63,False,False,False,True,True,True
AST-02171,damaged_item,chat,midlands,medium,False,False,True,True,67.83,34,False,True,True,True,True,False,28.06,19.99,False,True,True,True,True,False
AST-02172,change_of_mind,chat,south,medium,False,False,True,True,30.58,45,False,True,False,False,False,False,23.29,14.58,False,True,True,True,True,False
AST-02173,late_delivery,chat,midlands,medium,False,False,False,False,80.15,31,False,True,False,False,False,False,19.48,11.1,False,True,True,True,True,False
AST-02174,late_delivery,email,south,medium,False,False,False,True,55.4,14,False,True,True,True,False,False,20.68,14.0,False,False,True,True,True,True
AST-02175,wrong_item,chat,midlands,medium,False,True,False,True,245.0,10,True,True,True,True,True,False,20.7,14.15,True,True,True,True,False,False
AST-02176,damaged_item,email,midlands,low,False,False,False,False,29.64,8,False,True,False,False,True,False,17.26,10.15,True,True,True,True,False,False
AST-02177,damaged_item,phone,south,low,False,False,False,False,30.93,13,False,True,False,False,True,False,15.72,8.47,True,True,True,True,False,False
AST-02178,wrong_item,email,south,low,False,False,False,True,19.75,41,False,True,True,True,True,False,21.39,14.22,False,True,True,True,True,False
AST-02179,missing_refund,email,london,medium,False,False,False,False,51.05,7,False,True,False,False,True,False,25.31,15.75,True,True,True,True,False,False
AST-02180,late_delivery,email,north,low,False,False,False,True,43.49,9,False,True,False,False,False,False,14.9,7.59,True,True,True,True,False,False
AST-02181,change_of_mind,chat,north,medium,True,False,False,False,84.52,11,True,True,True,True,False,False,21.86,16.39,True,True,True,True,False,False
AST-02182,change_of_mind,phone,south,low,False,False,False,False,25.8,22,False,True,False,False,False,False,13.65,7.1,False,True,True,True,True,False
AST-02183,change_of_mind,email,london,low,False,False,False,False,29.74,49,False,True,False,False,False,False,16.83,8.37,True,True,True,True,False,False
AST-02184,missing_refund,chat,south,high,False,False,False,False,20.6,30,False,True,False,False,True,False,22.35,15.1,False,False,True,True,True,True
AST-02185,late_delivery,email,london,low,False,False,False,False,62.85,35,False,True,False,False,False,False,15.79,9.23,True,True,True,True,False,False
AST-02186,missing_refund,phone,midlands,low,False,False,False,False,74.65,30,False,True,False,False,True,False,11.51,6.42,True,True,True,True,False,False
AST-02187,late_delivery,email,north,low,False,False,False,False,173.57,47,False,True,False,True,False,False,9.77,6.73,False,True,True,True,True,False
AST-02188,late_delivery,phone,south,medium,False,False,True,False,11.66,22,False,True,False,False,False,False,21.82,13.34,False,True,True,True,True,False
AST-02189,change_of_mind,chat,south,high,False,False,False,False,17.94,36,False,True,False,False,False,False,22.38,15.25,True,True,False,True,False,False
AST-02190,damaged_item,email,south,medium,True,True,False,True,34.58,19,True,True,True,True,True,False,21.75,17.16,False,True,True,True,True,False
AST-02191,wrong_item,chat,london,low,False,False,False,False,60.68,14,False,True,False,False,True,False,15.29,8.85,False,True,True,True,True,False
AST-02192,warranty,chat,midlands,low,False,False,False,True,26.47,77,True,True,True,True,False,False,17.39,12.08,True,False,True,True,True,True
AST-02193,late_delivery,phone,midlands,medium,False,False,True,False,37.34,24,False,True,False,False,False,False,24.23,14.37,True,False,True,True,False,True
AST-02194,wrong_item,email,midlands,medium,False,False,False,False,43.77,16,False,True,False,False,True,False,22.46,13.64,True,True,True,True,False,False
AST-02195,damaged_item,phone,midlands,high,False,False,False,False,66.08,12,False,True,False,False,True,False,25.65,17.92,True,True,True,True,False,False
AST-02196,change_of_mind,email,south,medium,False,False,True,False,81.1,23,False,True,False,False,False,False,19.87,11.22,False,True,True,True,True,False
AST-02197,wrong_item,phone,north,low,False,False,False,False,23.96,57,False,True,False,False,True,False,10.79,6.11,True,True,True,True,False,False
AST-02198,missing_refund,phone,london,medium,False,False,False,False,33.26,64,False,True,False,False,True,False,18.74,12.79,False,True,True,True,True,False
AST-02199,change_of_mind,phone,midlands,high,False,False,False,True,64.28,76,False,True,False,False,False,False,31.29,20.06,True,True,True,True,False,False
AST-02200,missing_refund,phone,south,low,False,False,False,False,20.37,45,False,True,False,False,True,False,17.32,9.06,True,True,True,True,False,False
AST-02201,wrong_item,chat,london,medium,False,False,False,False,24.5,59,False,True,False,False,True,False,17.35,9.51,True,False,True,True,False,True
AST-02202,wrong_item,phone,south,high,False,False,False,True,65.63,10,False,True,False,False,True,False,25.25,17.67,True,True,False,True,False,False
AST-02203,warranty,phone,midlands,low,False,False,False,False,18.41,26,True,True,True,True,False,False,14.68,10.26,True,True,True,True,False,False
AST-02204,change_of_mind,email,north,medium,False,False,False,False,109.34,19,False,True,False,True,False,False,18.48,12.12,False,True,False,True,True,False
AST-02205,missing_refund,email,london,low,False,False,False,False,42.64,87,False,True,False,False,True,False,19.19,11.07,True,True,True,True,False,False
AST-02206,damaged_item,phone,london,medium,False,False,False,False,118.51,73,False,True,False,True,True,False,15.77,9.13,False,True,True,True,True,False
AST-02207,late_delivery,chat,london,low,False,False,False,False,32.02,58,False,True,False,False,False,False,12.69,8.47,True,True,True,True,False,False
AST-02208,wrong_item,chat,midlands,low,False,False,False,False,26.49,7,False,True,False,False,True,False,12.63,6.78,True,True,True,True,False,False
AST-02209,change_of_mind,chat,midlands,medium,False,False,False,False,56.21,18,False,True,False,False,False,False,19.95,12.21,False,True,True,True,True,False
AST-02210,warranty,chat,london,medium,False,False,False,False,23.11,1,True,True,True,True,False,False,18.13,14.23,True,False,True,True,False,True
AST-02211,late_delivery,chat,london,low,False,False,False,False,8,12,False,True,False,False,False,False,18.33,9.81,True,True,True,True,False,False
AST-02212,missing_refund,email,north,low,False,False,True,False,74.89,33,False,True,False,False,True,False,24.08,11.97,False,False,True,True,True,True
AST-02213,warranty,chat,south,high,False,False,True,False,53.64,54,True,True,True,True,False,False,20.2,16.08,False,True,True,True,True,False
AST-02214,damaged_item,chat,london,low,False,False,False,False,42.66,25,False,True,False,False,True,False,14.88,8.1,True,True,True,True,False,False
AST-02215,wrong_item,chat,london,medium,False,False,False,False,71.67,41,False,True,False,False,True,False,20.51,11.72,False,True,False,True,True,False
AST-02216,damaged_item,email,midlands,high,True,False,False,False,24.22,58,True,True,True,True,True,False,22.76,15.84,True,True,True,True,False,False
AST-02217,warranty,email,north,medium,True,False,False,False,56.83,19,True,False,True,True,False,False,19.2,14.03,True,False,False,True,False,True
AST-02218,late_delivery,email,midlands,high,False,False,True,False,20.22,44,False,True,False,False,False,False,25.98,17.54,True,True,True,True,False,False
AST-02219,warranty,chat,south,low,False,False,False,False,73.45,12,True,True,True,True,False,False,8.9,6.0,True,True,True,True,False,False
AST-02220,change_of_mind,email,north,low,False,False,False,True,87.24,7,False,True,True,True,False,False,14.23,10.16,True,True,True,True,False,False
AST-02221,damaged_item,email,south,low,False,False,False,False,54.69,21,False,True,False,False,True,False,17.5,8.15,False,True,False,True,True,False
AST-02222,missing_refund,chat,south,low,False,False,False,False,40.87,29,False,True,False,False,True,False,19.06,9.17,True,True,True,True,False,False
AST-02223,change_of_mind,phone,midlands,medium,True,False,False,True,38.82,38,True,True,True,True,False,False,25.79,17.97,False,True,True,True,True,False
AST-02224,damaged_item,phone,london,high,False,False,True,False,33.44,30,False,True,False,False,True,False,26.56,19.76,False,True,False,True,True,False
AST-02225,late_delivery,phone,london,high,False,False,False,False,44.3,36,False,True,False,False,False,False,24.3,17.98,False,True,True,True,True,False
AST-02226,damaged_item,phone,london,low,False,False,False,True,18.44,39,False,True,False,False,True,False,17.92,10.17,True,True,True,True,False,False
AST-02227,change_of_mind,chat,south,medium,False,False,True,True,34.1,24,False,True,True,True,False,False,21.24,15.43,True,True,True,True,False,False
AST-02228,wrong_item,phone,midlands,high,False,False,False,False,45.05,18,False,True,False,False,True,False,21.55,12.31,True,True,True,True,False,False
AST-02229,change_of_mind,phone,midlands,medium,False,False,False,False,40.2,8,False,True,False,False,False,False,20.38,10.94,True,True,True,True,True,False
AST-02230,late_delivery,chat,south,high,False,False,False,False,44.78,9,False,True,False,False,False,False,25.17,17.18,True,True,False,True,False,False
AST-02231,missing_refund,chat,north,low,False,False,False,True,8.5,4,False,True,False,False,True,False,26.17,14.74,True,True,True,True,False,False
AST-02232,damaged_item,chat,north,high,False,False,False,False,44.52,9,False,True,False,False,True,False,28.06,17.95,False,False,True,True,True,True
AST-02233,change_of_mind,phone,north,high,False,False,False,False,95.16,13,False,True,False,False,False,False,21.71,14.13,False,True,True,False,True,False
AST-02234,damaged_item,email,north,medium,False,False,False,False,36.7,23,False,True,False,False,True,False,16.93,9.83,True,False,True,True,False,True
AST-02235,warranty,chat,south,medium,False,False,True,False,10.88,73,True,True,True,True,False,False,23.2,16.25,True,True,True,True,False,False
AST-02236,late_delivery,chat,south,medium,True,False,False,False,40.91,31,True,True,True,True,False,False,20.69,13.55,False,True,True,True,True,False
AST-02237,damaged_item,chat,london,low,False,False,True,False,206.46,3,False,True,False,True,True,False,20.18,10.6,True,True,True,True,False,False
AST-02238,warranty,phone,london,high,False,False,False,True,40.98,14,True,True,True,True,False,False,21.39,16.69,True,True,True,True,False,False
AST-02239,change_of_mind,email,north,medium,False,False,False,True,27.44,11,False,True,False,False,False,False,20.81,12.42,True,True,True,True,False,False
AST-02240,wrong_item,chat,north,low,False,False,False,False,64.57,90,False,True,False,False,True,False,16.13,10.03,True,True,False,True,False,False
AST-02241,missing_refund,chat,london,low,False,False,False,False,15.15,13,False,True,False,False,True,False,11.76,7.08,True,True,False,True,False,False
AST-02242,late_delivery,email,london,low,False,False,False,True,22.49,19,False,True,False,False,False,False,17.9,9.89,True,True,True,True,False,False
AST-02243,damaged_item,email,london,high,False,False,False,False,58.54,43,False,True,False,False,True,False,27.54,17.54,True,True,True,True,False,False
AST-02244,late_delivery,chat,london,medium,False,False,True,False,66.26,31,False,True,False,False,False,False,19.22,11.47,True,True,False,True,False,False
AST-02245,change_of_mind,chat,london,high,False,False,False,True,15.86,17,False,True,False,False,False,False,23.86,14.89,True,False,True,True,False,True
AST-02246,wrong_item,chat,south,high,True,True,False,False,41.67,18,True,True,True,True,True,False,26.3,20.29,False,True,True,True,True,False
AST-02247,damaged_item,phone,south,high,False,False,True,True,48.41,18,False,True,False,False,True,False,27.3,18.71,False,False,False,True,True,True
AST-02248,late_delivery,phone,london,medium,False,False,True,True,58.03,14,False,True,False,False,False,False,24.29,14.78,False,True,True,True,True,False
AST-02249,wrong_item,chat,south,low,False,False,False,False,42.28,12,False,True,False,False,True,False,19.58,11.56,True,True,True,True,True,False
AST-02250,late_delivery,chat,midlands,low,False,False,True,True,50.67,36,False,True,False,False,False,False,22.39,11.98,True,True,False,True,False,False
AST-02251,damaged_item,email,london,medium,False,False,False,True,158.19,50,False,True,True,True,True,False,24.25,15.59,True,False,True,True,False,True
AST-02252,change_of_mind,email,midlands,low,False,False,False,False,76.79,22,False,True,False,False,False,False,16.76,9.47,True,True,True,True,False,False
AST-02253,missing_refund,chat,south,medium,True,False,True,False,171.65,64,True,True,True,True,True,False,18.21,12.06,True,True,True,True,False,False
AST-02254,wrong_item,email,south,medium,False,False,False,False,75.12,52,False,True,False,False,True,False,20.38,13.33,True,True,True,True,False,False
AST-02255,late_delivery,email,south,high,False,False,False,True,50.89,13,False,True,True,True,False,False,18.96,13.73,False,False,True,True,True,True
AST-02256,change_of_mind,chat,south,medium,False,False,False,False,77.98,9,False,True,False,False,False,False,18.25,9.71,True,False,True,True,False,True
AST-02257,warranty,chat,north,low,False,False,False,False,114.51,16,True,True,True,True,False,False,16.21,11.27,False,True,True,True,True,False
AST-02258,late_delivery,email,london,low,False,False,False,False,112.03,24,False,True,False,True,False,False,20.62,11.31,False,True,True,True,True,False
AST-02259,change_of_mind,phone,north,low,False,False,False,False,21.12,12,False,True,False,False,False,False,17.21,9.49,False,True,True,True,True,False
AST-02260,late_delivery,chat,north,high,False,False,False,False,60.04,34,False,True,False,False,False,False,26.95,16.95,False,False,True,True,True,True
AST-02261,damaged_item,email,london,low,False,False,False,False,71.23,75,False,True,False,False,True,False,18.08,11.67,True,True,True,True,False,False
AST-02262,change_of_mind,chat,london,high,True,False,False,False,11.33,23,True,True,True,True,False,False,25.44,20.26,False,True,True,True,True,False
AST-02263,change_of_mind,phone,london,high,False,True,False,True,196.84,39,True,True,True,True,False,False,27.76,20.66,True,True,True,True,False,False
AST-02264,missing_refund,phone,south,medium,False,False,False,True,43.04,27,False,True,True,True,True,False,24.1,16.35,False,False,False,True,True,True
AST-02265,change_of_mind,email,midlands,low,False,False,False,False,19.11,19,False,True,False,False,False,False,13.45,7.72,False,True,True,True,True,False
AST-02266,warranty,email,south,medium,False,False,False,False,40.18,13,True,True,True,True,False,False,14.81,11.43,True,True,True,True,False,False
AST-02267,warranty,phone,north,low,False,False,False,False,51.09,14,True,True,True,True,False,False,16.85,10.32,True,True,True,True,False,True
AST-02268,missing_refund,phone,london,medium,False,True,False,False,15.5,16,True,True,True,True,True,False,21.78,16.79,False,True,True,True,True,False
AST-02269,late_delivery,phone,london,low,False,False,False,False,100.26,15,False,False,False,True,False,False,17.88,9.89,True,True,True,True,False,False
AST-02270,change_of_mind,phone,south,medium,False,False,False,False,119.47,41,False,True,False,True,False,False,14.7,8.15,False,True,False,True,True,False
AST-02271,late_delivery,chat,midlands,medium,False,False,True,True,24.95,16,False,True,True,True,False,False,26.0,17.19,True,False,True,True,False,True
AST-02272,warranty,phone,london,high,False,False,False,False,68.23,7,True,True,True,True,False,False,24.05,17.59,True,True,True,True,False,False
AST-02273,change_of_mind,phone,north,medium,True,False,True,True,33.86,7,True,True,True,True,False,False,24.28,16.96,True,True,True,True,False,False
AST-02274,late_delivery,email,north,low,False,False,False,True,49.5,80,False,True,True,True,False,False,15.25,10.12,True,False,True,True,False,True
AST-02275,change_of_mind,email,midlands,high,False,False,True,True,89.64,9,False,True,True,True,False,False,25.13,19.48,True,False,True,True,False,True
AST-02276,warranty,phone,north,medium,False,False,False,False,44.93,67,True,True,True,True,False,False,22.09,15.85,True,True,True,True,False,False
AST-02277,missing_refund,email,midlands,medium,False,False,False,True,26.17,1,False,True,False,False,True,False,24.63,16.19,False,True,True,True,True,False
AST-02278,warranty,chat,london,low,False,False,True,False,134.59,8,True,True,True,True,False,False,23.14,13.79,False,True,True,True,True,False
AST-02279,damaged_item,chat,south,low,False,False,False,False,10.59,15,False,True,False,False,True,False,18.11,11.0,False,True,True,True,True,False
AST-02280,late_delivery,chat,north,low,False,False,False,True,166.08,9,False,True,True,True,False,False,14.35,10.57,True,True,True,True,False,False
AST-02281,missing_refund,chat,south,low,False,False,False,False,58.63,82,False,True,False,False,True,False,15.43,9.2,False,True,True,True,True,False
AST-02282,wrong_item,chat,south,medium,False,False,False,False,62.36,50,False,True,False,False,True,False,23.19,13.85,False,True,True,True,True,False
AST-02283,warranty,chat,midlands,medium,False,False,False,True,22.95,40,True,True,True,True,False,False,18.18,13.46,True,True,False,True,False,False
AST-02284,wrong_item,email,south,low,True,False,False,True,32.9,39,True,True,True,True,True,False,18.1,10.14,False,True,True,True,True,False
AST-02285,missing_refund,chat,south,medium,False,False,False,False,72.03,49,False,True,False,False,True,False,16.31,9.99,True,True,True,True,False,False
AST-02286,change_of_mind,email,london,high,False,False,False,True,38.34,10,False,True,True,True,False,False,24.44,18.31,False,False,True,True,True,True
AST-02287,damaged_item,email,london,medium,False,False,False,False,290.06,12,True,True,True,True,True,False,17.79,13.38,True,True,False,True,False,False
AST-02288,change_of_mind,email,south,low,False,True,False,False,42.35,21,True,True,True,True,False,False,13.01,8.7,True,True,True,True,False,False
AST-02289,late_delivery,email,north,medium,False,False,False,True,23.61,25,False,True,False,False,False,False,19.68,12.87,False,True,False,True,True,False
AST-02290,wrong_item,email,north,high,False,False,True,False,23.35,51,False,True,False,False,True,False,21.22,14.24,False,True,True,True,True,False
AST-02291,change_of_mind,phone,north,low,False,False,False,False,33.36,21,False,True,False,False,False,False,14.36,8.01,True,True,True,True,False,False
AST-02292,change_of_mind,phone,north,low,True,False,False,False,12.47,10,True,True,True,True,False,False,14.56,10.93,True,True,True,True,False,False
AST-02293,change_of_mind,chat,north,medium,False,False,False,False,70.24,42,False,True,False,False,False,False,15.06,9.9,True,True,True,True,False,False
AST-02294,missing_refund,email,north,high,False,False,True,False,54.28,22,False,True,False,False,True,False,25.62,19.04,False,True,True,True,True,False
AST-02295,change_of_mind,email,london,high,False,False,False,False,84.97,18,False,True,False,False,False,False,22.27,14.51,True,True,True,True,False,False
AST-02296,damaged_item,chat,midlands,low,False,False,False,False,60.83,53,False,True,False,False,True,False,14.87,7.47,True,True,True,True,False,False
AST-02297,damaged_item,phone,london,medium,False,False,False,False,98.44,15,False,True,False,False,True,False,18.76,11.34,True,True,True,True,False,False
AST-02298,wrong_item,email,south,medium,False,False,True,False,139.72,67,False,True,False,True,True,False,20.48,12.18,True,True,True,True,False,False
AST-02299,missing_refund,chat,midlands,high,False,False,True,False,26.56,19,False,True,False,False,True,False,28.8,19.94,False,True,True,True,True,False
AST-02300,change_of_mind,phone,north,medium,True,False,False,False,148.46,37,True,True,True,True,False,False,21.05,15.91,True,True,True,True,False,False
AST-02301,late_delivery,email,london,medium,False,False,False,False,23.78,19,False,True,False,False,False,False,16.94,9.87,True,True,True,True,False,False
AST-02302,missing_refund,chat,midlands,high,True,False,True,False,45.07,8,True,True,True,True,True,False,26.92,19.43,False,True,True,True,True,False
AST-02303,change_of_mind,chat,london,medium,False,False,False,True,171.7,33,False,True,False,True,False,False,19.19,11.63,True,True,True,True,False,False
AST-02304,late_delivery,chat,north,medium,False,False,False,False,55.19,30,False,True,False,False,False,False,20.45,12.13,True,True,True,True,False,False
AST-02305,warranty,phone,south,medium,False,False,False,False,17.03,82,True,True,True,True,False,False,23.88,16.28,True,True,True,True,False,False
AST-02306,warranty,chat,london,medium,False,False,True,False,41.98,24,True,True,True,True,False,False,24.16,16.49,True,False,True,True,False,True
AST-02307,damaged_item,phone,midlands,medium,False,False,False,False,34.54,47,False,True,False,False,True,False,15.48,8.15,True,True,True,True,False,False
AST-02308,warranty,phone,north,medium,False,False,False,True,31.83,11,True,True,True,True,False,False,17.47,13.25,True,False,True,True,False,True
AST-02309,change_of_mind,email,north,low,False,False,False,False,33.39,40,False,True,False,False,False,False,16.65,8.61,True,True,True,True,False,False
AST-02310,wrong_item,email,south,medium,True,False,False,False,38.76,5,True,True,True,True,True,False,18.35,12.14,True,True,True,True,True,False
AST-02311,late_delivery,email,north,low,False,True,True,False,83.28,11,True,True,True,True,False,False,20.78,13.24,False,True,True,False,True,False
AST-02312,change_of_mind,email,london,high,False,False,False,False,62.02,17,False,False,False,False,False,False,24.46,14.51,False,False,False,True,True,True
AST-02313,change_of_mind,phone,london,medium,False,False,True,False,77.12,30,False,False,False,False,False,False,18.83,12.5,True,False,True,True,False,True
AST-02314,damaged_item,phone,south,high,False,False,False,False,47.54,31,False,True,False,False,True,False,22.5,15.12,False,True,True,True,True,False
AST-02315,late_delivery,chat,north,low,False,False,False,False,35.19,24,False,True,False,False,False,False,13.6,7.86,True,False,True,True,False,True
AST-02316,wrong_item,email,north,high,False,False,False,False,65.59,15,False,True,False,False,True,False,24.66,17.08,False,True,True,True,True,False
AST-02317,warranty,phone,london,low,False,False,False,False,50.77,33,True,True,True,True,False,False,18.16,12.54,True,True,True,True,False,False
AST-02318,change_of_mind,email,midlands,high,False,False,False,False,111.6,67,False,True,False,True,False,False,24.42,15.47,False,True,True,True,True,False
AST-02319,warranty,phone,south,low,False,False,False,False,178.64,10,True,True,True,True,False,False,12.01,10.01,True,True,True,True,False,False
AST-02320,missing_refund,chat,london,low,False,False,False,False,11.65,61,False,True,False,False,True,False,16.94,9.75,True,False,True,True,False,True
AST-02321,late_delivery,chat,midlands,low,False,False,False,False,19.36,12,False,True,False,False,False,False,16.7,7.9,True,True,True,True,False,False
AST-02322,change_of_mind,email,south,medium,False,False,False,False,68.58,27,False,True,False,False,False,False,15.48,8.89,True,True,True,True,True,False
AST-02323,damaged_item,chat,midlands,medium,False,False,False,False,58.27,24,False,True,False,False,True,False,22.45,12.23,True,True,True,True,False,False
AST-02324,wrong_item,phone,london,high,False,False,False,False,72.94,28,False,True,False,False,True,False,22.01,14.14,False,False,False,True,True,True
AST-02325,change_of_mind,email,north,low,False,False,False,True,37.54,23,False,True,True,True,False,False,19.12,12.2,False,False,True,True,True,True
AST-02326,damaged_item,email,london,high,False,False,False,False,111.6,14,False,True,False,True,True,False,23.57,16.76,False,True,True,True,True,False
AST-02327,late_delivery,email,north,high,True,False,False,False,21.54,21,True,True,True,True,False,False,19.92,14.48,True,True,True,True,False,False
AST-02328,late_delivery,email,north,low,False,False,False,False,26.52,78,False,True,False,False,False,False,17.85,10.8,True,True,True,True,False,False
AST-02329,change_of_mind,email,london,medium,False,False,False,True,14.95,4,False,True,False,False,False,False,19.75,12.56,True,True,True,True,False,True
AST-02330,damaged_item,phone,london,high,False,False,False,False,56.68,28,False,True,False,False,True,False,23.27,15.53,True,False,True,True,False,True
AST-02331,late_delivery,email,south,high,False,False,True,False,10.45,43,False,False,False,False,False,False,24.54,17.13,True,False,False,True,False,True
AST-02332,change_of_mind,phone,south,low,False,False,False,True,20.32,17,False,True,True,True,False,False,21.23,14.04,True,True,True,True,False,False
AST-02333,warranty,phone,north,medium,False,False,False,False,68.37,77,True,True,True,True,False,False,21.79,15.58,True,True,True,True,False,False
AST-02334,change_of_mind,chat,midlands,low,False,False,True,False,27.72,66,False,True,False,False,False,False,13.36,8.55,False,True,True,True,True,False
AST-02335,damaged_item,chat,north,high,False,False,False,True,84.6,25,False,True,False,False,True,False,24.24,17.34,False,True,True,True,True,False
AST-02336,late_delivery,email,north,low,True,False,False,False,128.23,25,True,True,True,True,False,False,10.56,7.27,False,True,True,True,True,False
AST-02337,damaged_item,phone,north,low,False,False,True,False,40.93,35,False,False,False,False,True,False,20.23,10.01,True,True,True,True,False,False
AST-02338,change_of_mind,phone,south,high,False,False,False,True,66.02,24,False,True,True,True,False,False,28.06,20.56,True,True,True,True,False,True
AST-02339,late_delivery,phone,north,medium,False,False,False,False,65.75,68,False,True,False,False,False,False,17.04,11.06,True,True,True,True,False,False
AST-02340,change_of_mind,phone,north,low,False,False,True,False,13.85,23,False,True,False,False,False,False,18.89,9.98,False,False,False,True,True,True
AST-02341,change_of_mind,chat,london,low,False,False,False,False,20.69,95,False,True,False,False,False,False,9.7,5.05,True,False,True,True,False,True
AST-02342,damaged_item,phone,london,high,False,False,False,False,67.58,33,False,True,False,False,True,False,27.38,18.65,True,True,True,True,False,False
AST-02343,late_delivery,chat,midlands,low,False,False,False,False,30.0,19,False,True,False,False,False,False,12.09,5.52,True,True,False,True,False,False
AST-02344,wrong_item,phone,midlands,low,False,False,False,False,32.71,61,False,True,False,False,True,False,12.95,6.51,True,True,True,True,False,False
AST-02345,late_delivery,chat,london,high,False,False,True,False,58.1,18,False,True,False,False,False,False,29.46,19.66,True,True,True,True,False,False
AST-02346,change_of_mind,chat,north,low,False,False,False,False,10.79,8,False,True,False,False,False,False,16.82,10.45,True,True,True,True,False,False
AST-02347,wrong_item,email,south,medium,False,True,False,False,28.33,41,True,True,True,True,True,False,17.89,13.73,False,True,True,True,True,False
AST-02348,late_delivery,chat,london,medium,False,False,False,True,20.63,18,False,True,True,True,False,False,23.98,16.01,True,True,True,True,False,False
AST-02349,late_delivery,email,london,medium,True,False,True,False,36.19,59,True,True,True,True,False,False,18.71,13.97,True,True,True,True,False,False
AST-02350,missing_refund,email,midlands,medium,False,False,False,False,21.48,42,False,True,False,False,True,False,15.2,10.05,True,True,True,True,True,False
AST-02351,late_delivery,phone,south,medium,False,False,False,False,10.13,26,False,True,False,False,False,False,19.43,11.75,True,False,True,True,False,True
AST-02352,damaged_item,chat,london,medium,True,False,False,False,36.52,31,True,True,True,True,True,False,18.99,13.29,True,False,True,True,False,True
AST-02353,change_of_mind,phone,midlands,low,False,False,False,True,126.74,57,False,True,False,True,False,False,12.38,7.66,True,True,True,True,False,False
AST-02354,wrong_item,chat,south,medium,False,False,False,False,83.99,39,False,True,False,False,True,False,17.88,10.4,False,True,True,True,True,True
AST-02355,wrong_item,email,north,low,True,False,False,False,75.72,18,True,True,True,True,True,False,16.67,9.93,True,True,True,True,False,False
AST-02356,wrong_item,chat,midlands,medium,False,False,False,False,85.43,42,False,True,False,False,True,False,20.06,13.0,True,True,True,True,False,False
AST-02357,damaged_item,chat,midlands,high,False,False,False,True,80.62,23,False,True,True,True,True,False,19.51,15.4,True,True,True,True,True,False
AST-02358,missing_refund,email,south,low,False,False,False,False,198.24,39,False,True,False,True,True,False,14.47,8.08,True,True,True,True,False,False
AST-02359,change_of_mind,phone,midlands,low,False,False,True,False,18.69,29,False,True,False,False,False,False,20.11,12.76,True,True,True,True,False,False
AST-02360,missing_refund,email,midlands,low,False,False,False,False,17.87,5,False,True,False,False,True,False,15.95,7.46,True,True,True,True,False,False
AST-02361,change_of_mind,email,midlands,medium,False,False,False,False,11.93,103,False,True,False,False,False,False,20.12,12.54,False,True,True,True,True,False
AST-02362,change_of_mind,chat,south,low,False,False,True,False,80.95,40,False,True,False,False,False,False,16.97,10.44,True,True,True,True,False,False
AST-02363,wrong_item,chat,north,low,True,False,False,False,39.66,36,True,True,True,True,True,False,13.51,9.84,True,True,True,True,False,False
AST-02364,damaged_item,chat,south,low,False,False,False,False,43.34,14,False,True,False,False,True,False,17.24,9.63,True,True,True,True,False,False
AST-02365,late_delivery,phone,london,low,False,False,False,False,34.71,3,False,True,False,False,False,False,15.84,10.4,True,True,True,True,False,False
AST-02366,change_of_mind,email,north,low,False,False,False,False,39.02,31,False,True,False,False,False,False,12.99,7.06,True,True,True,True,False,False
AST-02367,wrong_item,email,south,medium,False,False,False,False,37.22,18,False,True,False,False,True,False,16.89,10.15,True,True,True,True,False,False
AST-02368,damaged_item,email,south,medium,False,False,False,True,138.76,17,False,True,False,True,True,False,22.87,14.28,True,True,True,True,False,False
AST-02369,late_delivery,phone,south,medium,False,False,False,False,62.46,15,False,True,False,False,False,False,16.85,10.31,True,True,False,True,False,False
AST-02370,change_of_mind,phone,north,medium,False,False,False,False,20.7,10,False,True,False,False,False,False,22.25,14.75,False,True,True,True,True,False
AST-02371,wrong_item,phone,north,low,False,False,False,False,41.35,18,False,True,False,False,True,False,15.09,8.02,True,True,True,True,False,False
AST-02372,damaged_item,email,south,medium,False,False,False,False,12.15,21,False,True,False,False,True,False,18.05,11.98,True,True,True,True,False,False
AST-02373,change_of_mind,phone,midlands,low,False,False,False,False,74.38,28,False,True,False,False,False,False,15.76,9.09,False,True,True,True,True,False
AST-02374,damaged_item,chat,south,high,False,False,False,False,63.08,5,False,True,False,False,True,False,21.51,13.2,True,True,True,True,False,False
AST-02375,damaged_item,phone,south,medium,False,False,False,True,34.26,10,False,True,False,False,True,False,19.01,12.83,False,True,True,True,True,False
AST-02376,wrong_item,chat,london,medium,False,False,False,False,51.97,48,False,True,False,False,True,False,18.2,11.33,True,True,True,True,False,False
AST-02377,late_delivery,chat,south,medium,False,False,False,False,17.66,13,False,True,False,False,False,False,17.21,9.93,False,True,True,True,True,False
AST-02378,change_of_mind,email,north,medium,False,False,False,False,94.86,43,False,True,False,False,False,False,17.78,11.45,True,False,True,True,True,True
AST-02379,damaged_item,chat,north,low,False,False,False,False,46.22,26,False,True,False,False,True,False,12.37,6.39,True,True,True,True,False,False
AST-02380,warranty,chat,north,high,False,False,True,True,49.48,34,True,True,True,True,False,False,28.94,20.74,False,False,True,True,True,True
AST-02381,change_of_mind,phone,south,medium,False,False,False,False,52.04,14,False,True,False,False,False,False,21.33,13.82,True,False,True,True,False,True
AST-02382,late_delivery,email,midlands,low,False,False,False,False,39.8,11,False,True,False,False,False,False,13.24,8.3,True,True,True,True,False,False
AST-02383,late_delivery,email,south,medium,False,False,True,True,44.09,41,False,True,True,True,False,False,25.72,17.04,False,True,False,True,True,False
AST-02384,late_delivery,chat,south,low,False,False,False,False,50.78,36,False,True,False,False,False,False,14.32,9.97,True,False,True,True,False,True
AST-02385,change_of_mind,email,north,medium,False,False,False,False,40.14,19,False,True,False,False,False,False,16.25,9.03,False,True,True,True,True,False
AST-02386,late_delivery,email,london,medium,True,False,False,False,15.34,32,True,True,True,True,False,False,20.88,15.22,False,True,True,True,True,False
AST-02387,damaged_item,chat,south,low,False,False,False,False,140.99,7,False,True,False,True,True,False,11.26,5.81,True,True,True,True,False,False
AST-02388,wrong_item,chat,london,medium,False,False,False,True,66.88,17,False,True,False,False,True,False,24.2,14.68,False,True,True,True,True,False
AST-02389,change_of_mind,email,north,high,False,False,False,False,85.27,14,False,True,False,False,False,False,24.91,15.94,True,True,True,True,False,False
AST-02390,missing_refund,chat,midlands,low,False,False,False,False,110.29,39,False,True,False,True,True,False,10.37,5.81,True,True,True,True,False,False
AST-02391,wrong_item,phone,south,low,False,False,False,False,35.27,15,False,True,False,False,True,False,16.43,8.35,True,True,False,True,False,False
AST-02392,damaged_item,chat,south,low,False,False,False,False,18.27,60,False,True,False,False,True,False,9.86,6.19,True,True,True,True,False,False
AST-02393,late_delivery,phone,london,high,True,False,True,True,28.44,21,True,True,True,True,False,False,27.48,21.0,False,True,True,True,True,False
AST-02394,damaged_item,chat,north,low,False,False,False,False,59.51,23,False,True,False,False,True,False,10.18,5.75,True,True,True,True,False,False
AST-02395,change_of_mind,chat,london,medium,False,False,False,False,59.27,39,False,True,False,False,False,False,19.51,12.07,True,False,True,True,False,True
AST-02396,change_of_mind,email,north,medium,False,False,False,True,35.96,5,False,True,False,False,False,False,22.03,13.78,True,True,True,True,False,False
AST-02397,missing_refund,phone,north,low,False,False,True,False,30.38,33,False,True,False,False,True,False,25.32,16.04,False,False,True,True,True,True
AST-02398,damaged_item,email,london,low,False,False,True,False,38.16,73,False,True,False,False,True,False,18.67,9.95,True,True,True,True,False,False
AST-02399,late_delivery,phone,north,low,False,False,False,False,68.07,5,False,True,False,False,False,False,13.27,8.77,True,True,True,True,True,True
AST-02400,missing_refund,email,south,low,False,False,False,False,75.79,11,False,True,False,False,True,False,17.88,10.08,True,True,True,True,False,False
AST-02401,warranty,phone,london,medium,False,False,True,False,147.57,25,True,True,True,True,False,False,25.0,17.4,True,True,True,True,False,False
AST-02402,warranty,chat,south,medium,False,False,False,False,173.04,34,True,False,True,True,False,False,20.22,15.2,False,True,True,True,True,False
AST-02403,wrong_item,phone,south,low,False,False,False,False,29.85,16,False,True,False,False,True,False,15.0,8.26,True,True,False,True,False,False
AST-02404,change_of_mind,chat,midlands,low,False,False,False,False,107.42,7,False,True,False,True,False,False,14.74,8.6,True,True,True,True,False,False
AST-02405,late_delivery,phone,south,high,True,False,False,True,39.34,33,True,True,True,True,False,False,26.2,19.31,True,True,True,True,False,False
AST-02406,change_of_mind,phone,south,low,False,False,False,False,33.05,51,False,True,False,False,False,False,15.76,9.12,True,True,True,True,False,False
AST-02407,change_of_mind,phone,north,medium,False,False,True,True,74.38,43,False,True,False,False,False,False,20.63,12.46,False,False,True,True,True,True
AST-02408,change_of_mind,phone,london,low,False,False,False,True,32.4,25,False,True,False,False,False,False,21.4,10.29,True,True,True,True,False,False
AST-02409,change_of_mind,phone,london,medium,True,False,False,False,311.78,41,True,True,True,True,False,False,14.92,10.2,True,True,True,True,False,False
AST-02410,late_delivery,chat,midlands,low,False,False,True,False,153.04,10,False,True,False,True,False,False,14.48,6.01,True,True,True,True,False,False
AST-02411,wrong_item,email,north,low,False,False,False,False,140.61,108,False,True,False,True,True,False,12.92,7.46,True,True,True,True,False,False
AST-02412,change_of_mind,email,midlands,high,False,False,False,False,60.35,13,False,True,False,False,False,False,23.39,15.89,True,True,False,True,True,False
AST-02413,late_delivery,chat,south,high,False,False,False,True,40.14,34,False,True,False,False,False,False,29.04,19.77,True,False,True,True,False,True
AST-02414,missing_refund,phone,south,medium,False,False,False,True,50.76,4,False,True,False,False,True,False,21.61,12.78,True,True,True,True,False,False
AST-02415,change_of_mind,email,south,high,True,True,False,True,61.39,31,True,True,True,True,False,False,21.76,15.74,True,False,False,True,False,True
AST-02416,damaged_item,phone,north,high,False,False,False,False,12.07,31,False,True,False,False,True,False,25.7,17.32,True,True,True,True,True,False
AST-02417,change_of_mind,chat,midlands,low,False,False,False,True,97.97,23,False,True,False,False,False,False,15.27,8.13,False,True,True,True,True,False
AST-02418,change_of_mind,phone,midlands,medium,True,False,False,False,48.4,2,True,True,True,True,False,False,24.84,15.93,False,True,True,True,True,False
AST-02419,wrong_item,phone,north,low,False,False,True,True,25.78,8,False,True,False,False,True,False,20.51,11.17,False,False,True,True,True,True
AST-02420,damaged_item,chat,london,medium,False,False,False,False,30.76,14,False,True,False,False,True,False,22.57,13.04,True,True,True,True,False,False
AST-02421,late_delivery,chat,north,medium,False,False,True,True,41.45,3,False,True,False,False,False,False,21.14,13.41,True,True,False,True,False,False
AST-02422,late_delivery,email,south,medium,False,True,False,True,44.03,8,True,True,True,True,False,False,18.97,13.69,True,True,True,True,False,False
AST-02423,change_of_mind,chat,south,low,False,False,True,False,63.77,30,False,True,False,False,False,False,15.23,7.99,False,True,True,True,True,False
AST-02424,missing_refund,chat,london,medium,False,False,False,False,25.15,51,False,True,False,False,True,False,18.71,10.6,True,True,True,True,False,False
AST-02425,late_delivery,phone,south,low,False,False,True,False,11.52,25,False,True,False,False,False,False,16.17,9.05,False,True,True,True,True,False
AST-02426,wrong_item,phone,north,medium,False,False,False,True,35.85,40,False,True,False,False,True,False,20.43,14.62,True,True,True,True,False,False
AST-02427,late_delivery,phone,midlands,medium,False,False,False,True,47.72,30,False,True,True,True,False,False,19.41,14.23,True,False,False,True,False,True
AST-02428,late_delivery,chat,midlands,high,True,False,True,False,39.7,13,True,True,True,True,False,False,22.73,16.68,False,True,True,True,True,False
AST-02429,damaged_item,email,london,high,False,False,False,True,55.44,52,False,True,True,True,True,False,21.78,16.34,True,True,True,True,False,False
AST-02430,late_delivery,chat,london,high,False,False,False,False,52.84,22,False,True,False,False,False,False,23.98,16.48,False,False,True,True,True,True
AST-02431,warranty,chat,north,medium,False,False,False,False,22.34,3,True,True,True,True,False,False,17.2,13.41,False,True,True,True,True,False
AST-02432,change_of_mind,phone,london,low,False,False,False,False,156.44,29,False,True,False,True,False,False,14.81,8.27,True,True,True,True,False,False
AST-02433,damaged_item,email,london,low,False,False,True,False,42.16,21,False,True,False,False,True,False,13.5,7.88,True,True,True,True,False,False
AST-02434,wrong_item,chat,south,low,False,False,False,False,29.44,20,False,True,False,False,True,False,15.67,8.87,True,True,False,True,False,False
AST-02435,change_of_mind,phone,north,medium,False,False,True,True,56.15,35,False,True,False,False,False,False,29.07,17.65,False,True,True,True,True,False
AST-02436,change_of_mind,phone,london,medium,False,False,False,False,101.74,8,False,True,False,True,False,False,21.55,14.43,True,True,True,True,False,False
AST-02437,late_delivery,phone,south,medium,False,False,False,False,34.91,13,False,True,False,False,False,False,18.18,10.08,False,True,True,True,True,False
AST-02438,change_of_mind,chat,south,low,False,False,False,False,55.65,12,False,True,False,False,False,False,13.53,7.35,True,True,True,True,True,False
AST-02439,change_of_mind,email,north,high,False,False,False,False,34.68,21,False,True,False,False,False,False,23.07,15.61,True,True,True,True,False,False
AST-02440,wrong_item,chat,south,low,False,False,False,False,85.11,14,False,True,False,False,True,False,12.49,5.76,True,True,True,True,False,False
AST-02441,damaged_item,phone,south,low,False,False,False,False,9.51,6,False,True,False,False,True,False,13.39,7.01,True,False,False,True,False,True
AST-02442,change_of_mind,chat,london,medium,False,False,False,False,60.94,67,False,True,False,False,False,False,22.47,14.53,True,True,True,True,False,False
AST-02443,late_delivery,chat,london,low,True,False,False,False,28.83,35,True,True,True,True,False,False,10.28,6.96,True,False,True,True,False,True
AST-02444,damaged_item,phone,south,low,False,False,False,True,52.6,66,False,True,False,False,True,False,14.17,7.73,True,True,True,True,False,False
AST-02445,wrong_item,phone,london,medium,False,False,False,False,11.54,15,False,True,False,False,True,False,17.16,10.69,True,True,True,True,False,False
AST-02446,late_delivery,email,london,low,False,False,False,False,32.78,9,False,True,False,False,False,False,14.77,7.98,True,True,True,True,False,False
AST-02447,warranty,phone,midlands,low,False,False,False,False,35.97,16,True,True,True,True,False,False,12.92,8.75,True,True,True,True,False,False
AST-02448,missing_refund,email,north,low,True,False,False,False,49.11,19,True,True,True,True,True,False,14.47,9.85,True,True,True,True,False,False
AST-02449,missing_refund,chat,midlands,medium,False,False,False,False,141.57,17,False,True,False,True,True,False,16.82,10.48,True,True,True,True,False,False
AST-02450,late_delivery,chat,midlands,low,False,False,False,False,77.54,33,False,True,False,False,False,False,14.75,7.79,True,True,True,True,False,False
AST-02451,late_delivery,email,london,medium,False,False,False,False,24.8,14,False,True,False,False,False,False,18.73,11.05,False,True,False,True,True,False
AST-02452,damaged_item,email,south,low,False,False,True,False,46.87,57,False,True,False,False,True,False,16.83,10.28,True,True,True,True,False,False
AST-02453,late_delivery,chat,midlands,medium,False,False,False,False,37.68,84,False,True,False,False,False,False,21.74,13.6,True,False,False,True,True,True
AST-02454,wrong_item,email,london,medium,False,False,False,False,58.62,34,False,True,False,False,True,False,16.44,9.78,False,True,True,True,True,False
AST-02455,change_of_mind,phone,midlands,low,False,False,False,False,21.22,43,False,True,False,False,False,False,12.3,7.08,True,True,True,True,False,False
AST-02456,wrong_item,email,south,high,False,False,False,True,49.31,43,False,True,False,False,True,False,25.38,16.84,False,False,True,True,True,True
AST-02457,warranty,email,london,medium,False,False,False,True,63.13,2,True,True,True,True,False,False,19.73,13.86,True,True,True,True,False,False
AST-02458,missing_refund,chat,south,medium,False,False,False,True,19.86,26,False,True,True,True,True,False,19.88,13.21,True,True,True,True,False,False
AST-02459,warranty,chat,midlands,low,False,False,False,False,79.91,33,True,True,True,True,False,False,9.64,5.71,True,True,True,True,False,False
AST-02460,damaged_item,chat,south,high,False,True,False,False,40.28,10,True,False,True,True,True,False,21.72,16.38,True,True,True,True,False,False
AST-02461,damaged_item,email,london,low,False,False,True,False,8,25,False,True,False,False,True,False,16.22,9.63,True,True,True,True,False,False
AST-02462,damaged_item,chat,south,high,False,False,False,True,134.7,18,False,True,True,True,True,False,24.86,18.73,False,True,True,True,True,False
AST-02463,damaged_item,email,south,low,False,False,False,False,57.16,21,False,True,False,False,True,False,17.51,9.96,True,True,True,True,False,False
AST-02464,damaged_item,chat,north,low,False,False,False,False,38.86,21,False,True,False,False,True,False,14.71,7.99,False,True,True,True,True,False
AST-02465,late_delivery,phone,north,high,True,True,True,True,26.54,36,True,True,True,True,False,False,30.03,22.11,True,False,True,True,False,True
AST-02466,damaged_item,chat,london,low,False,False,False,False,88.65,32,False,True,False,False,True,False,11.42,7.46,True,True,True,True,False,False
AST-02467,change_of_mind,email,midlands,low,False,False,False,False,107.84,30,False,True,False,True,False,False,9.17,4.99,False,True,True,True,True,False
AST-02468,change_of_mind,email,london,medium,False,False,False,False,73.11,78,False,True,False,False,False,False,12.7,7.91,False,False,True,True,True,True
AST-02469,change_of_mind,email,south,low,False,False,False,False,27.47,8,False,True,False,False,False,False,21.08,11.45,True,True,True,True,True,False
AST-02470,damaged_item,chat,south,low,False,False,False,False,41.55,36,False,False,False,False,True,False,11.89,7.77,True,False,True,True,False,True
AST-02471,late_delivery,email,midlands,medium,False,False,False,False,8.62,13,False,True,False,False,False,False,18.15,11.07,False,True,True,True,True,False
AST-02472,missing_refund,email,south,low,False,False,False,False,85.35,3,False,True,False,False,True,False,17.88,11.38,True,True,True,True,False,False
AST-02473,missing_refund,chat,london,medium,False,False,False,False,35.98,30,False,True,False,False,True,False,22.82,14.13,False,True,True,True,True,False
AST-02474,damaged_item,chat,south,low,False,False,False,False,69.46,16,False,True,False,False,True,False,13.23,7.47,True,True,True,True,False,False
AST-02475,warranty,chat,london,low,False,False,False,False,42.31,20,True,True,True,True,False,False,19.72,12.3,True,True,True,True,False,False
AST-02476,wrong_item,email,london,high,False,False,False,True,29.18,34,False,True,True,True,True,False,27.68,21.3,False,True,True,True,True,False
AST-02477,damaged_item,chat,south,high,False,False,False,False,30.44,31,False,True,False,False,True,False,20.79,13.49,True,True,False,True,False,False
AST-02478,wrong_item,email,south,low,False,False,False,True,61.96,18,False,True,False,False,True,False,15.27,9.05,True,True,True,True,False,False
AST-02479,wrong_item,email,north,high,False,False,True,True,30.17,8,False,True,False,False,True,False,27.19,16.91,False,True,True,True,True,True
AST-02480,damaged_item,phone,north,low,False,False,False,False,197.04,21,False,True,False,True,True,False,13.29,7.15,True,True,True,True,False,False
AST-02481,change_of_mind,phone,south,medium,False,False,False,True,70.8,21,False,True,False,False,False,False,19.64,12.21,True,False,True,True,False,True
AST-02482,late_delivery,email,north,medium,False,False,False,True,64.18,24,False,True,False,False,False,False,23.65,13.91,False,True,True,True,True,False
AST-02483,damaged_item,email,london,medium,False,False,False,False,54.5,20,False,True,False,False,True,False,17.95,11.18,True,True,True,True,False,False
AST-02484,late_delivery,email,london,high,False,False,True,False,35.75,19,False,True,False,False,False,False,28.12,18.94,True,False,True,True,False,True
AST-02485,missing_refund,email,north,low,False,False,False,False,60.97,12,False,True,False,False,True,False,14.17,8.29,True,True,True,True,False,False
AST-02486,damaged_item,chat,north,low,False,False,False,False,20.4,44,False,True,False,False,True,False,13.89,7.71,True,True,True,True,False,False
AST-02487,missing_refund,chat,london,low,False,False,False,True,18.07,22,False,True,False,False,True,False,20.18,10.4,True,True,True,True,False,False
AST-02488,change_of_mind,chat,south,medium,False,False,False,False,65.81,12,False,True,False,False,False,False,17.75,10.48,False,True,True,True,True,False
AST-02489,change_of_mind,chat,midlands,medium,False,False,False,False,39.82,58,False,True,False,False,False,False,18.41,9.49,False,True,True,True,True,False
AST-02490,wrong_item,phone,south,low,False,True,False,False,54.73,12,True,True,True,True,True,False,11.36,6.79,True,True,True,True,False,False
AST-02491,missing_refund,chat,north,low,True,False,False,True,10.91,10,True,True,True,True,True,False,21.38,14.22,False,True,True,True,True,False
AST-02492,damaged_item,chat,south,high,False,False,False,True,17.73,45,False,True,False,False,True,False,25.84,17.23,True,True,True,True,False,False
AST-02493,late_delivery,chat,north,low,False,False,False,False,38.07,34,False,True,False,False,False,False,12.54,6.67,True,True,True,True,False,False
AST-02494,missing_refund,email,south,medium,False,False,False,False,144.76,4,False,True,False,True,True,False,20.76,13.32,True,True,True,True,False,False
AST-02495,wrong_item,chat,london,high,False,False,True,False,17.58,24,False,True,False,False,True,False,29.66,20.75,True,True,True,True,False,False
AST-02496,wrong_item,chat,south,medium,False,False,False,False,46.99,25,False,True,False,False,True,False,17.09,10.63,False,True,True,True,True,False
AST-02497,change_of_mind,email,north,high,False,False,False,False,19.26,5,False,True,False,False,False,False,25.33,18.25,True,False,True,True,False,True
AST-02498,missing_refund,chat,south,medium,False,False,False,True,21.98,28,False,True,True,True,True,False,19.08,13.96,True,False,True,True,False,True
AST-02499,late_delivery,email,midlands,low,False,False,False,True,94.08,19,False,True,True,True,False,False,17.44,10.78,False,False,True,True,True,True
AST-02500,damaged_item,email,south,low,False,False,False,False,22.36,16,False,True,False,False,True,False,12.52,7.86,True,True,True,True,False,False
AST-02501,damaged_item,chat,north,low,False,False,False,False,74.06,9,False,True,False,False,True,False,11.36,6.56,True,True,True,True,False,False
AST-02502,change_of_mind,phone,north,low,True,False,True,True,49.96,52,True,True,True,True,False,False,21.42,14.48,True,True,True,True,False,False
AST-02503,late_delivery,email,london,low,False,False,False,False,119.09,8,False,True,False,True,False,False,12.89,8.2,True,True,True,True,False,False
AST-02504,late_delivery,chat,south,medium,False,False,False,False,18.33,17,False,True,False,False,False,False,19.83,13.02,False,True,True,True,True,False
AST-02505,change_of_mind,chat,north,medium,False,False,False,True,58.56,20,False,True,True,True,False,False,23.73,15.41,True,True,False,True,False,False
AST-02506,late_delivery,email,north,medium,True,True,False,True,35.29,12,True,True,True,True,False,False,23.34,16.35,False,True,True,True,True,False
AST-02507,change_of_mind,phone,north,low,False,False,True,False,27.05,9,False,False,False,False,False,False,19.81,10.57,False,True,True,True,True,False
AST-02508,late_delivery,email,north,high,False,False,False,True,54.52,55,False,True,False,False,False,False,21.14,15.59,False,True,True,True,True,False
AST-02509,change_of_mind,email,south,medium,False,False,True,False,22.34,40,False,True,False,False,False,False,25.53,15.6,False,False,True,True,True,True
AST-02510,change_of_mind,phone,north,high,False,True,False,True,93.81,87,True,True,True,True,False,False,22.6,16.89,False,True,True,True,True,False
AST-02511,late_delivery,email,north,high,True,True,False,True,59.34,26,True,True,True,True,False,False,27.83,19.67,True,True,True,True,False,False
AST-02512,change_of_mind,chat,south,low,True,False,False,False,74.54,29,True,True,True,True,False,False,16.31,12.03,True,True,True,True,False,False
AST-02513,wrong_item,email,south,high,True,False,False,False,66.76,58,True,True,True,True,True,False,25.51,19.44,True,True,True,True,False,False
AST-02514,damaged_item,email,south,low,False,False,False,False,137.73,31,False,True,False,True,True,False,14.58,8.85,True,True,True,True,False,False
AST-02515,late_delivery,email,north,high,False,False,False,True,67.3,63,False,True,True,True,False,False,26.42,19.9,True,True,False,True,False,False
AST-02516,warranty,chat,london,low,False,False,False,False,45.66,28,True,True,True,True,False,False,13.84,9.04,True,True,True,True,False,False
AST-02517,late_delivery,email,midlands,high,False,False,False,False,76.96,31,False,True,False,False,False,False,23.5,16.96,False,True,True,True,True,False
AST-02518,change_of_mind,chat,south,high,False,False,False,False,62.38,43,False,True,False,False,False,False,24.1,16.13,True,True,True,True,False,False
AST-02519,damaged_item,phone,london,medium,False,False,False,True,16.26,28,False,True,False,False,True,False,20.13,11.68,True,True,True,True,False,False
AST-02520,change_of_mind,chat,north,medium,False,True,False,True,67.35,35,True,True,True,True,False,False,21.75,13.99,True,False,False,True,False,True
AST-02521,damaged_item,chat,north,medium,False,False,False,False,48.14,17,False,True,False,False,True,False,18.87,11.53,False,True,True,True,True,False
AST-02522,wrong_item,chat,north,high,True,False,False,True,38.45,42,True,True,True,True,True,False,20.49,16.8,True,False,True,True,False,True
AST-02523,change_of_mind,phone,north,medium,False,False,False,True,40.58,19,False,True,False,False,False,False,22.71,14.0,False,False,True,True,True,True
AST-02524,change_of_mind,phone,north,medium,True,True,False,True,28.72,12,True,True,True,True,False,False,18.5,14.52,True,True,False,True,True,False
AST-02525,damaged_item,email,south,low,False,False,False,False,37.83,14,False,True,False,False,True,False,18.43,9.85,True,True,False,True,False,False
AST-02526,damaged_item,email,london,high,False,True,True,True,95.1,84,True,True,True,True,True,False,27.25,19.66,True,True,True,True,False,False
AST-02527,missing_refund,chat,north,low,False,False,False,True,46.82,40,False,True,False,False,True,False,19.15,11.32,True,True,True,True,False,False
AST-02528,late_delivery,chat,north,low,False,False,False,True,49.05,14,False,True,False,False,False,False,13.06,7.05,True,True,True,True,False,False
AST-02529,missing_refund,email,south,high,True,False,False,True,59.26,23,True,True,True,True,True,False,24.66,18.68,False,False,True,True,True,True
AST-02530,missing_refund,chat,midlands,medium,False,False,False,False,35.35,18,False,True,False,False,True,False,21.39,14.16,False,True,True,True,True,False
AST-02531,late_delivery,email,midlands,low,False,False,False,True,55.68,39,False,True,False,False,False,False,18.16,10.34,True,True,False,True,False,False
AST-02532,wrong_item,email,south,medium,True,False,True,False,8,10,True,True,True,True,True,False,24.57,16.8,True,False,True,True,False,True
AST-02533,wrong_item,chat,midlands,low,False,False,False,False,18.47,65,False,True,False,False,True,False,13.34,6.43,True,True,True,True,False,False
AST-02534,change_of_mind,email,south,low,False,False,False,False,15.85,2,False,True,False,False,False,False,17.38,8.92,False,True,True,True,True,False
AST-02535,damaged_item,email,north,low,False,False,False,True,52.84,32,False,True,False,False,True,False,16.56,10.06,True,True,True,True,False,False
AST-02536,late_delivery,chat,london,medium,False,False,False,False,54.35,49,False,True,False,False,False,False,22.38,14.4,True,True,True,True,False,False
AST-02537,late_delivery,email,south,medium,False,False,False,False,23.92,19,False,True,False,False,False,False,19.81,13.19,True,True,True,True,True,False
AST-02538,change_of_mind,chat,midlands,medium,False,False,False,True,94.2,26,False,True,False,False,False,False,21.2,13.28,False,True,True,True,True,False
AST-02539,change_of_mind,email,north,low,True,False,False,True,90.97,14,True,True,True,True,False,False,17.12,10.8,False,True,False,True,True,False
AST-02540,wrong_item,email,midlands,low,False,False,False,True,64.16,17,False,True,False,False,True,False,17.18,9.48,True,True,True,True,False,False
AST-02541,damaged_item,chat,midlands,medium,True,False,False,True,44.66,28,True,True,True,True,True,False,23.51,16.62,True,True,True,True,False,False
AST-02542,late_delivery,phone,south,low,False,False,False,False,42.15,18,False,True,False,False,False,False,18.46,10.21,True,True,True,True,False,False
AST-02543,missing_refund,chat,midlands,low,True,False,False,True,12.3,14,True,True,True,True,True,False,20.0,13.06,True,True,True,True,False,False
AST-02544,late_delivery,chat,north,medium,False,False,False,False,83.32,45,False,True,False,False,False,False,18.24,10.8,False,True,True,True,True,False
AST-02545,late_delivery,phone,south,high,True,False,False,False,48.94,37,True,True,True,True,False,False,25.69,18.88,True,True,True,True,False,False
AST-02546,change_of_mind,phone,midlands,high,False,False,False,True,20.53,40,False,False,False,False,False,False,24.06,16.81,False,False,True,True,True,True
AST-02547,missing_refund,phone,midlands,medium,False,False,False,False,12.79,16,False,True,False,False,True,False,19.54,12.54,False,True,True,True,True,False
AST-02548,warranty,email,midlands,low,False,False,False,False,97.25,43,True,True,True,True,False,False,16.12,9.83,True,True,True,True,True,True
AST-02549,damaged_item,phone,north,low,False,False,False,False,17.71,50,False,True,False,False,True,False,14.05,7.52,True,True,True,True,False,False
AST-02550,damaged_item,chat,south,high,False,False,False,True,91.31,2,False,True,True,True,True,False,26.4,20.04,True,True,False,True,False,False
AST-02551,missing_refund,email,midlands,high,False,False,True,False,49.89,37,False,True,False,False,True,False,30.68,20.55,False,False,False,True,True,True
AST-02552,late_delivery,email,midlands,low,False,False,False,True,161.45,12,False,True,True,True,False,False,16.65,10.92,True,True,True,True,False,False
AST-02553,missing_refund,chat,north,low,False,False,True,False,51.88,3,False,True,False,False,True,False,18.52,10.15,False,True,True,True,True,False
AST-02554,damaged_item,chat,north,high,True,True,False,False,32.56,23,True,True,True,True,True,False,26.34,19.26,False,True,True,True,True,False
AST-02555,late_delivery,phone,north,medium,True,False,False,True,125.67,8,True,True,True,True,False,False,24.54,16.0,True,False,True,True,False,True
AST-02556,change_of_mind,chat,south,low,False,True,True,False,41.49,22,True,True,True,True,False,False,17.55,10.68,True,True,True,True,False,False
AST-02557,late_delivery,phone,midlands,high,False,False,False,False,22.6,7,False,True,False,False,False,False,24.18,15.3,False,True,True,True,True,False
AST-02558,change_of_mind,email,north,high,False,False,False,False,39.07,27,False,True,False,False,False,False,25.36,16.86,False,True,True,True,True,False
AST-02559,change_of_mind,email,midlands,medium,False,False,False,False,17.79,13,False,True,False,False,False,False,24.18,13.6,True,False,True,True,False,True
AST-02560,change_of_mind,chat,midlands,medium,False,False,False,True,61.99,46,False,True,False,False,False,False,25.44,16.3,True,True,True,True,False,False
AST-02561,warranty,chat,north,low,False,False,False,False,46.61,18,True,True,True,True,False,False,13.96,9.74,True,True,True,True,False,False
AST-02562,late_delivery,chat,north,medium,False,False,False,False,68.35,14,False,True,False,False,False,False,20.4,11.73,True,True,True,True,True,False
AST-02563,late_delivery,email,midlands,low,False,False,False,False,150.26,63,False,True,False,True,False,False,14.98,7.46,True,True,True,True,False,False
AST-02564,warranty,email,london,low,False,False,False,False,134.6,52,True,True,True,True,False,False,15.79,10.77,True,True,True,True,False,False
AST-02565,damaged_item,email,south,medium,False,False,False,False,64.31,31,False,True,False,False,True,False,18.1,10.72,False,False,True,True,True,True
AST-02566,change_of_mind,chat,south,low,False,False,False,False,29.16,12,False,True,False,False,False,False,16.47,9.02,True,True,True,True,False,False
AST-02567,wrong_item,phone,south,medium,False,False,False,True,48.93,46,False,True,True,True,True,False,25.37,17.67,False,True,True,True,True,False
AST-02568,wrong_item,email,midlands,medium,False,False,False,False,74.96,44,False,True,False,False,True,False,16.47,10.18,False,True,True,True,True,False
AST-02569,damaged_item,chat,midlands,low,False,False,False,False,12.99,6,False,True,False,False,True,False,13.56,7.96,True,True,True,True,False,False
AST-02570,change_of_mind,phone,north,low,False,False,False,False,33.03,13,False,True,False,False,False,False,18.34,9.57,True,True,True,True,False,True
AST-02571,damaged_item,chat,south,low,True,False,False,False,95.01,52,True,True,True,True,True,False,13.19,9.4,True,True,True,True,False,False
AST-02572,wrong_item,email,north,high,False,False,False,False,137.18,18,False,True,False,True,True,False,22.08,16.26,False,True,False,True,True,False
AST-02573,wrong_item,email,midlands,medium,False,False,False,True,21.15,77,False,True,False,False,True,False,22.53,12.71,True,False,False,True,False,True
AST-02574,wrong_item,phone,london,medium,False,False,False,False,58.15,18,False,True,False,False,True,False,19.29,12.29,True,True,True,True,False,False
AST-02575,missing_refund,chat,midlands,low,True,False,False,False,8.93,41,True,True,True,True,True,False,11.8,8.38,True,False,True,True,False,True
AST-02576,damaged_item,chat,london,medium,False,False,True,False,156.35,29,False,True,False,True,True,False,24.61,16.63,False,True,True,True,True,False
AST-02577,damaged_item,email,london,low,False,False,False,False,96.09,23,False,True,False,False,True,False,15.89,7.71,True,True,False,True,True,False
AST-02578,change_of_mind,email,midlands,medium,False,False,True,False,17.74,3,False,True,False,False,False,False,18.25,10.79,False,True,True,True,True,False
AST-02579,damaged_item,phone,north,medium,False,False,False,False,65.23,38,False,True,False,False,True,False,15.69,9.59,False,True,True,True,True,False
AST-02580,late_delivery,phone,london,high,True,False,False,False,28.17,23,True,True,True,True,False,False,20.7,15.95,False,True,True,True,True,False
AST-02581,change_of_mind,chat,south,low,False,False,False,True,65.29,44,False,True,False,False,False,False,20.36,12.29,True,True,True,True,False,False
AST-02582,missing_refund,chat,south,medium,False,False,False,True,54.09,3,False,True,False,False,True,False,17.84,9.15,True,True,False,True,False,False
AST-02583,damaged_item,phone,london,medium,False,False,False,True,90.19,40,False,True,False,False,True,False,24.13,14.15,True,True,True,True,False,False
AST-02584,wrong_item,email,north,medium,False,False,False,False,62.43,21,False,True,False,False,True,False,17.49,9.52,True,True,False,True,False,False
AST-02585,damaged_item,email,midlands,high,False,False,False,True,68.44,12,False,True,True,True,True,False,25.02,19.12,True,True,True,True,False,False
AST-02586,damaged_item,email,midlands,medium,False,False,False,False,67.26,50,False,True,False,False,True,False,15.32,8.11,True,True,True,True,False,False
AST-02587,change_of_mind,chat,london,medium,False,False,False,False,39.78,42,False,True,False,False,False,False,21.07,13.45,True,True,True,True,False,False
AST-02588,damaged_item,chat,london,medium,False,False,False,False,37.33,14,False,True,False,False,True,False,16.91,10.59,True,True,True,True,False,False
AST-02589,damaged_item,email,london,medium,False,False,False,False,36.49,8,False,True,False,False,True,False,23.99,14.76,False,True,False,True,True,False
AST-02590,warranty,email,london,low,False,False,False,False,32.1,30,True,True,True,True,False,False,20.64,13.17,True,True,True,True,False,False
AST-02591,missing_refund,phone,midlands,low,False,False,True,True,41.7,2,False,True,False,False,True,False,23.88,12.3,True,True,True,True,False,False
AST-02592,damaged_item,chat,london,high,False,False,False,False,11.27,7,False,True,False,False,True,False,22.2,14.88,True,False,True,True,False,True
AST-02593,damaged_item,phone,london,medium,False,False,False,False,149.0,27,False,True,False,True,True,False,21.6,13.51,True,False,True,True,True,True
AST-02594,warranty,chat,south,medium,False,False,False,False,21.2,36,True,True,True,True,False,False,18.46,12.36,False,True,False,True,True,False
AST-02595,change_of_mind,email,london,high,False,False,False,True,25.43,23,False,True,False,False,False,False,31.08,22.19,False,True,True,True,True,False
AST-02596,late_delivery,chat,south,medium,False,False,False,True,19.51,43,False,True,False,False,False,False,18.77,10.86,False,True,True,True,True,False
AST-02597,damaged_item,chat,south,low,True,False,False,False,62.69,12,True,True,True,True,True,False,17.23,10.9,True,True,False,True,True,False
AST-02598,damaged_item,chat,london,medium,False,False,False,False,10.31,48,False,True,False,False,True,False,20.27,12.94,False,False,True,True,True,True
AST-02599,damaged_item,chat,midlands,low,False,False,True,False,11.2,24,False,True,False,False,True,False,20.31,11.16,True,True,True,True,False,False
AST-02600,warranty,email,london,medium,False,False,False,True,25.24,22,True,True,True,True,False,False,21.88,16.01,True,False,False,True,False,True
AST-02601,missing_refund,chat,north,medium,False,False,False,True,46.0,38,False,True,False,False,True,False,22.98,15.0,False,True,True,True,True,False
AST-02602,late_delivery,email,south,medium,False,False,False,True,58.76,40,False,True,False,False,False,False,22.53,12.51,True,True,True,True,False,False
AST-02603,late_delivery,email,london,medium,False,False,False,False,98.56,65,False,True,False,False,False,False,21.17,13.43,True,True,True,True,True,False
AST-02604,damaged_item,email,south,medium,False,False,True,False,131.56,32,False,True,False,True,True,False,22.93,14.86,True,False,True,True,False,True
AST-02605,missing_refund,phone,south,medium,False,False,False,False,25.94,11,False,True,False,False,True,False,18.46,11.06,False,True,True,True,True,False
AST-02606,warranty,chat,midlands,medium,False,False,False,False,44.33,10,True,True,True,True,False,False,19.08,12.85,True,True,False,True,True,False
AST-02607,late_delivery,chat,london,low,False,False,False,False,47.54,10,False,True,False,False,False,False,14.64,7.93,True,True,True,True,False,False
AST-02608,change_of_mind,email,north,low,False,False,False,True,34.89,58,False,True,False,False,False,False,22.1,12.0,True,True,True,True,False,False
AST-02609,warranty,email,london,medium,False,False,True,False,16.23,16,True,True,True,True,False,False,19.9,14.97,True,True,True,True,False,False
AST-02610,change_of_mind,email,midlands,low,False,False,False,False,71.35,39,False,True,False,False,False,False,14.78,8.81,True,True,True,True,False,False
AST-02611,change_of_mind,email,midlands,medium,False,False,False,False,84.08,48,False,False,False,False,False,False,21.36,12.8,False,False,True,True,True,True
AST-02612,late_delivery,chat,south,low,False,False,True,False,45.43,17,False,True,False,False,False,False,15.38,8.22,False,True,True,True,True,False
AST-02613,late_delivery,phone,south,low,False,False,False,False,126.82,58,False,True,False,True,False,False,18.53,8.65,False,True,True,True,True,False
AST-02614,damaged_item,phone,south,low,False,False,False,False,33.06,15,False,True,False,False,True,False,15.58,8.88,True,True,True,True,False,False
AST-02615,change_of_mind,email,south,medium,False,False,False,False,24.99,22,False,True,False,False,False,False,16.34,9.88,True,True,True,True,False,False
AST-02616,change_of_mind,email,midlands,medium,False,False,True,True,27.26,6,False,True,False,False,False,False,23.63,15.41,True,True,True,True,False,False
AST-02617,change_of_mind,email,london,medium,False,False,False,False,13.38,1,False,True,False,False,False,False,18.77,11.31,True,True,True,True,False,False
AST-02618,change_of_mind,phone,midlands,medium,False,True,False,False,92.39,6,True,True,True,True,False,False,21.74,15.8,True,True,True,True,False,False
AST-02619,missing_refund,chat,north,medium,False,False,False,False,29.46,23,False,True,False,False,True,False,23.43,13.94,True,True,True,True,False,False
AST-02620,late_delivery,email,midlands,low,False,True,False,False,44.22,12,True,True,True,True,False,False,13.34,9.82,False,True,True,True,True,False
AST-02621,late_delivery,chat,midlands,medium,False,False,False,False,42.17,41,False,True,False,False,False,False,25.27,15.32,False,True,False,True,True,False
AST-02622,wrong_item,chat,london,high,True,False,False,False,56.06,20,True,True,True,True,True,False,25.16,21.04,False,True,True,True,True,False
AST-02623,warranty,phone,north,medium,False,False,False,False,17.18,13,True,True,True,True,False,False,19.7,14.62,True,True,False,True,False,False
AST-02624,damaged_item,phone,south,high,True,False,False,False,15.46,6,True,True,True,True,True,False,29.13,22.73,True,True,False,True,False,False
AST-02625,wrong_item,email,midlands,low,False,False,True,False,79.73,14,False,True,False,False,True,False,18.38,10.56,True,True,True,False,False,False
AST-02626,change_of_mind,email,north,high,True,False,False,False,21.0,2,True,True,True,True,False,False,28.11,20.86,True,True,True,True,False,False
AST-02627,missing_refund,chat,north,low,True,False,False,False,13.05,30,True,False,True,True,True,False,12.54,9.95,True,True,True,True,False,False
AST-02628,missing_refund,chat,london,medium,False,False,True,False,73.08,39,False,True,False,False,True,False,22.35,13.54,True,True,True,True,False,True
AST-02629,late_delivery,chat,london,high,True,False,True,True,122.31,26,True,True,True,True,False,False,33.31,24.75,False,False,True,True,True,True
AST-02630,late_delivery,email,london,low,True,False,False,False,40.1,38,True,True,True,True,False,False,13.75,9.72,True,True,True,True,False,False
AST-02631,missing_refund,email,london,medium,False,False,False,True,44.29,11,False,True,False,False,True,False,26.81,15.74,False,True,True,True,True,False
AST-02632,late_delivery,phone,north,high,False,True,False,False,60.84,6,True,True,True,True,False,False,20.43,15.65,False,True,True,True,True,False
AST-02633,warranty,chat,london,medium,False,False,False,False,34.81,10,True,True,True,True,False,False,20.42,13.8,False,False,True,True,True,True
AST-02634,late_delivery,phone,london,medium,False,False,False,True,92.18,36,False,True,False,False,False,False,20.05,12.18,True,True,True,True,False,False
AST-02635,warranty,phone,south,medium,False,False,False,False,46.73,33,True,True,True,True,False,False,17.65,12.19,True,True,True,True,False,False
AST-02636,warranty,email,london,low,False,False,False,True,65.72,26,True,True,True,True,False,False,19.34,12.05,False,True,True,True,True,False
AST-02637,late_delivery,chat,london,low,True,False,False,False,35.66,54,True,True,True,True,False,False,18.39,11.74,False,True,False,True,True,False
AST-02638,wrong_item,chat,south,low,False,False,False,True,38.37,17,False,True,False,False,True,False,15.35,7.26,True,True,True,True,False,False
AST-02639,late_delivery,email,south,medium,False,False,False,True,81.4,31,False,True,False,False,False,False,21.08,12.57,False,True,True,True,True,False
AST-02640,missing_refund,phone,north,medium,True,False,False,False,57.93,5,True,True,True,True,True,False,25.43,18.22,False,True,True,True,True,False
AST-02641,missing_refund,chat,north,medium,False,False,False,False,79.67,13,False,True,False,False,True,False,18.94,10.92,False,True,True,True,True,False
AST-02642,wrong_item,email,north,low,False,False,False,False,82.04,27,False,True,False,False,True,False,16.17,8.21,True,True,True,True,False,False
AST-02643,damaged_item,chat,south,low,False,False,False,False,70.23,32,False,True,False,False,True,False,14.4,7.66,True,True,True,True,False,True
AST-02644,late_delivery,phone,north,low,False,False,False,False,11.27,24,False,True,False,False,False,False,17.48,9.43,True,True,True,True,False,False
AST-02645,damaged_item,email,north,low,False,False,False,False,52.17,24,False,True,False,False,True,False,13.0,7.49,False,True,True,True,True,False
AST-02646,missing_refund,chat,north,low,False,False,False,False,20.6,29,False,True,False,False,True,False,14.37,8.05,True,True,True,True,False,False
AST-02647,late_delivery,chat,north,low,False,False,False,False,61.22,21,False,True,False,False,False,False,19.02,9.4,True,True,True,True,False,False
AST-02648,missing_refund,chat,north,low,False,False,False,False,42.28,46,False,True,False,False,True,False,14.45,8.41,True,True,False,True,False,False
AST-02649,missing_refund,email,london,medium,False,False,False,False,123.67,15,False,True,False,True,True,False,17.6,11.54,True,True,True,True,False,False
AST-02650,late_delivery,email,london,low,False,False,False,False,67.14,46,False,True,False,False,False,False,10.86,7.58,True,True,True,True,False,False
AST-02651,damaged_item,email,midlands,medium,False,False,True,True,61.84,21,False,True,False,False,True,False,22.02,13.24,True,True,True,True,False,False
AST-02652,missing_refund,phone,midlands,low,False,False,False,False,59.59,20,False,True,False,False,True,False,13.28,8.33,True,True,True,True,True,False
AST-02653,late_delivery,chat,south,low,False,True,False,False,84.35,19,True,True,True,True,False,False,8.41,6.08,True,True,True,True,False,False
AST-02654,change_of_mind,phone,south,low,False,False,False,False,13.23,47,False,True,False,False,False,False,10.71,6.24,True,True,True,True,False,False
AST-02655,damaged_item,chat,south,high,False,False,False,True,26.43,6,False,True,False,False,True,False,28.17,19.19,True,True,True,True,False,False
AST-02656,warranty,email,south,low,False,False,True,False,43.98,27,True,True,True,True,False,False,16.1,11.5,True,False,True,True,False,True
AST-02657,late_delivery,email,london,low,False,False,False,True,44.09,60,False,True,False,False,False,False,18.66,10.46,False,True,True,True,True,False
AST-02658,damaged_item,phone,north,medium,False,False,False,False,56.9,29,False,True,False,False,True,False,20.33,12.15,True,True,True,True,False,False
AST-02659,missing_refund,chat,north,medium,False,False,False,False,59.61,43,False,True,False,False,True,False,18.96,11.71,True,True,True,True,False,False
AST-02660,change_of_mind,phone,north,low,False,False,False,False,134.28,100,False,True,False,True,False,False,12.3,6.0,True,True,True,True,True,False
AST-02661,late_delivery,email,south,low,False,True,False,False,42.63,33,True,True,True,True,False,False,12.57,8.39,True,True,True,True,False,False
AST-02662,late_delivery,chat,london,medium,False,False,False,False,24.79,61,False,True,False,False,False,False,13.6,8.44,True,True,True,True,False,False
AST-02663,damaged_item,phone,midlands,high,False,False,False,False,90.76,16,False,True,False,False,True,False,22.06,14.78,False,True,True,True,True,False
AST-02664,late_delivery,chat,midlands,high,True,False,True,True,41.45,2,True,True,True,True,False,False,31.39,23.26,True,True,True,True,False,False
AST-02665,damaged_item,phone,london,high,False,False,False,True,38.1,10,False,False,False,False,True,False,28.06,18.89,False,False,True,True,True,True
AST-02666,wrong_item,phone,midlands,medium,False,False,False,False,78.06,23,False,True,False,False,True,False,23.19,15.31,False,True,True,True,True,False
AST-02667,late_delivery,email,south,low,False,False,True,False,17.38,29,False,True,False,False,False,False,15.98,9.51,False,False,True,True,True,True
AST-02668,missing_refund,chat,north,medium,False,False,False,True,34.22,28,False,True,False,False,True,False,20.11,12.92,True,True,True,True,False,False
AST-02669,damaged_item,chat,south,low,False,False,False,False,48.1,36,False,True,False,False,True,False,16.94,11.12,True,True,True,True,False,False
AST-02670,warranty,chat,north,medium,False,False,False,False,61.75,22,True,True,True,True,False,False,16.5,12.47,False,True,True,True,True,False
AST-02671,late_delivery,phone,north,high,False,False,False,True,33.88,25,False,True,True,True,False,False,26.98,20.19,True,False,True,True,False,True
AST-02672,damaged_item,phone,south,medium,False,False,False,False,20.49,19,False,True,False,False,True,False,17.28,11.18,True,True,True,True,False,False
AST-02673,warranty,email,south,high,False,False,False,True,26.81,23,True,True,True,True,False,False,20.97,16.4,False,True,True,True,True,False
AST-02674,late_delivery,chat,midlands,low,False,False,False,True,27.51,19,False,True,False,False,False,False,19.21,10.8,False,True,True,True,True,False
AST-02675,warranty,chat,north,high,False,False,False,True,45.7,3,True,True,True,True,False,False,28.0,19.0,True,False,True,True,False,True
AST-02676,change_of_mind,email,midlands,medium,True,False,False,False,26.61,50,True,True,True,True,False,False,20.13,14.71,True,True,True,True,False,False
AST-02677,change_of_mind,email,north,high,False,False,False,True,180.58,23,False,True,True,True,False,False,27.03,20.14,True,True,True,True,False,False
AST-02678,missing_refund,email,south,high,False,False,False,True,26.07,7,False,True,True,True,True,False,23.38,16.75,False,True,True,True,True,False
AST-02679,warranty,phone,midlands,low,True,False,False,True,31.01,15,True,True,True,True,False,False,11.84,9.13,False,True,True,True,True,False
AST-02680,damaged_item,phone,london,low,False,False,False,False,119.94,72,False,True,False,True,True,False,12.54,6.75,True,False,True,True,False,True
AST-02681,damaged_item,email,south,medium,True,False,True,False,33.16,9,True,True,True,True,True,False,17.99,12.99,True,True,False,True,False,False
AST-02682,damaged_item,chat,midlands,low,False,False,False,False,109.81,46,False,True,False,True,True,False,13.24,7.31,True,True,True,True,False,False
AST-02683,missing_refund,phone,north,medium,False,False,False,False,179.0,23,False,True,False,True,True,False,21.2,12.76,True,True,False,True,False,False
AST-02684,missing_refund,chat,london,medium,False,False,False,False,41.6,48,False,True,False,False,True,False,19.03,11.43,False,True,False,True,True,False
AST-02685,late_delivery,email,north,medium,False,False,False,True,38.17,9,False,True,False,False,False,False,18.14,10.79,True,True,False,True,False,False
AST-02686,warranty,chat,north,medium,False,False,False,False,13.0,56,True,True,True,True,False,False,20.19,13.93,True,False,True,True,True,True
AST-02687,wrong_item,email,london,high,True,True,False,False,46.79,10,True,True,True,True,True,False,20.36,16.71,True,False,True,True,False,True
AST-02688,wrong_item,chat,midlands,medium,False,False,False,False,35.66,3,False,True,False,False,True,False,16.06,9.47,False,True,True,True,True,False
AST-02689,late_delivery,chat,london,low,False,False,False,False,66.49,8,False,True,False,False,False,False,16.19,8.42,True,True,False,True,False,False
AST-02690,missing_refund,phone,midlands,low,True,False,False,False,24.73,13,True,True,True,True,True,False,18.41,12.44,True,True,True,True,False,False
AST-02691,change_of_mind,email,midlands,low,True,False,False,False,78.55,88,True,False,True,True,False,False,12.53,8.6,True,True,True,True,False,False
AST-02692,change_of_mind,email,north,medium,False,False,False,True,80.71,29,False,True,False,False,False,False,21.91,13.51,True,True,True,True,False,False
AST-02693,missing_refund,phone,south,low,False,False,False,False,97.22,25,False,True,False,False,True,False,17.0,10.36,True,True,False,True,False,False
AST-02694,wrong_item,chat,south,low,False,False,False,False,43.92,20,False,True,False,False,True,False,18.73,11.12,True,True,True,True,False,False
AST-02695,missing_refund,phone,london,low,False,False,False,True,34.46,13,False,True,False,False,True,False,15.7,8.45,False,True,True,True,True,False
AST-02696,late_delivery,chat,london,medium,False,False,True,False,29.69,18,False,True,False,False,False,False,22.16,14.68,True,True,True,True,False,False
AST-02697,wrong_item,email,midlands,medium,True,False,False,True,32.26,8,True,True,True,True,True,False,17.23,12.5,False,True,True,True,True,True
AST-02698,change_of_mind,phone,london,low,False,False,False,False,154.87,37,False,True,False,True,False,False,17.47,11.77,True,True,True,True,False,False
AST-02699,late_delivery,email,london,low,False,False,False,False,28.14,34,False,True,False,False,False,False,14.53,7.26,True,True,True,True,False,False
AST-02700,change_of_mind,chat,midlands,high,False,False,False,False,8,33,False,True,False,False,False,False,23.75,15.62,True,False,True,True,False,True
AST-02701,wrong_item,chat,south,low,False,False,False,False,56.67,14,False,True,False,False,True,False,12.44,6.8,True,True,True,True,False,False
AST-02702,change_of_mind,email,north,low,False,False,False,False,13.46,9,False,True,False,False,False,False,17.1,10.58,True,True,True,True,False,False
AST-02703,wrong_item,phone,london,high,False,False,False,False,23.94,20,False,True,False,False,True,False,27.65,17.84,False,True,False,True,True,False
AST-02704,late_delivery,chat,midlands,medium,False,False,False,False,76.96,37,False,True,False,False,False,False,15.85,8.04,True,True,True,True,False,False
AST-02705,wrong_item,email,south,medium,False,False,True,False,40.23,10,False,True,False,False,True,False,21.38,12.5,True,True,True,True,False,False
AST-02706,late_delivery,chat,south,low,False,False,True,False,20.9,26,False,True,False,False,False,False,18.14,11.48,True,True,True,True,False,False
AST-02707,change_of_mind,chat,south,low,False,False,False,True,62.92,6,False,True,False,False,False,False,18.61,10.59,False,True,True,True,True,False
AST-02708,change_of_mind,phone,london,low,False,False,False,False,47.57,24,False,True,False,False,False,False,14.75,9.57,True,True,True,True,False,False
AST-02709,wrong_item,email,north,low,False,False,False,True,38.17,45,False,True,True,True,True,False,21.52,13.05,True,True,True,True,False,False
AST-02710,damaged_item,email,london,medium,False,False,False,False,169.38,19,False,True,False,True,True,False,17.76,11.37,True,True,True,True,False,False
AST-02711,late_delivery,chat,london,high,False,False,False,True,58.66,41,False,True,False,False,False,False,32.93,22.24,False,True,True,True,True,True
AST-02712,missing_refund,chat,south,medium,False,False,True,False,31.9,10,False,True,False,False,True,False,22.58,14.09,True,True,False,True,False,False
AST-02713,wrong_item,chat,north,low,False,False,True,False,56.6,42,False,True,False,False,True,False,17.11,9.03,False,True,True,True,True,False
AST-02714,change_of_mind,email,london,high,False,False,True,False,10.8,8,False,True,False,False,False,False,26.83,18.04,True,True,True,True,False,False
AST-02715,damaged_item,email,london,medium,False,False,False,False,46.38,13,False,True,False,False,True,False,19.56,12.55,True,True,True,True,False,False
AST-02716,missing_refund,chat,midlands,low,False,False,True,True,20.07,30,False,False,False,False,True,False,24.7,14.69,True,False,True,True,False,True
AST-02717,missing_refund,phone,south,medium,False,False,False,True,22.93,41,False,True,False,False,True,False,23.89,14.61,True,True,True,True,False,False
AST-02718,damaged_item,chat,north,high,False,False,False,False,26.22,32,False,True,False,False,True,False,26.7,18.33,False,True,False,True,True,False
AST-02719,warranty,phone,midlands,low,False,False,False,False,22.08,46,True,True,True,True,False,False,12.73,8.1,True,True,False,True,False,False
AST-02720,late_delivery,email,london,medium,False,False,False,True,28.83,40,False,True,False,False,False,False,18.52,11.83,True,True,True,True,False,False
AST-02721,change_of_mind,email,london,medium,False,False,False,False,52.48,5,False,True,False,False,False,False,17.65,10.68,False,True,True,True,True,False
AST-02722,late_delivery,email,midlands,medium,False,False,False,False,30.78,22,False,True,False,False,False,False,23.4,13.49,True,True,True,True,False,False
AST-02723,wrong_item,phone,midlands,low,False,False,False,False,24.57,58,False,True,False,False,True,False,15.72,7.55,False,False,True,True,True,True
AST-02724,change_of_mind,email,midlands,medium,False,True,False,False,101.1,30,True,True,False,True,False,False,21.5,13.34,True,False,True,True,False,True
AST-02725,missing_refund,chat,london,medium,False,False,False,True,169.84,5,False,True,False,True,True,False,23.5,14.53,True,True,True,True,False,False
AST-02726,late_delivery,email,midlands,medium,True,False,False,False,46.14,39,True,True,True,True,False,False,16.66,12.7,True,True,False,True,False,False
AST-02727,late_delivery,email,north,low,False,False,False,False,29.87,35,False,True,False,False,False,False,13.87,7.05,True,True,True,True,False,False
AST-02728,damaged_item,chat,midlands,low,False,False,False,False,24.45,44,False,True,False,False,True,False,12.37,6.45,True,True,True,True,False,False
AST-02729,missing_refund,email,south,low,True,False,False,True,46.63,15,True,True,True,True,True,False,19.26,11.76,False,True,True,True,True,False
AST-02730,warranty,chat,london,medium,False,False,False,False,60.8,59,True,True,True,True,False,False,20.43,14.64,False,False,False,True,True,True
AST-02731,wrong_item,chat,south,low,False,False,False,False,30.72,5,False,True,False,False,True,False,13.52,5.63,True,True,True,True,False,False
AST-02732,late_delivery,phone,south,low,False,False,False,False,32.57,16,False,True,False,False,False,False,12.06,8.19,True,True,True,True,False,False
AST-02733,change_of_mind,email,london,low,False,False,False,False,167.97,31,False,True,False,True,False,False,15.92,9.24,True,True,False,True,False,False
AST-02734,damaged_item,chat,south,medium,False,False,False,False,112.2,21,False,True,False,True,True,False,20.98,11.24,False,True,True,True,True,False
AST-02735,damaged_item,chat,south,high,False,False,False,True,63.99,29,False,True,False,False,True,False,23.04,16.15,False,False,False,True,True,True
AST-02736,change_of_mind,phone,london,low,False,False,True,False,30.27,25,False,True,False,False,False,False,17.32,9.85,True,True,True,False,False,False
AST-02737,late_delivery,email,midlands,low,False,False,False,False,31.53,32,False,True,False,False,False,False,12.71,7.62,True,True,True,True,False,False
AST-02738,late_delivery,phone,south,low,False,False,False,True,33.25,41,False,True,False,False,False,False,18.6,11.56,True,True,True,True,False,False
AST-02739,late_delivery,chat,london,low,False,False,False,True,34.35,39,False,True,True,True,False,False,20.59,13.22,False,True,True,True,True,False
AST-02740,damaged_item,email,london,low,False,False,False,False,76.95,26,False,True,False,False,True,False,17.59,10.55,True,False,False,True,False,True
AST-02741,late_delivery,phone,midlands,medium,False,False,False,False,85.08,34,False,True,False,False,False,False,22.71,15.64,True,True,True,True,False,False
AST-02742,wrong_item,email,london,medium,False,False,False,False,26.14,41,False,True,False,False,True,False,20.44,13.06,True,True,True,True,False,False
AST-02743,late_delivery,phone,south,low,False,False,False,True,35.32,28,False,True,True,True,False,False,18.6,12.3,False,True,True,True,True,False
AST-02744,damaged_item,phone,london,low,True,False,False,False,82.3,43,True,True,True,True,True,False,12.84,9.56,True,True,True,True,False,False
AST-02745,change_of_mind,email,south,low,False,False,False,False,57.86,26,False,True,False,False,False,False,13.73,6.38,False,True,True,True,True,False
AST-02746,late_delivery,email,midlands,low,False,False,True,False,51.74,70,False,True,False,False,False,False,24.25,12.48,True,True,True,True,False,False
AST-02747,damaged_item,phone,south,medium,False,False,False,False,117.05,17,False,True,False,True,True,False,19.6,12.63,True,True,True,True,False,False
AST-02748,late_delivery,chat,south,medium,False,False,False,False,13.05,41,False,True,False,False,False,False,22.84,14.13,False,True,True,True,True,False
AST-02749,change_of_mind,email,south,low,False,False,False,True,29.8,40,False,True,True,True,False,False,16.09,10.85,True,True,True,True,False,False
AST-02750,missing_refund,chat,london,medium,False,False,False,False,73.22,11,False,True,False,False,True,False,15.84,9.03,True,True,False,True,False,False
AST-02751,late_delivery,chat,south,low,False,False,False,False,33.59,102,False,True,False,False,False,False,12.7,7.56,True,True,True,True,False,False
AST-02752,missing_refund,chat,london,medium,False,False,False,True,37.22,32,False,True,False,False,True,False,22.7,13.2,True,True,True,True,False,False
AST-02753,missing_refund,chat,south,medium,False,False,False,False,76.33,35,False,True,False,False,True,False,18.29,10.38,True,True,True,True,False,False
AST-02754,late_delivery,phone,london,medium,False,False,False,False,22.78,43,False,True,False,False,False,False,18.69,11.25,True,True,True,True,True,False
AST-02755,missing_refund,chat,london,low,False,False,False,True,45.48,19,False,True,True,True,True,False,15.25,8.96,False,True,True,True,True,False
AST-02756,missing_refund,email,midlands,low,False,False,False,False,31.5,51,False,True,False,False,True,False,14.32,7.34,False,True,True,True,True,False
AST-02757,late_delivery,email,north,high,False,False,False,False,27.04,5,False,True,False,False,False,False,23.45,15.49,False,True,True,True,True,False
AST-02758,late_delivery,chat,south,medium,False,False,False,False,94.49,9,False,True,False,False,False,False,11.96,7.35,True,True,True,True,False,False
AST-02759,damaged_item,phone,north,low,False,True,False,True,57.8,7,True,True,True,True,True,False,13.51,10.63,True,True,True,True,False,False
AST-02760,late_delivery,email,south,low,False,False,False,True,85.35,51,False,True,False,False,False,False,15.1,7.46,True,True,True,True,False,False
AST-02761,warranty,phone,midlands,medium,False,False,False,False,146.16,20,True,True,True,True,False,False,24.2,16.92,True,False,True,True,True,True
AST-02762,change_of_mind,email,london,low,False,False,False,False,21.36,36,False,True,False,False,False,False,18.0,10.03,True,True,True,True,False,True
AST-02763,late_delivery,chat,london,medium,False,False,False,False,16.72,17,False,True,False,False,False,False,18.59,11.51,True,True,True,True,False,False
AST-02764,change_of_mind,chat,london,medium,False,True,False,False,55.11,55,True,True,True,True,False,False,16.26,11.57,True,True,False,True,False,False
AST-02765,warranty,email,south,low,False,False,False,False,60.34,59,True,True,True,True,False,False,12.8,9.63,True,True,False,True,False,False
AST-02766,warranty,email,midlands,medium,False,False,False,False,29.16,50,True,True,True,True,False,False,20.66,14.04,True,True,True,True,False,False
AST-02767,late_delivery,chat,south,medium,False,False,False,False,60.22,19,False,True,False,False,False,False,21.41,13.62,True,True,False,True,False,False
AST-02768,damaged_item,chat,midlands,low,False,False,False,False,24.32,36,False,True,False,False,True,False,14.03,8.04,True,True,True,True,False,False
AST-02769,change_of_mind,chat,south,low,False,False,False,False,40.11,14,False,True,False,False,False,False,10.16,5.1,False,True,True,True,True,False
AST-02770,change_of_mind,email,london,low,False,False,True,False,48.12,26,False,True,False,False,False,False,17.99,10.63,True,True,True,True,False,False
AST-02771,warranty,email,north,low,False,False,True,True,37.97,1,True,True,True,True,False,False,18.24,11.55,False,True,True,True,True,False
AST-02772,change_of_mind,chat,midlands,low,False,False,False,False,32.4,5,False,True,False,False,False,False,15.68,9.93,True,True,True,True,False,False
AST-02773,change_of_mind,chat,london,low,False,False,False,False,9.43,36,False,True,False,False,False,False,13.97,7.0,True,True,True,True,False,False
AST-02774,damaged_item,chat,midlands,medium,False,False,True,True,100.7,22,False,True,False,True,True,False,23.36,13.33,False,True,True,True,True,False
AST-02775,change_of_mind,phone,north,low,True,True,False,False,125.5,39,True,True,True,True,False,False,19.87,13.36,True,True,True,True,False,False
AST-02776,missing_refund,chat,london,low,False,False,False,False,28.64,5,False,True,False,False,True,False,17.72,11.05,True,True,True,False,False,False
AST-02777,late_delivery,chat,south,low,False,False,False,True,34.61,44,False,True,True,True,False,False,22.14,13.21,True,True,True,True,False,False
AST-02778,missing_refund,phone,london,medium,False,False,False,True,72.68,7,False,True,False,False,True,False,21.75,13.5,True,False,True,True,False,True
AST-02779,change_of_mind,email,london,low,False,True,False,False,12.58,15,True,True,True,True,False,False,11.52,8.84,False,True,True,True,True,False
AST-02780,change_of_mind,chat,south,low,False,False,False,False,17.34,3,False,True,False,False,False,False,13.55,7.69,False,True,True,True,True,False
AST-02781,change_of_mind,phone,south,low,False,False,False,False,36.37,57,False,True,False,False,False,False,17.0,9.14,True,True,True,True,False,False
AST-02782,wrong_item,email,midlands,low,False,False,False,False,30.58,43,False,True,False,False,True,False,15.59,8.79,True,True,True,True,False,False
AST-02783,damaged_item,chat,south,low,False,False,False,False,28.56,55,False,True,False,False,True,False,14.85,7.63,True,True,True,True,False,False
AST-02784,change_of_mind,email,midlands,low,False,False,False,False,31.96,5,False,True,False,False,False,False,20.88,10.72,True,True,True,True,False,False
AST-02785,damaged_item,chat,south,low,False,False,False,False,26.07,11,False,True,False,False,True,False,14.54,8.67,True,True,True,True,False,False
AST-02786,late_delivery,email,london,low,False,False,False,False,61.62,48,False,True,False,False,False,False,16.23,7.88,True,True,True,True,False,False
AST-02787,damaged_item,phone,midlands,medium,False,False,False,False,12.93,8,False,True,False,False,True,False,20.5,13.77,True,True,True,True,False,False
AST-02788,late_delivery,chat,london,medium,True,False,False,True,90.55,7,True,True,True,True,False,False,18.14,11.69,True,True,True,True,False,False
AST-02789,wrong_item,chat,midlands,medium,False,False,False,True,24.8,15,False,True,False,False,True,False,20.62,12.29,True,True,True,True,True,False
AST-02790,change_of_mind,email,south,medium,False,False,False,False,46.38,18,False,True,False,False,False,False,20.39,13.44,True,True,True,True,False,False
AST-02791,change_of_mind,chat,london,medium,False,False,False,False,30.52,37,False,True,False,False,False,False,19.63,12.01,True,True,True,True,False,False
AST-02792,missing_refund,chat,london,medium,False,False,False,False,37.15,49,False,True,False,False,True,False,21.68,12.93,True,True,True,True,False,False
AST-02793,wrong_item,phone,london,medium,False,False,False,True,27.09,33,False,True,True,True,True,False,22.54,15.54,True,True,True,True,False,False
AST-02794,change_of_mind,chat,london,low,False,False,False,False,32.84,19,False,True,False,False,False,False,20.51,12.04,True,True,True,True,False,False
AST-02795,damaged_item,email,south,medium,False,False,False,False,108.2,8,False,True,False,True,True,False,17.41,10.98,False,False,True,True,True,True
AST-02796,damaged_item,email,north,low,False,False,False,True,128.31,25,False,True,True,True,True,False,14.34,9.35,True,True,True,True,False,False
AST-02797,wrong_item,email,south,medium,False,False,False,False,91.41,69,False,True,False,False,True,False,14.36,9.3,False,False,False,True,True,True
AST-02798,late_delivery,chat,north,low,False,False,False,False,41.16,4,False,True,False,False,False,False,13.41,7.71,True,True,True,True,False,False
AST-02799,missing_refund,email,north,medium,False,False,False,True,53.59,30,False,True,False,False,True,False,23.88,15.47,True,False,True,True,False,True
AST-02800,late_delivery,email,north,low,False,True,False,False,124.92,18,True,True,True,True,False,False,14.02,9.71,True,True,True,True,True,False
AST-02801,late_delivery,phone,london,low,False,False,False,False,49.56,8,False,False,False,False,False,False,17.37,10.46,True,True,True,True,True,False
AST-02802,missing_refund,phone,south,medium,False,False,False,False,44.81,11,False,True,False,False,True,False,20.29,11.7,True,True,True,True,False,False
AST-02803,change_of_mind,chat,south,low,False,False,True,True,40.15,84,False,True,True,True,False,False,18.86,11.94,False,True,True,True,True,False
AST-02804,damaged_item,phone,north,low,False,False,False,False,87.75,40,False,True,False,False,True,False,18.57,10.15,False,True,True,True,True,False
AST-02805,damaged_item,chat,london,medium,False,False,False,False,32.69,31,False,True,False,False,True,False,20.93,12.46,True,True,True,True,False,True
AST-02806,wrong_item,phone,midlands,low,False,False,False,False,21.94,21,False,True,False,False,True,False,10.29,5.28,True,True,True,True,False,False
AST-02807,change_of_mind,email,north,medium,True,False,False,False,59.7,28,True,True,True,True,False,False,14.09,10.43,True,True,True,True,False,False
AST-02808,wrong_item,phone,north,low,False,False,False,False,39.82,27,False,True,False,False,True,False,14.29,8.05,True,True,True,True,False,False
AST-02809,wrong_item,email,north,low,False,False,False,True,85.71,24,False,True,False,False,True,False,16.79,8.75,True,True,True,True,False,False
AST-02810,late_delivery,email,north,low,False,False,False,False,67.1,29,False,True,False,False,False,False,16.75,9.05,True,True,True,True,False,False
AST-02811,damaged_item,phone,north,low,False,False,False,False,128.79,27,False,True,False,True,True,False,22.48,13.51,True,True,True,True,False,False
AST-02812,change_of_mind,email,north,medium,False,False,False,True,50.0,14,False,True,False,False,False,False,20.46,11.52,True,False,True,True,False,True
AST-02813,late_delivery,chat,midlands,medium,False,False,True,False,80.35,43,False,True,False,False,False,False,22.21,13.44,True,False,False,True,False,True
AST-02814,damaged_item,phone,north,medium,False,True,False,True,40.44,21,True,True,True,True,True,False,29.03,21.35,False,False,True,True,True,True
AST-02815,damaged_item,email,south,medium,False,False,False,False,55.78,33,False,True,False,False,True,False,19.47,12.47,True,True,True,True,False,False
AST-02816,damaged_item,phone,north,low,False,False,True,False,54.93,11,False,True,False,False,True,False,18.08,8.75,True,True,True,True,True,False
AST-02817,warranty,chat,london,low,False,False,False,False,15.97,45,True,True,True,True,False,False,18.57,13.66,False,True,True,True,True,False
AST-02818,change_of_mind,chat,north,medium,True,False,True,False,19.93,62,True,True,True,True,False,False,23.55,16.16,True,False,True,True,False,True
AST-02819,late_delivery,chat,london,medium,False,False,False,False,38.36,10,False,True,False,False,False,False,28.01,16.7,True,True,True,True,False,False
AST-02820,late_delivery,email,north,low,False,False,False,True,21.59,10,False,True,False,False,False,False,16.04,9.46,True,True,True,True,False,False
AST-02821,wrong_item,phone,north,low,False,False,False,True,37.23,1,False,True,True,True,True,False,18.14,11.65,False,True,True,True,True,False
AST-02822,warranty,chat,north,medium,False,False,False,True,42.7,19,True,False,True,True,False,False,17.88,13.4,True,False,True,True,False,True
AST-02823,late_delivery,email,south,high,True,False,False,False,68.27,19,True,True,True,True,False,False,21.99,16.45,True,False,True,True,False,True
AST-02824,damaged_item,email,london,high,False,False,False,False,46.98,14,False,True,False,False,True,False,22.15,14.52,False,True,True,True,True,False
AST-02825,warranty,email,north,high,False,True,False,False,24.58,37,True,True,True,True,False,False,21.11,16.23,False,False,True,True,True,True
AST-02826,missing_refund,email,north,low,False,False,False,False,123.64,28,False,True,False,True,True,False,16.14,8.58,True,True,True,True,False,False
AST-02827,late_delivery,phone,london,medium,False,False,False,False,43.66,12,False,True,False,False,False,False,19.94,13.43,False,True,True,True,True,False
AST-02828,late_delivery,chat,london,high,False,False,False,False,15.85,23,False,True,False,False,False,False,17.47,12.75,True,True,True,True,False,False
AST-02829,warranty,email,south,medium,False,False,False,False,15.26,39,True,True,True,True,False,False,20.3,14.63,True,True,True,True,False,False
AST-02830,change_of_mind,email,london,low,False,False,False,False,63.48,52,False,True,False,False,False,False,20.16,10.14,True,True,True,True,False,False
AST-02831,missing_refund,email,midlands,medium,False,False,True,False,115.08,25,False,True,False,True,True,False,29.27,18.28,True,False,True,True,False,True
AST-02832,damaged_item,phone,north,low,False,False,False,False,66.87,17,False,True,False,False,True,False,17.85,9.12,True,True,True,True,False,False
AST-02833,missing_refund,chat,london,low,False,False,False,False,38.4,40,False,True,False,False,True,False,12.08,7.21,True,True,True,True,False,False
AST-02834,late_delivery,phone,midlands,high,False,True,False,True,63.56,38,True,True,True,True,False,False,24.99,18.37,True,True,False,True,False,False
AST-02835,damaged_item,email,south,medium,True,False,False,True,12.6,21,True,True,True,True,True,False,23.16,15.5,False,True,True,True,True,False
AST-02836,damaged_item,chat,london,medium,False,False,False,False,11.74,21,False,True,False,False,True,False,15.17,8.73,False,True,False,True,True,False
AST-02837,wrong_item,chat,south,medium,False,False,False,False,62.34,24,False,True,False,False,True,False,20.35,12.64,True,True,True,True,False,False
AST-02838,missing_refund,email,london,low,False,True,False,False,35.19,6,True,True,True,True,True,False,15.25,9.02,True,True,True,True,False,False
AST-02839,late_delivery,phone,north,low,False,False,False,False,32.38,4,False,True,False,False,False,False,12.82,6.48,True,True,True,True,False,False
AST-02840,late_delivery,phone,north,low,False,False,False,False,44.58,6,False,True,False,False,False,False,16.13,8.21,True,False,True,True,False,True
AST-02841,missing_refund,chat,south,low,False,False,False,False,133.08,26,False,True,False,True,True,False,14.72,9.03,True,True,True,True,False,False
AST-02842,late_delivery,phone,london,low,True,False,False,False,97.91,26,True,True,True,True,False,False,12.58,8.11,True,True,True,True,False,False
AST-02843,wrong_item,chat,london,low,False,False,False,False,54.85,40,False,True,False,False,True,False,18.83,11.25,True,True,False,True,False,False
AST-02844,wrong_item,chat,midlands,medium,False,False,True,False,39.56,25,False,True,False,False,True,False,26.15,16.54,True,True,True,True,False,False
AST-02845,wrong_item,chat,south,medium,False,False,False,False,126.78,40,False,True,False,True,True,False,17.32,10.12,False,True,False,False,True,False
AST-02846,late_delivery,chat,london,low,False,False,True,True,54.06,6,False,True,False,False,False,False,19.39,10.98,False,True,True,True,True,False
AST-02847,damaged_item,email,midlands,medium,False,True,False,False,74.34,11,True,True,True,True,True,False,19.97,14.42,False,False,True,True,True,True
AST-02848,damaged_item,email,london,low,False,False,False,False,67.41,1,False,True,False,False,True,False,11.77,5.86,True,True,True,True,False,False
AST-02849,change_of_mind,phone,south,low,False,False,False,False,38.78,26,False,True,False,False,False,False,14.17,8.47,True,True,True,True,False,False
AST-02850,late_delivery,chat,london,low,False,False,False,False,37.36,48,False,True,False,False,False,False,14.27,8.23,True,True,True,True,False,False
AST-02851,wrong_item,phone,north,medium,False,True,False,True,42.08,13,True,True,True,True,True,False,26.11,18.74,False,True,True,True,True,False
AST-02852,warranty,phone,south,medium,False,False,False,False,32.43,44,True,True,True,True,False,False,21.7,15.18,True,True,True,True,False,False
AST-02853,late_delivery,phone,midlands,low,True,False,False,False,9.6,44,True,True,True,True,False,False,16.73,10.92,False,True,True,True,True,False
AST-02854,late_delivery,phone,south,low,False,False,False,False,57.85,8,False,True,False,False,False,False,17.16,11.1,False,True,True,True,True,False
AST-02855,wrong_item,chat,midlands,low,True,False,False,False,80.95,40,True,True,True,True,True,False,17.12,11.58,False,True,True,True,True,False
AST-02856,damaged_item,chat,london,low,False,False,False,True,31.33,28,False,True,True,True,True,False,14.81,10.0,False,True,True,True,True,False
AST-02857,change_of_mind,email,north,medium,False,False,False,False,99.02,24,False,True,False,False,False,False,19.78,9.88,False,True,True,True,True,False
AST-02858,wrong_item,email,london,low,False,False,False,False,47.87,10,False,True,False,False,True,False,13.96,7.03,False,True,True,True,True,True
AST-02859,damaged_item,chat,south,high,False,False,False,True,39.53,49,False,True,False,False,True,False,16.04,11.42,False,True,True,True,True,False
AST-02860,damaged_item,chat,london,medium,False,False,False,True,103.53,12,False,True,False,True,True,False,21.36,12.02,False,True,True,True,True,False
AST-02861,late_delivery,email,midlands,medium,True,False,True,False,99.89,16,True,True,True,True,False,False,24.31,17.46,True,True,True,True,False,False
AST-02862,change_of_mind,email,london,medium,False,False,False,True,60.7,16,False,True,True,True,False,False,17.5,12.36,True,True,True,True,False,False
AST-02863,damaged_item,email,midlands,medium,False,False,False,False,9.37,18,False,True,False,False,True,False,19.11,10.19,False,True,True,True,True,False
AST-02864,late_delivery,chat,north,medium,False,False,True,False,28.0,45,False,True,False,False,False,False,22.58,12.3,True,True,False,True,False,False
AST-02865,missing_refund,chat,south,medium,True,False,False,False,71.96,15,True,True,True,True,True,False,17.64,12.54,True,True,True,True,False,False
AST-02866,change_of_mind,phone,south,medium,False,False,False,True,72.02,48,False,True,True,True,False,False,21.61,15.78,True,True,True,True,False,False
AST-02867,wrong_item,phone,london,medium,False,True,True,False,47.29,22,True,True,True,True,True,False,18.85,13.02,True,True,True,True,False,False
AST-02868,missing_refund,chat,london,high,False,False,False,False,23.11,43,False,True,False,False,True,False,26.89,18.53,True,True,True,True,False,False
AST-02869,late_delivery,phone,south,high,False,False,False,False,51.92,22,False,True,False,False,False,False,25.83,16.74,True,True,True,True,False,False
AST-02870,missing_refund,email,north,high,False,False,False,True,71.86,4,False,True,False,False,True,False,25.42,17.45,False,False,True,True,True,True
AST-02871,wrong_item,chat,london,low,False,False,False,True,54.73,29,False,True,False,False,True,False,11.53,6.51,False,True,True,True,True,False
AST-02872,damaged_item,phone,south,low,True,False,False,True,60.89,5,True,True,True,True,True,False,10.32,5.71,True,True,True,True,False,False
AST-02873,wrong_item,email,london,medium,False,False,False,False,58.29,12,False,True,False,False,True,False,22.0,14.28,True,True,True,True,False,False
AST-02874,damaged_item,phone,north,low,False,False,False,False,51.3,8,False,True,False,False,True,False,12.54,7.87,False,True,True,True,True,False
AST-02875,change_of_mind,chat,midlands,low,False,False,False,False,40.06,14,False,True,False,False,False,False,14.7,9.07,True,True,True,True,False,False
AST-02876,change_of_mind,phone,midlands,medium,False,False,False,False,56.86,32,False,True,False,False,False,False,15.83,8.45,True,False,True,True,False,True
AST-02877,damaged_item,chat,london,low,True,False,False,False,59.93,10,True,True,False,False,True,False,12.79,6.89,True,True,True,True,False,False
AST-02878,change_of_mind,phone,midlands,medium,False,False,False,False,17.81,21,False,True,False,False,False,False,15.43,9.43,True,False,True,True,False,True
AST-02879,change_of_mind,email,south,medium,False,False,False,False,28.51,76,False,True,False,False,False,False,19.8,12.65,False,True,False,True,True,False
AST-02880,wrong_item,phone,south,low,True,False,False,False,35.96,28,True,True,True,True,True,False,12.3,8.7,False,True,False,True,True,False
AST-02881,late_delivery,phone,midlands,low,False,False,False,False,20.49,46,False,True,False,False,False,False,15.82,8.17,True,True,False,True,False,False
AST-02882,wrong_item,email,london,low,False,False,False,True,47.27,42,False,True,False,False,True,False,13.34,7.62,True,True,True,True,False,False
AST-02883,late_delivery,email,north,low,False,False,False,False,48.7,15,False,True,False,False,False,False,11.53,6.04,True,True,False,True,False,False
AST-02884,change_of_mind,email,london,medium,False,False,True,False,10.06,5,False,True,False,False,False,False,23.62,14.31,False,False,True,True,True,True
AST-02885,change_of_mind,email,london,low,False,False,False,False,37.99,62,False,True,False,False,False,False,15.77,8.48,False,True,True,True,True,False
AST-02886,damaged_item,chat,south,low,False,False,False,False,13.37,29,False,True,False,False,True,False,17.21,9.43,True,True,True,True,False,True
AST-02887,damaged_item,chat,london,low,False,False,False,False,75.12,37,False,True,False,False,True,False,15.32,8.79,True,True,True,True,False,False
AST-02888,wrong_item,phone,london,medium,False,False,False,False,78.5,6,False,True,False,False,True,False,17.75,10.45,True,False,False,True,False,True
AST-02889,damaged_item,email,midlands,medium,False,False,False,False,34.44,32,False,True,False,False,True,False,18.87,11.7,False,False,True,True,True,True
AST-02890,change_of_mind,email,north,high,False,False,False,False,9.22,54,False,True,False,False,False,False,25.82,17.67,True,True,True,True,False,False
AST-02891,missing_refund,phone,midlands,low,False,False,False,False,160.75,88,False,True,False,True,True,False,16.91,8.65,True,True,True,True,False,False
AST-02892,change_of_mind,phone,south,low,False,False,False,False,52.45,40,False,True,False,False,False,False,13.59,6.91,False,True,True,True,True,False
AST-02893,change_of_mind,phone,london,medium,False,False,False,False,27.64,37,False,True,False,False,False,False,23.67,14.89,True,True,False,True,False,False
AST-02894,damaged_item,chat,north,medium,False,False,False,False,23.77,18,False,True,False,False,True,False,15.49,9.88,True,True,True,True,False,False
AST-02895,late_delivery,email,north,low,False,False,False,False,88.71,53,False,True,False,False,False,False,14.74,10.32,True,True,True,True,False,False
AST-02896,change_of_mind,email,south,low,True,False,False,False,14.75,13,True,True,True,True,False,False,15.13,8.63,False,True,False,True,True,False
AST-02897,late_delivery,phone,london,low,False,False,False,False,37.46,19,False,True,False,False,False,False,14.4,9.63,True,True,True,True,False,False
AST-02898,wrong_item,email,north,low,False,False,False,False,59.76,19,False,True,False,False,True,False,18.29,10.67,True,True,True,True,False,False
AST-02899,late_delivery,phone,north,low,False,False,False,True,68.84,46,False,True,False,False,False,False,18.09,9.38,True,False,False,True,False,True
AST-02900,change_of_mind,email,london,medium,False,False,True,False,55.14,15,False,True,False,False,False,False,16.76,10.54,False,True,True,True,True,False
AST-02901,late_delivery,chat,south,high,False,False,False,False,12.75,33,False,True,False,False,False,False,22.17,14.55,True,True,False,True,False,False
AST-02902,warranty,phone,north,high,False,False,False,False,20.37,9,True,True,True,True,False,False,21.32,16.51,False,True,True,True,True,False
AST-02903,wrong_item,phone,south,high,False,False,False,True,20.06,24,False,True,False,False,True,False,23.8,17.29,True,False,True,True,False,True
AST-02904,late_delivery,email,london,medium,False,False,False,False,23.63,13,False,True,False,False,False,False,21.17,12.7,False,True,False,True,True,False
AST-02905,late_delivery,phone,south,medium,False,False,False,True,77.6,34,False,True,False,False,False,False,26.07,16.07,True,True,True,True,False,False
AST-02906,damaged_item,phone,south,medium,False,False,False,True,42.07,35,False,True,True,True,True,False,21.5,16.18,True,False,True,True,False,True
AST-02907,change_of_mind,chat,london,medium,False,False,False,False,63.03,3,False,True,False,False,False,False,19.03,12.28,True,True,True,True,False,False
AST-02908,warranty,chat,midlands,medium,False,False,False,False,130.97,22,True,True,True,True,False,False,22.06,16.62,True,False,True,True,False,True
AST-02909,damaged_item,phone,north,high,False,True,False,True,94.83,34,True,True,True,True,True,False,29.31,21.84,False,True,True,True,True,False
AST-02910,damaged_item,email,london,medium,False,False,True,False,18.99,9,False,True,False,False,True,False,24.71,15.98,True,True,True,True,False,False
AST-02911,damaged_item,email,midlands,low,False,False,False,False,8.49,6,False,True,False,False,True,False,15.78,9.15,True,True,True,True,False,False
AST-02912,late_delivery,chat,south,medium,False,False,False,False,23.09,7,False,True,False,False,False,False,22.26,12.69,True,True,False,True,False,False
AST-02913,wrong_item,chat,london,low,False,False,True,False,80.67,76,False,True,False,False,True,False,13.55,8.15,True,True,True,True,False,False
AST-02914,change_of_mind,chat,london,low,False,False,False,False,140.42,39,False,True,False,True,False,False,15.56,8.12,True,True,True,True,False,False
AST-02915,wrong_item,chat,london,high,True,False,False,False,30.39,7,True,True,True,True,True,False,16.87,13.26,True,True,True,True,False,False
AST-02916,change_of_mind,email,midlands,medium,False,False,False,False,30.03,15,False,True,False,False,False,False,22.34,13.93,True,True,True,True,False,False
AST-02917,change_of_mind,phone,north,high,True,False,True,False,54.77,35,True,True,True,True,False,False,32.57,23.36,False,True,True,True,True,False
AST-02918,change_of_mind,email,south,medium,False,False,False,False,59.27,19,False,True,False,False,False,False,15.86,8.75,True,True,False,True,False,False
AST-02919,damaged_item,phone,north,low,False,False,False,False,32.27,50,False,True,False,False,True,False,15.85,8.71,False,True,False,True,True,False
AST-02920,warranty,email,south,low,False,False,False,False,24.4,67,True,True,True,True,False,False,16.89,9.95,True,True,True,True,False,False
AST-02921,late_delivery,chat,south,low,False,False,False,False,228.85,45,False,True,False,True,False,False,16.97,9.19,True,True,True,True,False,False
AST-02922,late_delivery,chat,south,high,False,False,False,False,27.2,19,False,True,False,False,False,False,20.54,13.8,False,True,True,True,True,False
AST-02923,damaged_item,chat,north,low,True,False,False,True,27.9,31,True,True,True,True,True,False,18.28,10.85,True,True,True,True,False,False
AST-02924,wrong_item,email,north,low,False,False,True,False,129.58,18,False,True,False,True,True,False,22.39,10.89,False,True,True,True,True,False
AST-02925,damaged_item,email,north,medium,False,False,False,False,50.49,17,False,True,False,False,True,False,18.25,9.74,True,True,True,True,True,False
AST-02926,damaged_item,email,midlands,medium,False,False,False,False,81.01,34,False,True,False,False,True,False,20.07,11.53,True,True,True,True,True,False
AST-02927,warranty,email,london,medium,True,False,False,True,94.88,63,True,True,False,False,False,False,18.27,12.06,False,False,False,True,True,True
AST-02928,missing_refund,chat,north,medium,False,False,False,False,25.36,18,False,True,False,False,True,False,23.58,15.04,True,True,False,True,False,False
AST-02929,late_delivery,phone,north,low,False,False,True,False,13.05,35,False,True,False,False,False,False,13.6,7.47,False,True,True,True,True,False
AST-02930,missing_refund,phone,north,medium,False,False,False,True,25.45,22,False,True,False,False,True,False,18.27,11.99,False,True,True,True,True,False
AST-02931,damaged_item,phone,north,low,False,False,False,True,79.4,64,False,True,True,True,True,False,21.25,13.54,True,True,True,True,False,False
AST-02932,late_delivery,email,london,low,True,False,False,False,72.25,30,True,True,True,True,False,False,16.99,11.56,False,True,True,True,True,False
AST-02933,damaged_item,phone,north,low,False,False,True,False,24.38,15,False,True,False,False,True,False,17.02,10.22,True,True,True,True,False,False
AST-02934,late_delivery,email,london,low,False,False,True,False,11.53,19,False,True,False,False,False,False,20.69,11.0,False,True,True,True,True,False
AST-02935,missing_refund,phone,london,medium,False,False,True,False,19.97,21,False,True,False,False,True,False,26.67,16.6,True,False,False,True,True,True
AST-02936,wrong_item,phone,midlands,low,False,True,False,True,73.09,38,True,True,True,True,True,False,16.29,10.98,True,True,True,True,False,False
AST-02937,late_delivery,email,london,medium,False,False,False,True,20.47,67,False,False,False,False,False,False,20.2,14.67,False,True,True,True,True,False
AST-02938,damaged_item,chat,london,low,False,False,False,False,63.32,18,False,True,False,False,True,False,15.51,7.46,True,True,True,True,False,False
AST-02939,damaged_item,chat,north,low,False,False,False,False,46.3,13,False,True,False,False,True,False,11.44,7.42,True,True,True,True,False,False
AST-02940,damaged_item,email,south,medium,False,False,False,False,116.36,25,False,True,False,True,True,False,20.92,13.23,True,False,True,True,False,True
AST-02941,damaged_item,phone,north,high,False,False,False,False,56.04,54,False,True,False,False,True,False,21.13,15.81,True,True,True,True,False,False
AST-02942,late_delivery,chat,south,medium,False,False,False,False,56.5,31,False,True,False,False,False,False,23.26,14.03,False,True,True,True,True,False
AST-02943,missing_refund,email,midlands,medium,False,False,True,False,38.11,17,False,True,False,False,True,False,21.63,11.81,True,False,True,True,False,True
AST-02944,late_delivery,phone,midlands,low,False,False,False,False,75.44,32,False,True,False,False,False,False,14.02,8.77,True,True,True,True,False,False
AST-02945,wrong_item,phone,midlands,low,True,False,True,False,45.46,13,True,True,True,True,True,False,25.06,15.14,True,True,True,True,False,False
AST-02946,damaged_item,chat,north,medium,False,False,False,True,99.09,18,False,True,False,False,True,False,22.34,14.97,False,True,True,True,True,False
AST-02947,late_delivery,chat,london,medium,False,False,False,False,57.35,32,False,True,False,False,False,False,17.7,10.06,True,True,True,True,False,False
AST-02948,change_of_mind,email,london,low,False,False,False,False,26.66,40,False,True,False,False,False,False,15.61,6.9,True,True,True,True,False,False
AST-02949,damaged_item,email,south,low,True,True,False,False,67.28,21,True,True,True,True,True,False,11.42,8.87,True,True,True,True,False,False
AST-02950,late_delivery,email,london,low,False,False,False,True,68.65,19,False,True,False,False,False,False,18.01,10.4,True,True,True,True,False,False
AST-02951,late_delivery,chat,london,low,False,False,False,False,36.46,12,False,True,False,False,False,False,14.18,7.81,True,True,True,True,False,False
AST-02952,late_delivery,email,midlands,medium,False,False,False,False,75.05,29,False,True,False,False,False,False,23.49,14.73,False,True,True,True,True,False
AST-02953,change_of_mind,chat,south,high,False,False,False,True,15.04,35,False,True,False,False,False,False,21.05,14.62,False,False,True,True,True,True
AST-02954,change_of_mind,email,south,high,False,False,False,True,48.84,13,False,True,False,False,False,False,24.39,15.55,False,True,True,True,True,False
AST-02955,damaged_item,email,south,low,False,True,False,False,19.75,23,True,True,True,True,True,False,15.52,11.16,True,True,True,True,False,False
AST-02956,wrong_item,email,north,low,False,False,False,True,62.12,19,False,True,True,True,True,False,20.19,14.07,True,True,True,True,False,False
AST-02957,missing_refund,email,midlands,low,True,False,False,False,23.87,3,True,True,True,True,True,False,14.24,9.27,True,True,False,True,False,False
AST-02958,wrong_item,email,london,low,False,False,False,False,89.46,74,False,True,False,False,True,False,16.38,9.02,False,True,True,True,True,False
AST-02959,change_of_mind,email,north,medium,False,False,False,False,25.65,1,False,True,False,False,False,False,19.16,12.21,False,True,True,True,True,False
AST-02960,damaged_item,email,north,low,False,False,False,False,8,50,False,True,False,False,True,False,15.0,7.27,True,True,True,True,False,False
AST-02961,damaged_item,email,midlands,low,False,False,False,False,44.5,3,False,True,False,False,True,False,15.69,8.45,True,True,True,True,False,False
AST-02962,change_of_mind,email,north,low,False,False,False,False,8,16,False,True,False,False,False,False,14.3,8.78,True,True,True,True,False,False
AST-02963,damaged_item,email,london,medium,False,False,False,False,36.4,8,False,True,False,False,True,False,23.56,13.94,True,False,True,True,False,True
AST-02964,wrong_item,chat,london,medium,False,False,False,False,40.07,25,False,True,False,False,True,False,18.57,11.32,True,True,True,True,False,False
AST-02965,wrong_item,chat,midlands,low,False,False,False,False,29.14,119,False,True,False,False,True,False,11.87,7.35,True,True,True,True,False,False
AST-02966,missing_refund,chat,north,low,False,False,False,False,26.66,5,False,True,False,False,True,False,12.13,6.44,True,True,True,True,False,False
AST-02967,change_of_mind,email,london,low,False,True,False,False,16.21,44,True,True,True,True,False,False,16.09,10.02,True,True,True,True,False,False
AST-02968,wrong_item,email,london,low,False,False,False,False,13.12,21,False,True,False,False,True,False,9.81,6.74,True,True,True,True,False,False
AST-02969,late_delivery,phone,north,medium,False,True,False,True,20.77,64,True,True,True,True,False,False,19.98,12.76,False,True,True,True,True,False
AST-02970,missing_refund,chat,north,low,False,False,False,False,33.37,28,False,True,False,False,True,False,15.85,9.27,False,True,False,True,True,False
AST-02971,late_delivery,email,north,high,False,False,False,False,18.76,35,False,True,False,False,False,False,21.96,13.41,False,True,True,True,True,False
AST-02972,change_of_mind,email,london,high,False,True,False,False,20.24,32,True,True,True,True,False,False,27.44,20.47,True,False,False,True,False,True
AST-02973,change_of_mind,chat,south,high,True,False,False,True,27.61,8,True,True,True,True,False,False,26.25,19.96,False,True,True,True,True,False
AST-02974,late_delivery,email,north,medium,False,False,False,False,13.71,3,False,True,False,False,False,False,18.02,11.87,True,True,True,True,False,False
AST-02975,change_of_mind,chat,south,medium,False,False,True,False,66.07,19,False,True,False,False,False,False,28.34,16.9,True,True,True,True,False,False
AST-02976,missing_refund,email,north,medium,False,False,False,False,57.88,8,False,True,False,False,True,False,21.83,13.37,False,True,True,True,True,False
AST-02977,damaged_item,email,london,medium,False,False,False,False,28.42,10,False,True,False,False,True,False,18.81,11.32,False,True,True,True,True,False
AST-02978,late_delivery,chat,south,medium,False,False,False,False,16.23,34,False,True,False,False,False,False,18.43,11.19,True,True,True,True,False,False
AST-02979,damaged_item,email,south,medium,False,False,True,False,32.45,8,False,True,False,False,True,False,23.67,12.83,False,False,True,True,True,True
AST-02980,change_of_mind,email,south,medium,False,False,False,True,39.54,42,False,True,False,False,False,False,19.17,14.0,False,True,True,True,True,False
AST-02981,change_of_mind,phone,london,medium,False,False,True,False,90.44,37,False,True,False,False,False,False,28.25,17.91,True,True,True,True,False,False
AST-02982,damaged_item,phone,midlands,low,False,False,False,False,62.2,32,False,True,False,False,True,False,17.54,10.74,False,True,True,True,True,False
AST-02983,wrong_item,phone,south,medium,True,False,False,True,69.1,12,True,True,True,True,True,False,23.15,17.07,True,True,True,True,False,False
AST-02984,change_of_mind,phone,midlands,high,False,False,False,False,45.18,2,False,True,False,False,False,False,24.27,16.28,False,False,True,True,True,True
AST-02985,missing_refund,email,north,high,False,False,False,False,100.81,9,False,True,False,True,True,False,25.41,16.39,False,True,True,True,True,False
AST-02986,damaged_item,chat,north,high,False,False,True,False,19.39,5,False,True,False,False,True,False,28.59,20.02,False,True,True,False,True,False
AST-02987,missing_refund,chat,london,low,False,False,False,False,22.77,49,False,True,False,False,True,False,13.09,8.86,True,True,False,True,False,False
AST-02988,late_delivery,email,south,low,False,False,False,False,66.37,55,False,True,False,False,False,False,17.07,10.96,True,True,False,True,True,False
AST-02989,late_delivery,phone,north,medium,False,False,False,True,57.55,20,False,True,True,True,False,False,21.92,16.12,False,False,True,True,True,True
AST-02990,late_delivery,phone,north,low,False,False,False,True,14.86,55,False,True,False,False,False,False,21.59,11.21,True,True,False,True,False,True
AST-02991,damaged_item,chat,south,medium,False,False,False,False,36.8,45,False,True,False,False,True,False,24.7,15.47,False,True,True,True,True,False
AST-02992,warranty,chat,midlands,low,False,False,False,False,36.34,27,True,True,True,True,False,False,12.88,7.72,True,True,True,True,False,False
AST-02993,warranty,email,south,high,False,False,True,False,88.86,34,True,True,True,True,False,False,22.13,18.75,True,False,True,True,False,True
AST-02994,late_delivery,email,south,medium,False,False,True,False,33.88,23,False,True,False,False,False,False,21.68,13.46,False,False,True,True,True,True
AST-02995,missing_refund,chat,south,low,False,False,False,True,89.5,13,False,True,False,False,True,False,18.13,9.21,True,True,True,True,False,False
AST-02996,wrong_item,chat,london,high,True,False,False,False,189.42,24,True,True,True,True,True,False,19.49,14.39,True,True,True,True,False,False
AST-02997,missing_refund,email,north,low,False,False,False,False,40.29,33,False,True,False,False,True,False,19.68,10.51,False,True,True,True,True,False
AST-02998,late_delivery,email,london,medium,False,False,False,False,62.95,45,False,True,False,False,False,False,25.56,16.33,True,True,True,True,False,False
AST-02999,wrong_item,email,midlands,medium,False,False,False,False,15.67,11,False,True,False,False,True,False,22.68,14.2,False,True,True,True,True,False
AST-03000,wrong_item,phone,london,low,False,False,False,False,40.01,11,False,True,False,False,True,False,11.46,6.81,True,True,True,True,False,False
AST-03001,missing_refund,chat,south,medium,False,True,False,False,82.76,4,True,True,True,True,True,False,19.89,12.84,False,False,True,True,True,True
AST-03002,change_of_mind,email,south,medium,False,False,True,False,19.88,34,False,True,False,False,False,False,23.09,15.57,True,True,False,True,False,False
AST-03003,late_delivery,chat,midlands,medium,False,True,False,True,68.65,4,True,True,True,True,False,False,17.11,12.31,True,True,False,True,False,False
AST-03004,change_of_mind,phone,london,low,False,False,False,True,25.42,62,False,True,False,False,False,False,15.93,9.34,False,False,True,True,True,True
AST-03005,missing_refund,chat,south,low,False,False,False,False,13.59,32,False,True,False,False,True,False,15.87,10.53,True,True,True,True,False,False
AST-03006,missing_refund,chat,midlands,low,False,False,True,True,124.78,22,False,True,True,True,True,False,19.07,11.74,True,True,True,True,False,False
AST-03007,late_delivery,chat,london,low,False,False,True,False,18.4,22,False,True,False,False,False,False,20.45,11.3,True,True,True,True,False,False
AST-03008,warranty,phone,north,medium,False,False,False,True,38.06,7,True,True,True,True,False,False,20.58,15.06,True,True,True,True,False,False
AST-03009,change_of_mind,phone,south,low,False,False,False,False,30.29,24,False,True,False,False,False,False,15.92,7.79,True,False,True,True,False,True
AST-03010,warranty,phone,north,medium,False,False,False,False,59.01,25,True,True,True,True,False,False,16.21,10.86,False,True,True,True,True,False
AST-03011,change_of_mind,chat,london,medium,False,False,False,False,28.37,23,False,True,False,False,False,False,20.32,12.4,True,True,True,True,False,False
AST-03012,damaged_item,chat,north,medium,False,False,False,False,39.24,47,False,True,False,False,True,False,25.87,16.07,False,False,True,True,True,True
AST-03013,damaged_item,phone,london,low,False,False,False,False,43.32,20,False,True,False,False,True,False,16.55,8.04,False,True,True,True,True,False
AST-03014,change_of_mind,phone,north,low,False,False,False,True,90.9,22,False,True,False,False,False,False,15.31,7.88,False,True,True,True,True,False
AST-03015,change_of_mind,chat,south,high,False,False,False,True,66.79,20,False,True,False,False,False,False,25.54,17.61,False,False,False,True,True,True
AST-03016,warranty,chat,south,low,False,False,False,False,21.96,27,True,True,True,True,False,False,19.03,12.78,True,True,True,True,False,False
AST-03017,missing_refund,phone,london,medium,False,False,False,False,45.18,42,False,True,False,False,True,False,23.02,14.31,False,False,False,True,True,True
AST-03018,wrong_item,phone,midlands,low,False,False,False,False,83.21,11,False,True,False,False,True,False,11.39,6.0,False,True,True,True,True,False
AST-03019,missing_refund,email,midlands,medium,False,True,False,True,74.95,13,True,True,True,True,True,False,25.45,17.56,False,True,True,True,True,False
AST-03020,damaged_item,chat,london,high,False,False,True,False,84.06,34,False,True,False,False,True,False,21.77,15.2,False,False,True,True,True,True
AST-03021,change_of_mind,email,south,low,False,False,False,False,135.95,13,False,True,False,True,False,False,10.99,7.5,True,True,True,True,False,False
AST-03022,missing_refund,email,midlands,medium,False,False,False,False,76.83,20,False,True,False,False,True,False,13.04,6.71,False,True,True,True,True,False
AST-03023,change_of_mind,chat,north,low,False,False,True,False,113.22,39,False,True,False,True,False,False,13.16,6.64,True,True,True,True,False,False
AST-03024,damaged_item,email,north,low,False,False,False,False,35.75,27,False,True,False,False,True,False,16.78,10.1,False,True,True,True,True,False
AST-03025,change_of_mind,chat,midlands,high,False,False,False,False,38.34,27,False,True,False,False,False,False,22.65,15.18,True,True,True,True,False,True
AST-03026,wrong_item,chat,south,low,False,False,False,True,17.22,26,False,True,False,False,True,False,17.55,10.16,False,True,True,True,True,False
AST-03027,damaged_item,email,south,medium,False,False,False,True,43.96,22,False,True,False,False,True,False,21.49,12.52,True,True,True,True,False,False
AST-03028,warranty,email,london,high,False,False,False,False,46.27,44,True,True,True,True,False,False,18.31,14.61,False,True,True,True,True,False
AST-03029,change_of_mind,chat,south,low,False,False,False,False,33.39,47,False,True,False,False,False,False,14.6,6.75,True,True,True,True,False,False
AST-03030,wrong_item,phone,north,high,False,False,False,True,39.33,24,False,True,False,False,True,False,27.8,17.58,True,True,True,True,False,False
AST-03031,damaged_item,chat,midlands,low,True,False,False,False,76.86,31,True,True,True,True,True,False,16.3,10.78,False,True,False,True,True,False
AST-03032,change_of_mind,chat,north,low,False,False,False,True,22.71,8,False,True,False,False,False,False,16.89,9.17,True,True,True,True,False,False
AST-03033,warranty,email,midlands,medium,False,False,False,True,15.06,32,True,True,True,True,False,False,21.88,16.23,False,False,True,True,True,True
AST-03034,damaged_item,phone,london,low,False,False,False,False,207.46,22,False,True,False,True,True,False,15.37,7.88,True,True,True,True,False,False
AST-03035,late_delivery,chat,south,medium,False,False,False,False,28.06,5,False,True,False,False,False,False,18.93,11.55,True,False,True,True,False,True
AST-03036,change_of_mind,chat,north,low,False,False,False,False,58.02,40,False,True,False,False,False,False,15.15,7.12,False,True,True,True,True,False
AST-03037,late_delivery,email,london,low,False,False,False,False,72.03,18,False,True,False,False,False,False,16.41,9.27,True,True,False,True,False,False
AST-03038,damaged_item,email,north,low,False,False,False,False,34.91,19,False,True,False,False,True,False,18.39,9.78,False,True,True,True,True,False
AST-03039,damaged_item,email,london,medium,False,False,False,False,16.23,15,False,True,False,False,True,False,20.58,12.28,True,True,True,True,False,False
AST-03040,missing_refund,chat,london,high,False,False,False,True,133.68,22,False,True,False,True,True,False,29.44,20.9,True,True,True,True,False,False
AST-03041,late_delivery,chat,london,medium,False,True,False,False,25.34,5,True,True,True,True,False,False,16.91,12.83,True,True,True,True,False,False
AST-03042,change_of_mind,email,london,high,False,False,False,True,94.28,24,False,True,True,True,False,False,26.78,19.93,True,True,True,True,False,False
AST-03043,damaged_item,email,south,medium,False,False,False,True,85.67,41,False,True,False,False,True,False,21.7,12.97,True,True,True,True,False,False
AST-03044,change_of_mind,phone,midlands,low,False,False,False,False,88.58,10,False,True,False,False,False,False,20.97,13.29,True,True,True,True,False,False
AST-03045,missing_refund,email,south,medium,False,True,False,False,12.65,39,True,True,True,True,True,False,20.75,14.3,False,True,True,True,True,False
AST-03046,damaged_item,email,south,medium,False,False,False,True,139.98,6,False,True,False,True,True,False,21.62,13.46,False,True,True,True,True,False
AST-03047,late_delivery,chat,north,medium,False,False,False,True,70.45,27,False,True,True,True,False,False,22.75,14.18,True,True,True,True,False,False
AST-03048,wrong_item,email,south,high,False,False,False,True,57.69,54,False,True,False,False,True,False,27.58,19.03,False,True,False,True,True,False
AST-03049,late_delivery,email,north,high,False,True,True,False,63.78,43,True,True,True,True,False,False,29.23,21.74,False,True,False,True,True,False
AST-03050,change_of_mind,phone,south,medium,False,False,False,True,39.58,20,False,True,False,False,False,False,20.1,12.7,False,True,True,True,True,False
AST-03051,damaged_item,chat,london,high,False,False,False,False,20.08,23,False,True,False,False,True,False,20.02,12.74,False,True,True,True,True,False
AST-03052,wrong_item,email,london,medium,True,True,True,False,129.73,14,True,True,True,True,True,False,19.67,13.74,False,False,True,True,True,True
AST-03053,change_of_mind,email,south,low,False,False,False,False,24.57,15,False,True,False,False,False,False,15.61,9.04,True,True,True,True,False,False
AST-03054,damaged_item,email,midlands,medium,False,False,False,True,13.11,23,False,True,True,True,True,False,18.19,13.27,True,True,False,True,False,False
AST-03055,warranty,chat,north,high,False,False,False,True,37.92,13,True,True,True,True,False,False,27.58,20.71,True,True,True,True,False,False
AST-03056,late_delivery,email,london,low,False,False,False,False,43.36,34,False,True,False,False,False,False,12.62,7.01,True,True,True,True,False,False
AST-03057,change_of_mind,email,south,medium,True,False,False,False,51.13,50,True,True,True,True,False,False,19.03,13.44,False,True,True,True,True,False
AST-03058,wrong_item,chat,london,medium,False,False,False,True,26.46,45,False,True,False,False,True,False,23.04,14.43,False,True,False,True,True,False
AST-03059,change_of_mind,chat,north,high,False,False,False,False,8,76,False,True,False,False,False,False,15.55,10.62,True,True,True,True,False,False
AST-03060,damaged_item,chat,south,medium,False,False,False,False,62.92,37,False,True,False,False,True,False,16.3,10.56,True,True,True,True,False,False
AST-03061,late_delivery,chat,north,low,False,False,False,False,32.98,13,False,True,False,False,False,False,12.05,7.15,True,True,True,True,False,False
AST-03062,missing_refund,chat,north,medium,False,False,False,True,136.73,18,False,True,False,True,True,False,24.28,15.38,True,True,False,True,False,False
AST-03063,damaged_item,chat,south,high,False,False,False,False,35.79,20,False,True,False,False,True,False,22.43,14.63,True,True,False,True,False,False
AST-03064,missing_refund,email,south,medium,False,False,False,False,51.06,8,False,True,False,False,True,False,19.84,13.43,True,True,True,True,False,False
AST-03065,damaged_item,email,london,low,False,False,False,False,48.73,10,False,True,False,False,True,False,11.7,5.75,True,True,True,True,False,False
AST-03066,late_delivery,phone,north,medium,False,False,False,False,48.44,21,False,True,False,False,False,False,20.05,12.98,True,False,True,True,False,True
AST-03067,warranty,phone,midlands,medium,False,False,False,True,61.29,39,True,True,True,True,False,False,25.36,17.7,True,True,False,True,False,False
AST-03068,change_of_mind,chat,south,medium,True,False,False,False,72.98,47,True,True,True,True,False,False,16.47,12.86,True,True,True,True,False,True
AST-03069,damaged_item,chat,midlands,low,False,False,False,False,21.07,4,False,True,False,False,True,False,21.18,10.62,True,True,True,True,False,False
AST-03070,missing_refund,chat,midlands,medium,False,False,False,False,19.77,32,False,True,False,False,True,False,16.55,10.0,True,True,True,True,True,False
AST-03071,change_of_mind,email,midlands,low,False,False,False,False,27.42,20,False,True,False,False,False,False,16.05,9.12,True,True,False,True,False,False
AST-03072,damaged_item,email,south,low,False,False,False,True,29.98,40,False,True,True,True,True,False,20.99,14.33,True,True,False,True,False,False
AST-03073,wrong_item,phone,london,medium,True,False,False,False,172.75,35,True,True,True,True,True,False,21.31,14.67,False,True,True,True,True,False
AST-03074,missing_refund,email,north,medium,False,False,False,False,17.26,80,False,True,False,False,True,False,19.72,10.9,True,True,True,True,False,False
AST-03075,damaged_item,email,south,low,False,False,True,False,8,5,False,True,False,False,True,False,16.65,9.02,True,True,False,True,False,False
AST-03076,warranty,chat,south,low,False,False,False,False,53.2,40,True,True,True,True,False,False,12.35,9.23,True,True,True,True,False,False
AST-03077,change_of_mind,phone,london,high,False,False,True,False,222.41,32,False,True,False,True,False,False,28.33,19.48,False,True,True,True,True,False
AST-03078,change_of_mind,chat,london,medium,False,False,True,False,32.92,31,False,True,False,False,False,False,17.93,11.53,True,True,True,True,False,False
AST-03079,damaged_item,email,london,low,False,False,False,False,46.79,15,False,True,False,False,True,False,19.27,10.94,True,True,True,True,False,False
AST-03080,wrong_item,phone,north,low,False,False,False,True,81.08,11,False,True,False,False,True,False,17.78,9.15,True,True,True,True,False,False
AST-03081,damaged_item,email,midlands,low,False,False,True,False,49.25,16,False,True,False,False,True,False,19.82,10.88,True,False,True,True,False,True
AST-03082,wrong_item,phone,midlands,medium,False,False,False,False,87.69,44,False,True,False,False,True,False,16.14,10.0,True,True,True,True,False,False
AST-03083,damaged_item,phone,north,medium,False,False,False,True,173.72,20,False,True,False,True,True,False,19.45,12.63,True,False,True,True,False,True
AST-03084,missing_refund,chat,south,low,False,False,False,False,25.29,16,False,True,False,False,True,False,14.58,7.7,True,True,True,True,False,False
AST-03085,warranty,email,south,medium,False,False,False,True,26.24,32,True,True,True,True,False,False,21.43,15.7,True,True,True,True,False,False
AST-03086,damaged_item,chat,midlands,low,True,False,False,False,8,17,True,True,True,True,True,False,15.37,10.31,True,True,True,True,False,False
AST-03087,wrong_item,email,south,low,False,False,False,True,12.17,23,False,True,False,False,True,False,20.83,11.03,True,True,True,True,False,False
AST-03088,damaged_item,phone,london,low,False,False,False,False,38.06,18,False,True,False,False,True,False,15.44,7.18,True,True,True,True,False,False
AST-03089,late_delivery,chat,north,medium,False,False,True,False,18.28,50,False,True,False,False,False,False,25.31,14.38,True,True,False,True,False,False
AST-03090,damaged_item,chat,midlands,high,False,False,True,False,41.92,49,False,True,False,False,True,False,26.82,18.31,True,False,True,True,False,True
AST-03091,damaged_item,chat,london,high,False,False,True,False,58.93,18,False,False,False,False,True,False,29.67,18.99,True,True,True,True,False,False
AST-03092,wrong_item,chat,north,low,False,False,False,False,80.7,6,False,True,False,False,True,False,12.41,6.33,True,True,False,True,False,False
AST-03093,wrong_item,email,midlands,high,False,False,False,True,123.45,7,False,True,False,True,True,False,25.47,16.52,False,True,True,True,True,False
AST-03094,missing_refund,chat,midlands,medium,False,False,False,False,113.52,45,False,True,False,True,True,False,19.07,12.64,True,True,True,True,False,False
AST-03095,damaged_item,phone,midlands,low,False,False,False,True,29.77,41,False,True,False,False,True,False,21.06,11.49,True,True,True,True,False,False
AST-03096,warranty,chat,london,high,False,False,False,True,27.64,53,True,True,True,True,False,False,24.73,17.32,True,False,True,True,False,True
AST-03097,warranty,chat,south,medium,False,False,False,False,67.71,24,True,True,True,True,False,False,24.36,16.47,False,True,True,True,True,False
AST-03098,damaged_item,chat,midlands,medium,True,False,False,False,10.3,68,True,True,True,True,True,False,13.1,9.91,False,True,True,True,True,False
AST-03099,late_delivery,phone,north,low,False,False,False,False,42.83,59,False,True,False,False,False,False,10.28,5.5,True,True,True,True,False,False
AST-03100,wrong_item,chat,north,medium,False,False,False,False,34.18,24,False,True,False,False,True,False,22.53,13.77,False,True,True,True,True,False
AST-03101,change_of_mind,chat,london,medium,False,False,False,True,38.28,28,False,True,False,False,False,False,22.44,13.98,True,True,True,True,False,False
AST-03102,wrong_item,chat,south,low,False,False,False,False,85.67,7,False,True,False,False,True,False,13.75,7.01,True,True,True,True,False,False
AST-03103,change_of_mind,chat,south,medium,False,False,False,False,15.4,41,False,True,False,False,False,False,20.2,12.81,False,True,True,True,True,False
AST-03104,change_of_mind,chat,south,medium,False,False,True,False,100.28,9,False,True,False,True,False,False,20.83,11.75,True,True,True,True,False,False
AST-03105,damaged_item,email,london,medium,False,False,False,False,76.61,20,False,True,False,False,True,False,23.02,13.89,True,True,True,True,False,False
AST-03106,change_of_mind,email,north,medium,False,False,True,False,54.62,10,False,True,False,False,False,False,26.46,15.84,True,True,True,True,False,False
AST-03107,wrong_item,phone,midlands,low,False,False,False,True,35.73,37,False,True,False,False,True,False,16.01,7.89,True,True,True,True,False,False
AST-03108,warranty,phone,north,medium,False,False,False,False,10.55,37,True,True,True,True,False,False,12.66,10.01,True,True,False,True,False,False
AST-03109,change_of_mind,email,midlands,low,False,False,False,False,75.19,54,False,True,False,False,False,False,17.51,9.32,False,True,True,True,True,False
AST-03110,change_of_mind,chat,south,medium,False,False,False,True,48.53,40,False,True,False,False,False,False,24.86,14.95,False,True,True,True,True,False
AST-03111,change_of_mind,phone,north,low,False,False,False,False,39.49,35,False,True,False,False,False,False,12.34,6.18,True,True,True,True,False,False
AST-03112,late_delivery,email,south,low,True,False,False,False,58.5,7,True,True,True,True,False,False,17.17,11.75,True,True,True,True,False,False
AST-03113,wrong_item,phone,south,low,False,False,False,False,77.74,51,False,True,False,False,True,False,11.44,5.57,True,True,True,True,False,False
AST-03114,damaged_item,chat,midlands,low,False,False,False,False,27.1,64,False,True,False,False,True,False,17.19,9.72,True,True,True,True,False,False
AST-03115,late_delivery,email,north,medium,False,False,False,False,106.12,21,False,True,False,True,False,False,13.76,8.48,True,True,True,True,False,False
AST-03116,late_delivery,chat,north,low,False,False,False,False,39.26,18,False,True,False,False,False,False,11.31,5.79,True,True,True,True,True,False
AST-03117,wrong_item,phone,london,medium,False,False,False,False,64.21,31,False,True,False,False,True,False,16.89,9.42,False,True,True,True,True,False
AST-03118,wrong_item,email,london,medium,False,True,False,False,29.87,25,True,True,True,True,True,False,18.52,12.43,True,True,True,True,False,False
AST-03119,change_of_mind,chat,london,medium,False,False,False,True,187.14,2,False,True,False,True,False,False,20.25,11.68,True,True,True,True,False,False
AST-03120,change_of_mind,email,london,low,False,False,False,False,54.93,4,False,True,False,False,False,False,10.93,5.58,True,True,False,True,False,False
AST-03121,late_delivery,chat,midlands,low,False,False,False,True,106.32,28,False,True,False,True,False,False,16.02,8.93,True,True,True,True,False,False
AST-03122,damaged_item,chat,south,low,False,False,False,True,15.73,14,False,True,False,False,True,False,21.56,12.38,True,True,True,True,False,False
AST-03123,late_delivery,chat,london,medium,False,False,False,False,48.24,23,False,True,False,False,False,False,19.37,11.37,True,True,True,True,False,False
AST-03124,missing_refund,chat,south,medium,False,False,True,True,33.97,7,False,False,False,False,True,False,25.67,17.36,False,True,True,True,True,False
AST-03125,damaged_item,chat,midlands,high,False,False,True,True,19.95,6,False,True,False,False,True,False,33.34,22.09,False,False,False,True,True,True
AST-03126,change_of_mind,email,north,low,False,False,True,False,90.53,22,False,True,False,False,False,False,13.19,6.86,False,True,True,True,True,False
AST-03127,missing_refund,email,north,high,False,False,False,False,40.86,13,False,True,False,False,True,False,25.38,17.23,True,True,True,True,False,False
AST-03128,missing_refund,email,london,low,False,False,True,False,25.44,25,False,True,False,False,True,False,13.15,6.76,True,True,True,True,False,False
AST-03129,wrong_item,email,north,low,False,False,True,True,22.36,12,False,True,False,False,True,False,17.16,9.59,True,True,True,True,False,False
AST-03130,damaged_item,email,north,medium,True,False,False,False,77.47,48,True,True,True,True,True,False,17.53,11.27,True,True,True,True,False,False
AST-03131,change_of_mind,phone,south,high,False,False,True,False,51.8,24,False,True,False,False,False,False,22.28,14.68,True,True,True,True,False,False
AST-03132,late_delivery,email,south,low,False,False,False,True,31.46,1,False,True,False,False,False,False,16.5,8.82,True,True,True,True,False,False
AST-03133,late_delivery,phone,south,medium,False,False,False,False,14.38,14,False,True,False,False,False,False,16.32,10.25,True,True,False,True,False,False
AST-03134,late_delivery,phone,south,low,False,False,False,True,21.37,26,False,True,False,False,False,False,12.56,6.13,False,True,False,True,True,False
AST-03135,late_delivery,phone,midlands,low,False,False,True,False,64.98,10,False,True,False,False,False,False,16.8,10.18,True,True,True,True,False,False
AST-03136,missing_refund,chat,south,low,False,False,False,False,59.08,15,False,True,False,False,True,False,16.77,8.76,False,True,True,True,True,False
AST-03137,wrong_item,chat,south,medium,False,False,False,False,51.75,5,False,True,False,False,True,False,17.15,10.45,False,True,False,True,True,False
AST-03138,damaged_item,phone,north,low,False,False,True,True,34.1,72,False,True,False,False,True,False,22.19,12.55,True,True,False,True,False,False
AST-03139,late_delivery,chat,south,low,False,False,False,True,40.68,35,False,True,False,False,False,False,15.32,9.7,True,True,True,True,False,True
AST-03140,wrong_item,phone,london,low,False,False,False,False,48.95,19,False,True,False,False,True,False,11.86,6.35,True,True,True,True,False,True
AST-03141,missing_refund,chat,midlands,low,False,False,False,False,30.13,32,False,True,False,False,True,False,17.89,10.48,False,True,True,True,True,False
AST-03142,wrong_item,chat,south,medium,False,False,False,False,25.1,53,False,True,False,False,True,False,20.37,13.91,True,True,True,True,False,False
AST-03143,change_of_mind,phone,london,medium,False,False,False,False,70.93,55,False,True,False,False,False,False,20.91,12.39,True,False,True,True,False,True
AST-03144,change_of_mind,phone,north,low,False,True,False,False,57.89,27,True,True,True,True,False,False,11.24,8.3,True,True,True,True,False,False
AST-03145,change_of_mind,email,south,medium,False,False,False,True,19.91,14,False,True,True,True,False,False,19.31,13.18,True,False,True,True,False,True
AST-03146,late_delivery,email,north,high,False,False,False,True,26.62,25,False,True,False,False,False,False,27.3,18.07,False,True,True,True,True,False
AST-03147,missing_refund,chat,north,high,False,False,False,False,44.12,7,False,True,False,False,True,False,25.26,18.12,True,True,True,True,False,False
AST-03148,change_of_mind,phone,south,low,False,False,False,False,8,22,False,True,False,False,False,False,15.07,8.54,False,True,True,True,True,False
AST-03149,missing_refund,email,north,low,False,False,False,True,13.66,16,False,True,False,False,True,False,18.08,10.27,True,True,True,True,True,False
AST-03150,change_of_mind,chat,london,low,False,False,False,False,32.92,46,False,True,False,False,False,False,14.37,6.55,True,True,True,True,False,False
AST-03151,damaged_item,phone,london,low,False,False,False,False,29.72,69,False,True,False,False,True,False,16.49,8.89,True,False,True,True,False,True
AST-03152,wrong_item,phone,south,low,False,False,False,False,70.69,21,False,True,False,False,True,False,15.39,8.78,True,False,True,True,False,True
AST-03153,damaged_item,phone,south,medium,False,False,False,False,26.41,18,False,True,False,False,True,False,23.03,13.37,False,False,True,True,True,True
AST-03154,change_of_mind,chat,north,medium,False,False,False,False,36.65,23,False,True,False,False,False,False,22.01,13.09,False,True,True,True,True,False
AST-03155,wrong_item,chat,london,low,False,False,False,False,26.64,5,False,True,False,False,True,False,12.42,7.53,True,True,True,True,True,False
AST-03156,damaged_item,chat,midlands,medium,False,False,False,True,98.25,70,False,True,False,False,True,False,19.86,12.49,False,False,True,True,True,True
AST-03157,late_delivery,chat,london,medium,False,False,False,False,21.53,42,False,True,False,False,False,False,18.49,12.62,True,True,False,True,False,False
AST-03158,damaged_item,email,north,low,False,False,False,False,20.04,22,False,True,False,False,True,False,10.72,5.4,True,True,True,True,False,False
AST-03159,damaged_item,chat,london,high,False,False,False,True,82.33,19,False,True,False,False,True,False,28.4,19.26,True,False,True,True,False,True
AST-03160,warranty,email,midlands,high,False,False,False,True,29.39,75,True,False,True,True,False,False,21.03,15.77,False,True,True,True,True,False
AST-03161,damaged_item,email,south,low,False,False,False,True,32.59,49,False,True,False,False,True,False,19.43,11.41,True,True,True,True,False,False
AST-03162,damaged_item,email,midlands,high,False,False,False,True,42.45,20,False,True,True,True,True,False,25.03,19.72,False,True,True,True,True,False
AST-03163,missing_refund,email,london,low,False,False,False,True,131.54,11,False,True,True,True,True,False,21.59,13.09,True,True,False,True,False,False
AST-03164,late_delivery,email,london,high,False,True,False,False,35.31,23,True,True,True,True,False,False,23.65,18.67,False,True,True,True,True,False
AST-03165,missing_refund,email,north,low,False,False,False,False,40.21,40,False,True,False,False,True,False,14.33,7.6,True,True,True,True,False,False
AST-03166,change_of_mind,phone,north,low,False,False,False,False,102.29,66,False,True,False,True,False,False,19.75,11.03,False,True,True,True,True,False
AST-03167,warranty,chat,south,low,False,False,True,False,11.56,10,True,True,True,True,False,False,14.38,9.44,True,True,True,True,True,False
AST-03168,damaged_item,email,london,medium,False,False,True,False,80.39,42,False,True,False,False,True,False,18.71,11.0,False,True,True,True,True,False
AST-03169,late_delivery,chat,london,high,False,False,False,False,78.48,61,False,True,False,False,False,False,22.11,15.68,True,True,True,True,False,False
AST-03170,change_of_mind,email,south,medium,False,False,False,False,88.5,18,False,True,False,False,False,False,14.8,8.47,False,True,True,True,True,False
AST-03171,missing_refund,email,south,medium,False,False,False,True,26.14,11,False,True,False,False,True,False,14.9,10.58,True,True,True,True,False,False
AST-03172,damaged_item,email,north,low,False,False,False,False,108.14,26,False,True,False,True,True,False,19.41,9.26,False,True,True,True,True,False
AST-03173,change_of_mind,chat,london,low,False,False,False,False,185.26,24,False,True,False,True,False,False,15.48,7.07,True,True,True,True,False,False
AST-03174,late_delivery,email,north,low,False,False,False,True,44.31,37,False,True,False,False,False,False,13.59,7.56,True,True,True,True,False,False
AST-03175,change_of_mind,chat,london,medium,False,False,False,True,126.54,47,False,True,False,True,False,False,23.07,14.17,True,True,True,True,False,False
AST-03176,change_of_mind,email,north,low,False,False,False,False,14.5,17,False,True,False,False,False,False,14.15,8.12,False,True,True,True,True,False
AST-03177,missing_refund,email,north,high,False,False,False,False,26.14,8,False,True,False,False,True,False,25.18,17.15,True,True,True,True,False,False
AST-03178,late_delivery,phone,south,low,False,False,False,False,15.67,42,False,True,False,False,False,False,15.17,8.22,True,True,True,True,False,False
AST-03179,change_of_mind,email,north,low,True,False,False,False,26.12,9,True,True,True,True,False,False,8.91,6.23,True,True,True,True,False,False
AST-03180,damaged_item,phone,london,low,False,False,False,False,16.19,17,False,True,False,False,True,False,14.17,8.13,True,True,True,True,False,False
AST-03181,damaged_item,phone,midlands,low,False,False,False,True,55.48,17,False,True,False,False,True,False,14.77,8.43,True,True,True,True,False,False
AST-03182,change_of_mind,chat,north,medium,False,False,False,False,17.43,19,False,True,False,False,False,False,17.65,11.74,True,True,True,True,False,False
AST-03183,damaged_item,email,london,low,False,False,False,False,24.61,59,False,True,False,False,True,False,11.52,4.37,True,True,True,True,False,False
AST-03184,damaged_item,chat,midlands,low,True,True,False,True,86.5,24,True,True,True,True,True,False,14.79,8.51,True,True,False,True,False,False
AST-03185,late_delivery,phone,south,low,False,False,False,False,332.09,2,True,True,True,True,False,False,13.26,8.65,True,True,False,True,False,False
AST-03186,damaged_item,phone,south,medium,False,False,True,False,28.49,14,False,True,False,False,True,False,19.66,10.22,True,True,True,True,False,False
AST-03187,damaged_item,email,london,high,False,False,True,False,41.27,22,False,True,False,False,True,False,30.96,20.71,False,True,True,True,True,False
AST-03188,missing_refund,email,south,medium,False,False,False,False,45.91,19,False,True,False,False,True,False,22.98,13.22,True,True,True,True,True,False
AST-03189,change_of_mind,phone,london,high,False,False,False,False,32.51,11,False,True,False,False,False,False,27.38,18.98,False,True,False,True,True,False
AST-03190,wrong_item,chat,south,low,False,False,False,True,12.34,33,False,True,False,False,True,False,14.25,8.04,True,True,True,True,False,False
AST-03191,change_of_mind,email,midlands,medium,False,False,False,True,27.01,22,False,True,False,False,False,False,18.29,11.39,False,True,True,True,True,False
AST-03192,missing_refund,email,midlands,high,True,False,True,False,22.62,16,True,True,True,True,True,False,25.23,18.81,True,True,True,True,False,False
AST-03193,late_delivery,chat,north,medium,False,False,False,False,84.57,18,False,True,False,False,False,False,16.86,10.0,True,True,True,True,False,False
AST-03194,late_delivery,phone,midlands,medium,False,False,False,False,27.87,25,False,True,False,False,False,False,17.25,10.76,False,True,True,True,True,False
AST-03195,missing_refund,chat,north,low,False,False,False,False,125.64,27,False,True,False,True,True,False,20.05,11.5,True,True,True,True,False,False
AST-03196,late_delivery,chat,north,low,True,True,False,False,11.31,45,True,True,True,True,False,False,22.89,14.52,True,True,True,True,False,False
AST-03197,missing_refund,email,north,low,False,False,False,False,54.83,22,False,True,False,False,True,False,15.75,8.95,False,True,True,True,True,False
AST-03198,change_of_mind,chat,london,low,False,False,False,True,62.09,16,False,True,True,True,False,False,16.1,10.1,True,True,True,True,False,False
AST-03199,wrong_item,phone,south,high,False,False,False,True,16.73,16,False,True,False,False,True,False,23.16,16.02,True,True,False,True,False,False
AST-03200,change_of_mind,chat,london,medium,True,False,False,False,33.33,27,True,True,True,True,False,False,18.3,11.6,True,True,True,True,False,False
AST-03201,change_of_mind,email,south,low,False,False,False,False,56.88,23,False,True,False,False,False,False,13.84,7.1,True,True,True,True,False,False
AST-03202,damaged_item,email,south,medium,False,False,False,True,321.42,33,True,True,True,True,True,False,20.64,14.58,False,False,True,True,True,True
AST-03203,damaged_item,chat,midlands,medium,False,False,False,True,11.28,69,False,True,False,False,True,False,24.31,15.04,True,True,True,True,False,False
AST-03204,late_delivery,phone,south,medium,False,False,False,False,86.77,13,False,True,False,False,False,False,24.35,14.65,True,True,True,True,False,False
AST-03205,late_delivery,chat,north,high,True,False,False,True,75.14,43,True,True,True,True,False,False,26.57,20.68,False,True,True,True,True,True
AST-03206,damaged_item,phone,london,low,False,False,True,False,107.13,27,False,False,False,True,True,False,17.36,9.71,False,True,True,True,True,False
AST-03207,warranty,phone,south,low,False,False,False,True,56.71,29,True,True,True,True,False,False,20.36,12.88,False,True,True,True,True,False
AST-03208,change_of_mind,chat,north,medium,False,False,False,False,13.57,4,False,True,False,False,False,False,14.21,8.28,True,True,True,True,False,False
AST-03209,wrong_item,phone,south,high,False,False,False,False,175.36,15,False,True,False,True,True,False,21.22,13.47,False,True,True,True,True,False
AST-03210,missing_refund,chat,south,medium,False,False,False,True,22.38,4,False,True,False,False,True,False,20.8,13.24,True,False,True,True,False,True
AST-03211,change_of_mind,chat,london,low,False,False,False,True,57.24,32,False,True,False,False,False,False,12.77,6.12,True,True,False,True,False,False
AST-03212,change_of_mind,chat,north,low,False,False,False,False,20.67,78,False,True,False,False,False,False,14.5,8.28,True,True,True,True,False,True
AST-03213,late_delivery,email,north,high,False,False,False,True,55.21,18,False,True,False,False,False,False,26.5,19.03,True,True,True,True,False,False
AST-03214,damaged_item,chat,midlands,high,False,False,False,False,26.48,40,False,True,False,False,True,False,24.64,16.56,False,False,True,True,True,True
AST-03215,wrong_item,email,midlands,medium,False,False,False,False,17.47,21,False,True,False,False,True,False,19.21,12.06,True,True,True,True,False,False
AST-03216,change_of_mind,email,south,low,False,False,False,True,12.28,13,False,True,True,True,False,False,12.6,7.58,True,True,True,True,False,False
AST-03217,late_delivery,phone,london,high,True,False,False,False,92.12,52,True,True,True,True,False,False,24.24,19.54,True,False,True,True,False,True
AST-03218,late_delivery,chat,london,low,True,False,False,False,36.1,22,True,True,True,True,False,False,19.47,13.32,True,True,True,True,False,False
AST-03219,change_of_mind,email,south,medium,True,False,True,True,92.77,6,True,True,True,True,False,False,24.61,16.46,True,True,True,True,False,False
AST-03220,damaged_item,chat,london,medium,False,False,True,False,34.25,109,False,True,False,False,True,False,18.38,11.54,True,False,True,True,False,True
AST-03221,damaged_item,email,north,medium,False,True,False,False,43.25,7,True,True,True,True,True,False,18.74,12.72,False,True,True,True,True,False
AST-03222,late_delivery,email,north,high,False,False,False,False,59.89,19,False,True,False,False,False,False,24.93,16.51,True,True,True,True,False,False
AST-03223,missing_refund,chat,north,low,True,False,True,True,63.95,13,True,True,True,True,True,False,21.8,14.06,True,True,False,True,False,False
AST-03224,late_delivery,chat,north,medium,False,False,True,False,83.29,24,False,True,False,False,False,False,21.37,11.67,False,True,True,True,True,False
AST-03225,change_of_mind,email,midlands,medium,False,False,True,True,25.78,46,False,True,False,False,False,False,22.52,13.83,True,True,False,True,False,False
AST-03226,wrong_item,chat,north,low,False,False,False,True,26.52,51,False,True,False,False,True,False,15.2,7.73,True,True,False,True,False,False
AST-03227,change_of_mind,chat,london,high,False,False,True,True,37.97,22,False,True,False,False,False,False,32.9,22.85,False,False,True,True,True,True
AST-03228,missing_refund,phone,north,low,True,False,False,False,58.58,20,True,True,True,True,True,False,10.61,7.67,True,True,False,True,False,False
AST-03229,damaged_item,chat,south,low,False,False,False,True,57.34,4,False,True,False,False,True,False,14.29,8.34,True,True,True,True,False,False
AST-03230,damaged_item,phone,london,high,False,False,False,False,24.6,24,False,True,False,False,True,False,27.95,18.93,False,True,False,True,True,False
AST-03231,damaged_item,chat,london,high,False,False,False,False,24.22,28,False,True,False,False,True,False,27.06,18.47,False,True,True,True,True,False
AST-03232,wrong_item,email,midlands,medium,False,False,False,False,10.73,50,False,True,False,False,True,False,20.89,12.49,True,True,True,True,False,False
AST-03233,wrong_item,phone,north,medium,False,False,False,False,59.52,14,False,True,False,False,True,False,21.76,13.45,True,True,True,True,False,False
AST-03234,late_delivery,email,north,high,False,False,False,True,100.96,29,False,True,False,True,False,False,30.29,21.79,True,False,True,True,False,True
AST-03235,change_of_mind,phone,london,low,False,False,False,True,54.08,2,False,True,True,True,False,False,15.91,10.63,True,True,True,True,False,False
AST-03236,late_delivery,chat,london,low,False,False,False,False,54.12,31,False,True,False,False,False,False,17.32,9.84,True,True,True,True,False,False
AST-03237,change_of_mind,phone,london,low,False,False,False,False,8.0,31,False,True,False,False,False,False,13.5,6.67,True,True,True,True,False,False
AST-03238,wrong_item,phone,midlands,low,False,False,False,False,59.03,15,False,True,False,False,True,False,10.67,6.83,True,True,False,True,False,False
AST-03239,late_delivery,chat,midlands,low,False,True,False,False,67.57,35,True,True,True,True,False,False,14.31,11.1,True,True,True,True,False,False
AST-03240,late_delivery,chat,midlands,high,True,False,False,False,26.23,32,True,True,True,True,False,False,28.11,20.92,True,True,True,True,False,False
AST-03241,change_of_mind,phone,london,high,False,False,False,True,85.48,11,False,True,False,False,False,False,26.75,18.25,False,True,True,True,True,False
AST-03242,missing_refund,email,london,medium,False,False,False,False,36.21,26,False,True,False,False,True,False,19.98,12.64,True,True,True,True,False,False
AST-03243,missing_refund,phone,south,medium,False,False,False,True,100.16,30,False,True,True,True,True,False,16.13,11.88,False,True,True,True,True,False
AST-03244,missing_refund,email,south,high,False,False,False,True,39.37,34,False,True,False,False,True,False,24.99,15.73,False,True,True,True,True,False
AST-03245,damaged_item,phone,north,low,False,False,False,True,22.77,49,False,True,True,True,True,False,15.79,10.18,False,True,True,True,True,False
AST-03246,late_delivery,email,midlands,low,False,False,False,False,45.78,33,False,True,False,False,False,False,11.13,6.98,True,True,True,True,False,False
AST-03247,wrong_item,chat,london,medium,False,False,False,False,81.36,24,False,True,False,False,True,False,17.28,10.46,True,True,True,True,False,False
AST-03248,change_of_mind,phone,north,medium,False,False,False,True,33.45,3,False,True,False,False,False,False,25.83,15.17,True,True,True,True,False,True
AST-03249,damaged_item,chat,south,low,False,False,False,True,18.3,4,False,True,False,False,True,False,19.47,11.75,False,False,True,True,True,True
AST-03250,wrong_item,email,london,low,False,False,False,False,32.8,17,False,True,False,False,True,False,14.93,7.34,True,True,True,True,False,False
AST-03251,change_of_mind,email,south,medium,False,False,True,False,13.76,13,False,True,False,False,False,False,21.25,12.56,False,False,True,True,True,True
AST-03252,missing_refund,phone,south,medium,False,False,False,True,53.58,30,False,True,False,False,True,False,20.7,11.59,True,True,True,True,False,False
AST-03253,late_delivery,chat,london,medium,False,False,False,False,10.86,20,False,True,False,False,False,False,17.47,11.12,False,True,True,True,True,False
AST-03254,change_of_mind,email,north,low,False,False,False,False,26.52,32,False,True,False,False,False,False,13.31,7.37,False,True,True,True,True,False
AST-03255,change_of_mind,chat,london,high,True,False,False,True,98.54,49,True,True,True,True,False,False,28.29,22.04,True,True,True,True,False,False
AST-03256,warranty,email,south,low,False,False,False,False,36.96,30,True,True,True,True,False,False,13.61,9.86,True,True,True,True,False,False
AST-03257,change_of_mind,email,london,medium,True,False,False,False,78.99,6,True,True,True,True,False,False,17.61,12.1,True,True,True,True,False,False
AST-03258,change_of_mind,email,london,low,False,False,False,False,36.69,13,False,True,False,False,False,False,13.24,7.88,True,True,True,True,False,False
AST-03259,warranty,chat,london,medium,False,False,False,False,12.47,3,True,True,True,True,False,False,18.21,12.65,True,True,False,True,False,False
AST-03260,damaged_item,phone,london,medium,False,False,False,False,78.86,58,False,True,False,False,True,False,20.33,12.12,True,True,True,True,False,False
AST-03261,damaged_item,chat,north,medium,False,False,False,False,120.1,18,False,True,False,True,True,False,16.91,10.96,True,True,True,True,False,False
AST-03262,wrong_item,phone,south,high,False,False,False,False,27.41,51,False,True,False,False,True,False,23.04,15.11,True,False,True,True,False,True
AST-03263,late_delivery,email,london,high,False,False,False,False,95.39,13,False,True,False,False,False,False,22.78,14.56,True,True,False,True,False,False
AST-03264,late_delivery,chat,north,high,False,False,False,False,50.95,59,False,True,False,False,False,False,24.37,18.6,False,True,True,True,True,True
AST-03265,damaged_item,email,midlands,high,False,True,False,False,16.82,15,True,True,True,True,True,False,20.64,16.06,True,True,True,True,False,False
AST-03266,late_delivery,phone,south,medium,False,False,False,True,11.24,14,False,True,False,False,False,False,23.99,13.9,True,True,True,True,False,False
AST-03267,missing_refund,phone,north,low,False,False,False,False,15.94,9,False,True,False,False,True,False,17.76,10.54,True,True,True,True,False,False
AST-03268,wrong_item,phone,north,low,False,False,False,True,114.98,32,False,True,True,True,True,False,14.29,9.3,True,True,True,True,False,False
AST-03269,change_of_mind,email,south,low,False,False,False,True,8,6,False,True,True,True,False,False,18.19,12.77,False,True,True,True,True,False
AST-03270,change_of_mind,email,london,medium,False,False,False,True,24.22,80,False,True,False,False,False,False,19.2,11.66,False,True,True,True,True,False
AST-03271,late_delivery,email,north,low,False,False,False,True,117.92,27,False,True,False,True,False,False,17.64,8.79,True,True,True,True,False,False
AST-03272,damaged_item,chat,south,low,False,False,False,False,25.54,22,False,True,False,False,True,False,14.51,6.5,True,True,True,True,False,False
AST-03273,change_of_mind,email,london,high,False,False,False,False,69.29,26,False,True,False,False,False,False,25.54,16.99,True,True,True,True,False,False
AST-03274,wrong_item,phone,midlands,low,False,False,False,True,12.98,7,False,True,True,True,True,False,17.43,10.79,True,True,True,True,False,False
AST-03275,damaged_item,chat,midlands,medium,False,False,False,False,70.66,7,False,True,False,False,True,False,19.23,11.51,False,True,True,True,True,False
AST-03276,warranty,phone,south,low,False,False,False,False,34.05,23,True,True,True,True,False,False,11.9,8.56,True,True,True,True,False,False
AST-03277,damaged_item,chat,midlands,low,False,False,False,False,30.33,7,False,True,False,False,True,False,16.78,8.68,True,True,True,True,False,False
AST-03278,change_of_mind,phone,south,high,False,False,True,True,49.17,62,False,True,False,False,False,False,30.53,20.83,False,False,True,True,True,True
AST-03279,damaged_item,phone,south,medium,False,False,False,True,41.07,16,False,True,False,False,True,False,23.58,14.12,False,True,True,True,True,False
AST-03280,damaged_item,chat,north,medium,False,False,False,False,39.02,50,False,True,False,False,True,False,19.18,12.34,True,True,True,True,False,False
AST-03281,late_delivery,chat,midlands,low,False,False,False,False,83.02,3,False,True,False,False,False,False,16.22,8.84,False,True,True,True,True,False
AST-03282,damaged_item,chat,north,low,False,False,False,False,31.81,5,False,True,False,False,True,False,15.63,7.78,True,True,True,True,False,False
AST-03283,missing_refund,chat,south,medium,False,False,False,True,8,10,False,True,False,False,True,False,24.79,15.02,False,True,True,True,True,False
AST-03284,late_delivery,chat,london,medium,False,False,False,False,11.04,40,False,True,False,False,False,False,16.8,9.66,False,True,False,True,True,False
AST-03285,warranty,phone,north,low,False,False,True,False,41.6,16,True,True,True,True,False,False,16.72,11.52,True,True,True,True,False,False
AST-03286,change_of_mind,email,london,medium,False,False,False,True,116.12,18,False,True,False,True,False,False,22.77,13.55,True,True,True,True,False,False
AST-03287,late_delivery,email,south,low,False,False,False,False,54.96,10,False,True,False,False,False,False,15.45,9.2,True,True,True,True,False,False
AST-03288,missing_refund,phone,london,high,False,False,False,False,22.6,9,False,True,False,False,True,False,25.55,17.94,True,True,True,True,False,False
AST-03289,damaged_item,phone,london,medium,False,False,False,False,56.42,13,False,True,False,False,True,False,18.74,11.52,False,True,True,True,True,False
AST-03290,damaged_item,email,north,low,False,False,False,False,57.59,25,False,True,False,False,True,False,21.01,11.22,True,True,True,True,False,False
AST-03291,warranty,phone,north,medium,False,False,False,False,33.97,37,True,True,True,True,False,False,17.0,12.08,True,True,True,True,True,False
AST-03292,missing_refund,email,south,high,False,False,False,False,27.39,32,False,True,False,False,True,False,23.48,16.76,True,True,True,True,False,False
AST-03293,wrong_item,chat,london,low,False,False,True,False,110.39,46,False,True,False,True,True,False,17.42,9.46,False,True,True,True,True,False
AST-03294,missing_refund,email,south,low,False,False,False,False,20.77,27,False,True,False,False,True,False,17.07,8.39,True,True,True,True,False,False
AST-03295,wrong_item,email,south,low,False,False,False,False,29.92,13,False,True,False,False,True,False,10.6,5.32,True,True,False,True,False,False
AST-03296,missing_refund,email,midlands,high,False,False,True,False,23.51,33,False,True,False,False,True,False,30.18,20.79,False,True,True,True,True,False
AST-03297,wrong_item,email,london,low,False,False,False,False,40.22,45,False,True,False,False,True,False,16.6,9.37,True,True,False,True,False,False
AST-03298,missing_refund,chat,london,low,False,False,False,False,8,18,False,True,False,False,True,False,15.67,7.58,True,True,True,True,False,False
AST-03299,change_of_mind,chat,midlands,low,False,False,False,False,27.56,12,False,True,False,False,False,False,16.52,8.66,True,True,True,True,False,False
AST-03300,damaged_item,phone,south,low,False,False,False,False,57.71,10,False,True,False,False,True,False,15.17,7.2,True,True,True,True,True,False
AST-03301,wrong_item,email,london,low,False,False,False,False,57.91,12,False,True,False,False,True,False,15.53,9.28,False,True,True,True,True,False
AST-03302,missing_refund,chat,london,low,False,False,False,False,23.89,16,False,True,False,False,True,False,13.72,6.11,True,True,True,True,False,False
AST-03303,damaged_item,chat,south,high,False,False,False,False,18.84,20,False,True,False,False,True,False,24.22,15.3,True,False,True,True,False,True
AST-03304,wrong_item,chat,midlands,high,False,False,False,False,44.49,9,False,True,False,False,True,False,24.94,17.22,False,False,True,True,True,True
AST-03305,warranty,chat,midlands,low,False,False,False,False,234.03,13,True,True,True,True,False,False,19.1,13.1,False,True,True,True,True,False
AST-03306,change_of_mind,email,midlands,medium,False,False,False,False,101.2,42,False,True,False,True,False,False,19.1,11.09,False,True,True,True,True,False
AST-03307,warranty,email,london,medium,False,True,False,False,35.54,16,True,True,True,True,False,False,14.77,11.25,True,True,True,True,False,False
AST-03308,wrong_item,chat,north,low,False,False,False,True,56.76,33,False,True,True,True,True,False,13.47,9.08,True,True,True,True,False,False
AST-03309,change_of_mind,chat,south,low,False,False,True,False,38.56,24,False,True,False,False,False,False,14.82,7.61,False,True,True,True,True,False
AST-03310,late_delivery,phone,london,medium,False,False,True,False,48.44,53,False,True,False,False,False,False,27.53,17.36,True,True,True,True,False,True
AST-03311,missing_refund,phone,midlands,medium,False,False,False,False,56.86,21,False,True,False,False,True,False,17.62,11.78,True,True,True,True,False,False
AST-03312,damaged_item,chat,london,low,False,False,False,False,91.81,18,False,True,False,False,True,False,19.3,9.63,True,True,True,True,False,False
AST-03313,damaged_item,chat,london,low,False,False,False,False,8.87,44,False,True,False,False,True,False,11.48,5.81,True,True,True,True,False,False
AST-03314,missing_refund,phone,south,low,True,False,False,False,36.1,24,True,True,True,True,True,False,13.16,7.64,False,True,True,True,True,False
AST-03315,missing_refund,phone,south,high,False,False,True,True,40.81,17,False,True,False,False,True,False,29.63,21.24,False,False,True,True,True,True
AST-03316,late_delivery,phone,north,low,False,False,False,True,15.45,22,False,True,False,False,False,False,12.71,7.33,True,True,False,True,False,False
AST-03317,warranty,chat,london,medium,False,False,False,False,37.07,23,True,True,True,True,False,False,18.24,12.95,True,False,True,True,True,True
AST-03318,change_of_mind,email,midlands,high,False,False,False,True,91.87,40,False,True,False,False,False,False,25.51,17.18,True,True,True,True,False,False
AST-03319,change_of_mind,email,south,medium,False,False,False,True,19.77,26,False,True,False,False,False,False,25.38,13.85,True,True,True,True,False,False
AST-03320,late_delivery,chat,south,low,False,False,False,False,9.65,22,False,True,False,False,False,False,14.79,7.93,True,True,True,True,False,False
AST-03321,missing_refund,email,london,low,False,False,False,False,40.93,11,False,True,False,False,True,False,16.34,8.37,True,True,True,True,False,False
AST-03322,late_delivery,email,london,low,False,False,False,False,39.96,21,False,True,False,False,False,False,14.66,7.4,True,True,True,True,False,False
AST-03323,missing_refund,chat,south,low,False,False,False,False,14.59,21,False,True,False,False,True,False,11.76,6.42,True,True,True,True,False,False
AST-03324,change_of_mind,email,north,low,True,False,False,False,17.99,28,True,True,True,True,False,False,14.75,10.36,True,True,True,True,False,False
AST-03325,damaged_item,email,north,high,True,True,True,True,83.28,54,True,True,True,True,True,False,27.15,20.54,False,True,True,True,True,False
AST-03326,damaged_item,email,midlands,low,False,False,False,False,39.75,49,False,True,False,False,True,False,17.32,8.98,True,True,True,True,True,False
AST-03327,change_of_mind,phone,london,high,False,False,False,True,45.79,7,False,True,False,False,False,False,27.72,18.4,True,True,True,True,False,False
AST-03328,change_of_mind,chat,london,medium,False,False,True,True,34.77,33,False,True,False,False,False,False,28.83,17.0,False,True,True,True,True,False
AST-03329,wrong_item,chat,midlands,medium,True,False,False,False,44.06,25,True,True,True,True,True,False,16.63,11.96,True,True,False,True,False,False
AST-03330,wrong_item,chat,london,medium,False,False,False,False,255.77,29,True,True,True,True,True,False,22.51,15.68,True,True,True,True,False,False
AST-03331,missing_refund,email,london,medium,False,False,False,False,54.61,30,False,True,False,False,True,False,21.57,12.39,False,False,True,True,True,True
AST-03332,warranty,email,north,medium,False,False,False,False,63.24,31,True,True,True,True,False,False,17.92,13.24,True,True,True,True,False,False
AST-03333,late_delivery,chat,south,medium,False,False,False,False,31.24,38,False,True,False,False,False,False,17.71,11.86,True,True,True,True,False,False
AST-03334,damaged_item,chat,london,low,False,False,False,False,121.28,41,False,True,False,True,True,False,13.53,7.03,True,True,False,True,True,False
AST-03335,damaged_item,email,london,low,False,False,False,False,25.96,4,False,True,False,False,True,False,13.42,6.33,True,True,False,True,True,False
AST-03336,missing_refund,phone,south,high,True,False,True,True,27.39,34,True,True,True,True,True,False,28.82,21.14,True,False,False,True,False,True
AST-03337,wrong_item,email,north,medium,False,False,False,True,86.13,17,False,True,True,True,True,False,21.69,14.63,True,True,True,True,False,False
AST-03338,damaged_item,email,london,low,False,False,False,False,45.81,26,False,True,False,False,True,False,11.64,6.16,True,False,True,True,False,True
AST-03339,late_delivery,chat,south,low,False,False,False,False,9.1,7,False,True,False,False,False,False,11.93,7.07,True,True,True,True,False,False
AST-03340,change_of_mind,chat,london,high,False,False,False,False,25.7,32,False,True,False,False,False,False,25.28,17.46,True,True,True,True,False,False
AST-03341,late_delivery,email,london,medium,False,False,False,True,85.42,35,False,True,False,False,False,False,22.15,12.43,True,True,True,True,False,False
AST-03342,late_delivery,chat,south,high,False,False,True,False,135.27,32,False,True,False,True,False,False,25.22,17.74,False,False,True,True,True,True
AST-03343,late_delivery,email,south,low,False,False,False,False,22.53,24,False,True,False,False,False,False,11.68,4.8,True,True,True,True,False,False
AST-03344,wrong_item,chat,north,medium,False,True,False,False,43.01,17,True,True,True,True,True,False,20.23,14.96,True,True,True,True,False,False
AST-03345,change_of_mind,chat,south,high,False,False,False,True,14.75,20,False,True,False,False,False,False,24.5,17.51,True,True,True,True,False,False
AST-03346,damaged_item,email,london,high,True,False,False,False,12.87,69,True,True,True,True,True,False,21.04,15.57,False,True,False,True,True,False
AST-03347,late_delivery,phone,north,low,False,False,False,False,24.23,20,False,True,False,False,False,False,15.08,9.33,True,True,True,True,False,False
AST-03348,late_delivery,phone,north,high,False,False,False,True,207.25,8,False,True,False,True,False,False,25.24,17.47,True,False,True,True,False,True
AST-03349,change_of_mind,chat,south,medium,False,False,False,False,61.22,12,False,True,False,False,False,False,22.39,13.48,True,True,True,True,False,False
AST-03350,change_of_mind,phone,london,low,False,False,False,False,59.39,34,False,True,False,False,False,False,17.13,9.85,True,True,True,True,False,False
AST-03351,change_of_mind,chat,midlands,low,False,False,False,False,40.15,61,False,True,False,False,False,False,19.55,11.43,False,True,True,True,True,False
AST-03352,change_of_mind,phone,midlands,medium,False,False,False,False,91.43,33,False,True,False,False,False,False,17.73,11.12,True,True,True,True,False,False
AST-03353,change_of_mind,chat,south,medium,True,False,False,False,39.75,26,True,True,True,True,False,False,21.2,14.39,False,True,False,True,True,False
AST-03354,late_delivery,phone,midlands,medium,False,False,False,False,18.83,23,False,True,False,False,False,False,13.45,8.85,True,True,True,True,False,False
AST-03355,change_of_mind,chat,london,low,False,False,False,False,165.24,38,False,True,False,True,False,False,11.15,6.74,True,True,False,True,False,False
AST-03356,warranty,chat,midlands,high,False,False,False,True,134.35,20,True,False,True,True,False,False,28.98,21.15,False,True,True,True,True,False
AST-03357,damaged_item,email,south,low,False,False,False,False,70.07,12,False,True,False,False,True,False,12.52,7.51,True,True,True,True,True,False
AST-03358,missing_refund,email,midlands,low,False,False,False,False,86.44,21,False,True,False,False,True,False,10.55,5.99,True,True,True,True,False,True
AST-03359,wrong_item,chat,north,low,True,False,False,False,22.73,17,True,True,True,True,True,False,12.45,8.46,True,True,True,True,False,False
AST-03360,warranty,email,midlands,medium,False,False,False,True,48.26,27,True,True,True,True,False,False,20.38,14.3,True,True,True,True,False,False
AST-03361,damaged_item,chat,london,medium,False,False,False,False,9.21,14,False,True,False,False,True,False,15.37,9.31,True,True,True,True,False,False
AST-03362,wrong_item,email,london,medium,False,False,False,False,54.04,29,False,True,False,False,True,False,21.93,13.83,True,True,False,True,False,False
AST-03363,late_delivery,phone,london,low,False,False,False,False,8,27,False,True,False,False,False,False,16.2,9.07,True,True,True,True,False,False
AST-03364,damaged_item,chat,north,medium,False,False,True,False,121.78,39,False,True,False,True,True,False,22.75,14.03,True,True,True,True,False,False
AST-03365,late_delivery,email,midlands,medium,False,False,False,False,40.31,39,False,True,False,False,False,False,24.74,15.23,True,True,True,True,False,False
AST-03366,wrong_item,chat,north,low,False,False,False,False,54.33,20,False,True,False,False,True,False,13.77,7.73,True,True,True,True,False,False
AST-03367,damaged_item,chat,midlands,low,False,True,False,False,52.75,13,True,True,True,True,True,False,18.15,12.74,True,True,True,True,False,False
AST-03368,missing_refund,email,london,high,False,False,True,True,93.45,21,False,True,False,False,True,False,28.24,19.31,False,True,False,True,True,False
AST-03369,missing_refund,email,midlands,low,False,False,False,False,60.72,14,False,True,False,False,True,False,14.79,6.2,True,True,True,True,False,False
AST-03370,damaged_item,chat,midlands,low,False,False,False,False,48.75,53,False,True,False,False,True,False,14.09,6.88,True,True,True,True,False,False
AST-03371,late_delivery,chat,north,medium,False,False,False,True,35.99,13,False,True,False,False,False,False,20.81,12.42,True,True,True,True,False,False
AST-03372,missing_refund,email,south,low,False,False,False,True,50.14,81,False,True,True,True,True,False,16.72,11.29,True,True,True,True,False,False
AST-03373,change_of_mind,email,midlands,medium,False,False,False,False,41.97,28,False,True,False,False,False,False,17.84,10.01,True,True,True,True,False,False
AST-03374,wrong_item,email,midlands,medium,False,False,False,True,20.26,14,False,True,False,False,True,False,22.24,13.12,True,True,True,True,False,False
AST-03375,change_of_mind,chat,london,low,False,False,False,False,22.5,10,False,True,False,False,False,False,17.0,9.02,True,True,True,True,False,False
AST-03376,damaged_item,chat,north,medium,True,False,False,False,32.89,20,True,True,True,True,True,False,21.01,14.15,True,True,True,True,False,False
AST-03377,change_of_mind,email,south,medium,False,False,False,False,61.06,46,False,True,False,False,False,False,24.05,14.14,False,True,True,True,True,True
AST-03378,late_delivery,phone,london,medium,False,False,False,False,79.34,62,False,True,False,False,False,False,22.42,14.37,False,True,False,True,True,False
AST-03379,change_of_mind,phone,north,medium,False,False,False,False,69.95,15,False,True,False,False,False,False,19.35,11.87,True,True,False,True,True,False
AST-03380,late_delivery,email,midlands,medium,False,False,False,False,31.67,2,False,True,False,False,False,False,22.18,14.01,True,True,False,True,True,False
AST-03381,warranty,email,north,low,False,False,False,True,45.39,8,True,True,True,True,False,False,18.89,11.46,True,True,True,True,False,False
AST-03382,wrong_item,chat,london,low,False,False,False,False,32.48,24,False,True,False,False,True,False,9.56,4.72,True,True,True,True,False,False
AST-03383,wrong_item,phone,midlands,low,False,False,False,False,37.56,7,False,True,False,False,True,False,16.25,8.81,True,True,True,True,False,False
AST-03384,late_delivery,chat,north,low,False,False,False,False,72.65,19,False,True,False,False,False,False,17.42,8.91,False,True,True,True,True,False
AST-03385,damaged_item,email,south,low,False,False,False,False,62.01,97,False,True,False,False,True,False,15.31,7.84,True,True,True,True,False,False
AST-03386,warranty,chat,midlands,low,False,False,False,True,59.06,13,True,True,True,True,False,False,10.55,7.5,False,True,False,True,True,False
AST-03387,warranty,chat,south,low,False,False,False,False,54.37,38,True,True,True,True,False,False,12.21,8.86,False,True,True,True,True,False
AST-03388,change_of_mind,phone,midlands,medium,False,False,False,False,137.85,13,False,True,False,True,False,False,26.95,15.01,True,True,False,True,False,False
AST-03389,change_of_mind,phone,south,low,False,False,False,False,52.05,22,False,True,False,False,False,False,17.19,8.49,True,True,True,True,False,False
AST-03390,late_delivery,chat,north,low,False,False,False,True,23.48,51,False,True,False,False,False,False,16.19,8.31,True,False,True,True,False,True
AST-03391,missing_refund,phone,midlands,low,False,False,False,True,11.24,24,False,True,False,False,True,False,17.65,9.78,True,True,True,True,False,False
AST-03392,wrong_item,chat,south,high,False,False,True,True,146.81,32,False,True,False,True,True,False,27.4,18.74,False,True,True,True,True,False
AST-03393,late_delivery,email,south,medium,False,False,True,True,39.08,3,False,True,False,False,False,False,23.04,13.08,True,True,True,True,False,False
AST-03394,change_of_mind,phone,north,medium,False,False,True,True,23.35,10,False,True,True,True,False,False,26.07,18.92,False,False,True,True,True,True
AST-03395,damaged_item,chat,midlands,medium,False,False,False,False,106.5,18,False,True,False,True,True,False,16.66,12.28,True,True,True,True,False,False
AST-03396,late_delivery,chat,london,medium,False,False,True,True,78.08,23,False,True,False,False,False,False,23.18,12.97,True,True,True,True,False,False
AST-03397,late_delivery,phone,midlands,medium,False,False,False,False,49.4,17,False,True,False,False,False,False,17.53,11.72,True,True,True,True,False,False
AST-03398,wrong_item,chat,midlands,high,False,False,False,False,75.57,12,False,True,False,False,True,False,21.49,15.46,True,True,True,True,False,False
AST-03399,change_of_mind,phone,midlands,high,False,False,False,False,45.06,28,False,True,False,False,False,False,21.36,13.53,True,True,False,True,False,False
AST-03400,late_delivery,chat,north,medium,False,False,False,False,32.3,27,False,True,False,False,False,False,20.15,12.07,True,True,True,True,False,False
AST-03401,change_of_mind,email,south,low,False,False,False,False,23.52,17,False,True,False,False,False,False,19.73,11.67,True,True,True,True,False,False
AST-03402,wrong_item,phone,midlands,medium,True,False,False,False,28.23,34,True,True,True,True,True,False,17.87,12.9,False,True,True,True,True,False
AST-03403,late_delivery,phone,south,low,False,False,True,False,43.07,9,False,True,False,False,False,False,11.36,7.39,True,True,True,True,False,False
AST-03404,wrong_item,phone,london,medium,False,False,False,False,11.07,76,False,True,False,False,True,False,18.54,11.17,True,False,True,True,False,True
AST-03405,change_of_mind,chat,london,medium,False,False,False,True,41.15,37,False,True,False,False,False,False,20.3,11.67,True,False,True,True,False,True
AST-03406,damaged_item,chat,midlands,low,False,False,False,True,50.76,80,False,True,False,False,True,False,16.65,7.97,False,True,True,True,True,False
AST-03407,damaged_item,email,south,low,True,False,False,False,13.67,14,True,True,True,True,True,False,13.78,9.04,True,True,True,True,False,False
AST-03408,missing_refund,chat,london,low,False,False,False,True,23.78,23,False,True,False,False,True,False,18.05,11.69,True,True,True,True,True,False
AST-03409,wrong_item,chat,midlands,high,True,True,True,False,68.53,13,True,False,True,True,True,False,29.85,21.87,False,False,True,True,True,True
AST-03410,wrong_item,chat,north,medium,False,False,False,True,38.93,7,False,True,True,True,True,False,23.36,16.17,False,True,False,True,True,False
AST-03411,wrong_item,chat,north,high,False,False,True,False,42.07,39,False,True,False,False,True,False,23.59,14.7,False,True,False,True,True,False
AST-03412,damaged_item,email,midlands,medium,False,False,False,True,41.89,10,False,True,False,False,True,False,18.2,11.34,False,True,True,True,True,False
AST-03413,change_of_mind,chat,midlands,medium,False,False,False,False,40.18,51,False,True,False,False,False,False,20.69,13.8,False,True,True,True,True,False
AST-03414,damaged_item,phone,midlands,medium,False,False,True,False,38.88,10,False,True,False,False,True,False,20.79,13.25,True,True,True,True,False,False
AST-03415,late_delivery,phone,north,medium,False,False,True,False,15.24,28,False,True,False,False,False,False,22.47,13.19,False,True,True,True,True,False
AST-03416,damaged_item,chat,london,low,False,False,False,False,76.1,49,False,True,False,False,True,False,13.61,8.8,True,True,True,False,False,True
AST-03417,damaged_item,phone,south,high,False,False,False,False,68.13,11,False,True,False,False,True,False,28.22,19.27,False,False,False,True,True,True
AST-03418,late_delivery,email,north,medium,False,False,False,True,31.05,24,False,False,False,False,False,False,19.15,11.42,True,True,True,False,False,False
AST-03419,warranty,email,midlands,medium,True,False,True,True,72.22,11,True,True,True,True,False,False,23.39,16.26,False,True,True,True,True,False
AST-03420,wrong_item,phone,london,medium,True,False,False,False,32.77,17,True,True,True,True,True,False,20.25,13.93,False,True,True,True,True,False
AST-03421,late_delivery,chat,london,medium,False,False,False,True,44.72,44,False,True,False,False,False,False,18.0,11.97,False,True,True,True,True,False
AST-03422,change_of_mind,email,midlands,low,False,False,False,False,58.12,55,False,True,False,False,False,False,16.99,10.67,True,True,True,True,False,False
AST-03423,change_of_mind,chat,london,low,False,False,False,False,41.71,10,False,True,False,False,False,False,14.11,7.97,True,True,True,True,False,False
AST-03424,damaged_item,email,london,medium,False,False,False,False,92.29,15,False,True,False,False,True,False,17.07,10.15,True,True,True,True,False,False
AST-03425,missing_refund,email,south,low,True,False,False,True,19.98,27,True,True,True,True,True,False,15.79,10.97,True,True,True,True,False,False
AST-03426,change_of_mind,phone,south,low,False,False,False,False,34.22,7,False,True,False,False,False,False,16.3,8.18,False,True,False,True,True,False
AST-03427,late_delivery,phone,london,low,False,False,False,False,73.19,7,False,True,False,False,False,False,12.45,6.99,True,True,True,True,False,True
AST-03428,damaged_item,chat,london,medium,False,False,True,False,45.9,25,False,True,False,False,True,False,24.0,14.06,True,True,True,True,False,False
AST-03429,damaged_item,chat,south,medium,False,False,False,True,36.83,6,False,True,False,False,True,False,21.44,11.91,False,True,True,True,True,False
AST-03430,wrong_item,chat,south,low,True,False,False,False,29.99,29,True,True,True,True,True,False,11.73,8.16,True,True,True,True,False,False
AST-03431,change_of_mind,chat,north,low,False,False,False,True,35.09,16,False,True,False,False,False,False,16.56,8.88,True,True,True,True,False,False
AST-03432,change_of_mind,phone,north,low,False,False,False,False,83.83,43,False,True,False,False,False,False,15.1,9.1,False,True,True,True,True,False
AST-03433,change_of_mind,chat,midlands,low,False,False,False,False,31.46,7,False,True,False,False,False,False,18.04,11.59,True,True,False,True,False,False
AST-03434,wrong_item,email,midlands,high,False,False,False,True,36.53,15,False,True,False,False,True,False,22.33,16.79,False,True,True,True,True,False
AST-03435,damaged_item,phone,north,low,False,False,False,False,8,26,False,True,False,False,True,False,9.96,4.8,True,True,True,True,False,False
AST-03436,change_of_mind,chat,south,low,False,False,False,False,26.54,14,False,True,False,False,False,False,17.05,10.56,False,True,True,True,True,False
AST-03437,wrong_item,email,north,high,False,False,False,False,59.14,5,False,True,False,False,True,False,21.58,15.98,True,True,True,True,False,False
AST-03438,late_delivery,email,south,low,False,False,False,True,52.47,30,False,True,False,False,False,False,16.12,9.0,True,True,True,True,False,False
AST-03439,damaged_item,chat,north,high,False,False,False,True,13.43,12,False,True,False,False,True,False,27.48,19.8,True,False,True,True,False,True
AST-03440,damaged_item,phone,south,medium,False,False,False,False,54.93,37,False,True,False,False,True,False,15.62,9.24,True,True,True,True,False,False
AST-03441,missing_refund,phone,north,medium,False,False,False,False,17.09,28,False,True,False,False,True,False,18.43,11.88,True,False,True,True,False,True
AST-03442,late_delivery,chat,north,low,False,False,False,False,69.94,11,False,True,False,False,False,False,14.95,8.86,True,True,True,True,False,False
AST-03443,change_of_mind,phone,south,low,False,False,False,True,22.72,7,False,True,False,False,False,False,12.26,8.07,True,True,True,True,False,False
AST-03444,late_delivery,chat,london,low,False,False,False,False,119.49,15,False,True,False,True,False,False,18.11,8.47,True,True,True,True,False,False
AST-03445,late_delivery,chat,midlands,low,False,False,False,False,73.59,51,False,True,False,False,False,False,13.83,7.45,True,True,True,True,False,False
AST-03446,missing_refund,chat,south,medium,False,False,False,True,31.98,22,False,True,True,True,True,False,16.78,11.52,False,False,True,True,True,True
AST-03447,wrong_item,phone,london,low,False,False,False,False,50.33,45,False,True,False,False,True,False,13.75,7.2,True,True,True,True,False,False
AST-03448,late_delivery,chat,london,low,False,False,False,False,68.09,33,False,True,False,False,False,False,15.8,8.14,True,True,False,True,False,False
AST-03449,missing_refund,email,north,medium,True,True,False,True,26.36,21,True,True,True,True,True,False,15.66,11.87,True,True,False,True,False,False
AST-03450,change_of_mind,chat,midlands,medium,False,False,False,True,87.72,17,False,True,False,False,False,False,18.31,10.39,False,True,True,True,True,False
AST-03451,damaged_item,phone,north,low,False,False,False,False,108.69,21,False,True,False,True,True,False,15.87,7.46,True,True,True,True,False,False
AST-03452,late_delivery,email,london,high,False,False,False,False,87.73,9,False,True,False,False,False,False,25.52,18.44,False,True,True,True,True,False
AST-03453,wrong_item,email,midlands,low,True,False,True,False,26.43,48,True,True,True,True,True,False,18.3,10.62,True,True,True,True,False,True
AST-03454,damaged_item,email,north,low,True,False,False,True,40.94,44,True,True,True,True,True,False,16.96,11.29,True,True,True,True,False,False
AST-03455,late_delivery,phone,midlands,high,False,False,False,False,43.44,36,False,True,False,False,False,False,20.29,13.79,False,True,True,True,True,False
AST-03456,damaged_item,chat,london,low,False,False,False,True,70.82,18,False,True,False,False,True,False,14.22,8.06,True,True,True,True,False,False
AST-03457,change_of_mind,chat,london,high,True,False,False,False,68.1,22,True,True,True,True,False,False,26.13,19.75,False,True,True,True,True,False
AST-03458,damaged_item,chat,north,medium,True,False,False,False,14.63,24,True,True,True,True,True,False,17.76,12.06,True,True,True,True,False,False
AST-03459,warranty,email,london,low,False,False,False,False,28.19,22,True,True,True,True,False,False,15.44,10.14,True,False,True,True,False,True
AST-03460,damaged_item,phone,london,low,True,False,False,False,67.81,32,True,True,True,True,True,False,13.64,10.77,True,True,True,True,False,False
AST-03461,warranty,email,north,high,False,True,True,True,31.53,38,True,True,True,True,False,False,31.52,23.41,True,True,True,True,True,False
AST-03462,late_delivery,email,midlands,low,False,False,False,True,34.84,48,False,True,False,False,False,False,15.6,9.4,True,True,True,True,False,False
AST-03463,damaged_item,phone,south,low,False,False,False,False,18.06,2,False,True,False,False,True,False,12.52,7.13,True,True,True,True,False,False
AST-03464,wrong_item,email,north,low,False,False,False,False,17.47,28,False,True,False,False,True,False,12.04,7.0,True,True,True,True,False,False
AST-03465,change_of_mind,chat,midlands,medium,False,False,False,True,29.95,40,False,False,False,False,False,False,17.8,11.02,True,True,True,True,False,False
AST-03466,change_of_mind,phone,london,low,False,False,True,False,37.22,46,False,True,False,False,False,False,13.56,7.48,True,True,True,True,False,False
AST-03467,missing_refund,chat,north,medium,False,False,False,True,18.4,23,False,True,False,False,True,False,21.29,13.4,False,False,True,True,True,True
AST-03468,change_of_mind,email,south,low,True,False,False,False,162.94,22,True,True,True,True,False,False,14.83,9.88,True,True,True,True,False,False
AST-03469,late_delivery,chat,london,low,False,False,False,False,48.69,4,False,True,False,False,False,False,17.92,9.74,True,True,True,True,False,False
AST-03470,warranty,email,london,low,False,False,True,False,46.96,10,True,True,True,True,False,False,13.35,8.27,True,True,True,True,False,False
AST-03471,late_delivery,chat,london,low,True,False,False,False,54.54,33,True,True,True,True,False,False,16.17,10.9,True,True,True,True,False,False
AST-03472,late_delivery,email,north,medium,False,False,False,True,13.47,22,False,True,False,False,False,False,20.91,13.49,True,False,True,True,False,True
AST-03473,warranty,phone,midlands,medium,True,False,False,False,78.93,18,True,True,True,True,False,False,18.91,15.2,False,False,True,True,True,True
AST-03474,change_of_mind,email,south,medium,True,False,False,False,80.56,21,True,True,True,True,False,False,21.43,14.95,True,True,True,True,False,False
AST-03475,wrong_item,email,london,medium,False,False,False,False,26.78,106,False,True,False,False,True,False,17.88,10.36,True,True,True,True,False,False
AST-03476,change_of_mind,chat,midlands,high,False,False,False,False,83.03,18,False,True,False,False,False,False,26.44,19.43,False,False,True,True,True,True
AST-03477,wrong_item,chat,north,medium,True,False,True,False,96.06,65,True,True,True,True,True,False,20.86,14.72,False,True,True,True,True,False
AST-03478,late_delivery,email,north,medium,False,False,False,False,24.47,54,False,True,False,False,False,False,17.24,9.54,False,True,True,True,True,False
AST-03479,damaged_item,phone,midlands,high,False,False,False,True,76.45,45,False,True,False,False,True,False,22.3,15.33,True,True,True,True,False,False
AST-03480,wrong_item,chat,midlands,low,False,False,False,False,18.53,40,False,True,False,False,True,False,13.98,6.85,False,True,True,True,True,False
AST-03481,missing_refund,chat,london,medium,False,False,False,False,75.22,16,False,True,False,False,True,False,17.58,11.56,True,True,True,True,False,False
AST-03482,missing_refund,chat,north,low,False,False,False,True,97.45,40,False,True,True,True,True,False,21.71,13.28,True,True,True,True,False,False
AST-03483,damaged_item,email,south,low,False,False,False,False,146.36,7,False,True,False,True,True,False,12.54,6.65,False,True,True,True,True,False
AST-03484,damaged_item,email,london,low,False,False,False,False,13.48,11,False,True,False,False,True,False,17.53,9.29,True,True,True,True,False,False
AST-03485,late_delivery,email,south,low,False,False,False,False,30.41,13,False,True,False,False,False,False,13.79,7.93,True,True,True,True,False,False
AST-03486,wrong_item,email,midlands,high,False,False,True,False,47.76,15,False,True,False,False,True,False,29.48,20.29,True,False,True,True,False,True
AST-03487,late_delivery,chat,london,medium,False,False,False,False,54.94,12,False,True,False,False,False,False,22.34,13.94,True,False,True,True,False,True
AST-03488,missing_refund,phone,south,low,True,False,False,False,30.46,21,True,True,True,True,True,False,14.22,10.86,False,True,True,True,True,False
AST-03489,change_of_mind,chat,north,low,False,False,False,False,22.69,20,False,True,False,False,False,False,12.01,7.09,True,True,True,True,False,False
AST-03490,damaged_item,chat,south,medium,False,True,False,True,76.61,43,True,True,True,True,True,False,16.62,12.45,True,True,True,True,False,False
AST-03491,warranty,chat,north,medium,False,False,False,False,42.58,9,True,True,True,True,False,False,15.33,10.35,True,True,False,True,False,False
AST-03492,missing_refund,chat,south,low,False,False,False,False,26.83,27,False,True,False,False,True,False,15.49,7.83,True,True,True,True,False,False
AST-03493,wrong_item,email,south,medium,False,False,False,False,27.67,14,False,True,False,False,True,False,22.76,13.92,True,True,True,True,False,True
AST-03494,missing_refund,chat,midlands,medium,False,False,False,False,15.76,15,False,True,False,False,True,False,21.37,14.52,True,True,True,True,False,False
AST-03495,warranty,chat,north,medium,False,False,False,False,9.12,24,True,True,True,True,False,False,20.9,14.97,False,True,True,True,True,False
AST-03496,wrong_item,phone,south,low,False,False,True,True,40.73,20,False,True,False,False,True,False,22.79,11.76,True,True,True,True,False,False
AST-03497,wrong_item,phone,north,low,False,False,False,False,49.11,20,False,True,False,False,True,False,15.27,7.36,True,True,True,True,False,False
AST-03498,change_of_mind,phone,north,high,False,False,False,False,77.98,31,False,True,False,False,False,False,22.48,14.37,True,True,False,True,False,False
AST-03499,late_delivery,phone,north,low,False,False,False,True,85.41,49,False,True,False,False,False,False,18.62,11.24,True,True,True,True,False,False
AST-03500,late_delivery,phone,midlands,low,False,False,False,False,40.12,18,False,True,False,False,False,False,12.25,7.0,True,True,True,True,False,False
AST-03501,late_delivery,chat,midlands,low,False,False,False,True,61.12,25,False,True,True,True,False,False,19.73,12.59,True,True,False,True,False,False
AST-03502,damaged_item,chat,south,medium,False,False,False,False,71.83,37,False,True,False,False,True,False,18.15,11.8,True,False,True,True,False,True
AST-03503,warranty,chat,london,low,False,False,False,False,32.37,15,True,True,True,True,False,False,18.31,12.85,True,True,True,True,False,False
AST-03504,late_delivery,phone,south,low,False,False,False,True,29.74,32,False,True,False,False,False,False,16.09,8.64,False,True,True,True,True,False
AST-03505,warranty,email,south,medium,True,False,True,False,18.29,13,True,True,True,True,False,False,19.68,14.17,False,True,True,True,True,False
AST-03506,damaged_item,chat,midlands,low,False,False,False,False,16.25,6,False,True,False,False,True,False,16.7,10.1,False,True,True,True,True,False
AST-03507,wrong_item,chat,north,low,False,False,False,False,30.68,49,False,True,False,False,True,False,14.98,7.75,True,True,True,True,False,False
AST-03508,change_of_mind,email,south,low,False,False,True,False,72.86,42,False,True,False,False,False,False,16.76,9.42,True,True,True,True,True,False
AST-03509,late_delivery,email,london,medium,False,False,False,True,24.18,18,False,True,False,False,False,False,22.52,13.62,False,True,True,True,True,False
AST-03510,late_delivery,chat,south,low,False,False,False,False,41.15,20,False,True,False,False,False,False,15.83,8.03,True,True,True,True,False,False
AST-03511,wrong_item,phone,midlands,medium,False,False,True,True,29.78,17,False,True,False,False,True,False,26.61,16.06,False,True,True,True,True,False
AST-03512,change_of_mind,email,north,low,False,False,False,False,26.03,16,False,True,False,False,False,False,14.34,8.12,True,True,True,True,False,False
AST-03513,change_of_mind,email,london,low,False,False,False,False,173.37,36,False,True,False,True,False,False,11.83,6.39,True,True,True,True,False,False
AST-03514,damaged_item,email,south,low,False,False,False,False,56.83,11,False,True,False,False,True,False,19.12,9.12,True,True,True,True,False,False
AST-03515,late_delivery,email,south,low,False,False,False,False,8.12,23,False,True,False,False,False,False,16.1,7.21,False,True,False,True,True,False
AST-03516,late_delivery,email,midlands,low,False,False,False,False,46.92,37,False,True,False,False,False,False,19.05,10.45,True,True,True,True,False,False
AST-03517,missing_refund,email,north,high,True,False,False,False,117.1,33,True,True,True,True,True,False,27.66,21.13,True,True,False,True,False,False
AST-03518,late_delivery,phone,south,low,True,False,True,False,77.84,15,True,True,True,True,False,False,18.22,13.88,True,True,True,True,False,False
AST-03519,wrong_item,chat,south,low,False,False,False,False,14.72,61,False,True,False,False,True,False,12.69,6.64,True,True,True,True,False,False
AST-03520,late_delivery,email,north,medium,False,False,False,True,8,90,False,True,False,False,False,False,20.03,12.59,False,True,True,True,True,False
AST-03521,damaged_item,phone,north,medium,False,False,False,False,47.34,40,False,True,False,False,True,False,16.86,10.56,True,True,False,True,False,False
AST-03522,late_delivery,email,london,medium,False,False,False,False,43.43,14,False,True,False,False,False,False,15.13,8.75,True,False,True,True,False,True
AST-03523,late_delivery,email,london,low,False,False,False,True,28.77,25,False,True,True,True,False,False,14.57,8.8,True,True,True,True,False,False
AST-03524,damaged_item,email,london,low,False,False,False,False,33.97,20,False,True,False,False,True,False,17.81,9.37,True,True,True,True,False,False
AST-03525,warranty,chat,midlands,medium,False,False,True,True,258.65,42,True,False,True,True,False,False,24.98,15.48,True,True,True,True,False,False
AST-03526,warranty,phone,south,medium,False,False,False,False,52.06,16,True,True,True,True,False,False,17.07,10.2,False,True,True,True,True,False
AST-03527,change_of_mind,email,london,low,False,False,False,True,29.14,69,False,True,False,False,False,False,15.07,9.35,True,False,False,True,False,True
AST-03528,missing_refund,email,north,medium,False,False,False,True,35.38,43,False,True,True,True,True,False,21.23,14.78,True,True,True,True,False,False
AST-03529,late_delivery,email,midlands,medium,False,False,False,False,46.19,41,False,True,False,False,False,False,16.97,10.29,True,True,True,True,False,False
AST-03530,wrong_item,chat,south,medium,False,False,False,False,45.97,41,False,True,False,False,True,False,19.44,12.34,True,True,False,True,False,False
AST-03531,late_delivery,phone,north,low,False,False,False,False,12.92,20,False,True,False,False,False,False,12.64,6.14,True,True,True,True,False,False
AST-03532,missing_refund,email,south,medium,False,False,False,True,33.55,17,False,True,False,False,True,False,23.17,14.76,True,True,True,True,False,False
AST-03533,damaged_item,chat,south,low,False,False,False,False,20.38,4,False,True,False,False,True,False,14.25,8.52,True,True,True,True,False,False
AST-03534,wrong_item,phone,midlands,low,False,False,False,False,16.78,25,False,True,False,False,True,False,12.21,5.84,True,True,False,True,False,False
AST-03535,change_of_mind,phone,north,low,False,False,False,False,59.35,15,False,True,False,False,False,False,10.71,5.92,True,True,True,True,False,False
AST-03536,late_delivery,email,midlands,high,False,False,False,False,52.14,20,False,False,False,False,False,False,20.18,14.18,False,True,False,True,True,False
AST-03537,late_delivery,phone,north,low,False,False,False,False,58.05,34,False,True,False,False,False,False,19.93,11.93,True,True,True,True,False,False
AST-03538,change_of_mind,phone,south,low,False,False,False,False,35.38,21,False,True,False,False,False,False,18.75,10.76,True,True,True,True,False,False
AST-03539,change_of_mind,chat,midlands,medium,False,False,False,False,24.51,5,False,True,False,False,False,False,20.99,12.85,False,True,True,True,True,False
AST-03540,late_delivery,chat,london,medium,False,False,True,False,14.73,23,False,True,False,False,False,False,23.24,15.02,False,True,False,True,True,False
AST-03541,change_of_mind,email,london,medium,False,False,False,False,24.52,6,False,True,False,False,False,False,13.14,7.76,True,True,True,True,False,False
AST-03542,change_of_mind,phone,north,medium,False,True,False,False,270.08,37,True,True,True,True,False,False,18.55,14.02,True,True,True,True,False,False
AST-03543,damaged_item,phone,london,medium,False,True,False,False,18.11,30,True,True,True,True,True,False,18.16,13.83,False,True,True,True,True,False
AST-03544,late_delivery,chat,south,low,False,False,False,True,51.25,6,False,True,True,True,False,False,19.12,13.07,True,True,True,True,False,False
AST-03545,damaged_item,chat,london,low,False,False,False,True,29.0,9,False,True,False,False,True,False,11.95,7.58,False,True,True,True,True,False
AST-03546,damaged_item,phone,south,high,True,False,False,True,70.58,12,True,True,True,True,True,False,25.49,19.66,False,True,False,True,True,False
AST-03547,change_of_mind,chat,south,high,False,False,True,True,75.18,9,False,True,False,False,False,False,31.31,21.39,True,False,True,True,False,True
AST-03548,warranty,email,south,high,True,False,False,False,65.42,7,True,True,False,False,False,False,19.29,12.98,True,False,True,True,False,True
AST-03549,wrong_item,phone,midlands,medium,False,False,False,True,35.49,12,False,True,False,False,True,False,24.43,13.8,True,True,True,True,False,False
AST-03550,damaged_item,chat,london,low,False,False,False,False,53.85,41,False,True,False,False,True,False,13.66,6.91,False,True,True,True,True,False
AST-03551,warranty,email,south,low,False,False,False,True,39.4,20,True,True,True,True,False,False,16.48,10.59,True,True,True,True,False,False
AST-03552,wrong_item,chat,midlands,high,False,True,False,False,32.24,21,True,True,True,True,True,False,22.64,18.94,False,True,True,True,True,False
AST-03553,damaged_item,email,north,medium,False,False,False,True,158.21,13,False,True,False,True,True,False,22.58,13.01,False,True,True,True,True,False
AST-03554,change_of_mind,phone,north,low,False,False,False,False,42.14,36,False,True,False,False,False,False,13.15,7.54,False,False,True,True,True,True
AST-03555,warranty,phone,london,low,False,False,False,False,33.72,28,True,True,True,True,False,False,15.07,11.59,True,True,True,True,False,False
AST-03556,wrong_item,phone,london,low,False,False,False,False,20.38,45,False,True,False,False,True,False,13.73,8.54,True,True,True,True,False,False
AST-03557,missing_refund,chat,midlands,low,False,False,False,False,8,16,False,True,False,False,True,False,15.52,8.49,True,True,True,True,False,False
AST-03558,wrong_item,email,south,medium,False,True,False,False,34.67,8,True,True,True,True,True,False,21.62,15.0,True,False,True,True,False,True
AST-03559,missing_refund,phone,london,medium,False,False,False,True,29.06,28,False,True,False,False,True,False,21.31,13.19,True,False,True,True,False,True
AST-03560,late_delivery,phone,south,medium,False,True,False,False,51.19,26,True,True,True,True,False,False,15.8,11.56,False,True,True,True,True,True
AST-03561,change_of_mind,email,north,medium,False,False,False,False,59.7,22,False,True,False,False,False,False,18.04,11.15,False,True,True,True,True,False
AST-03562,change_of_mind,chat,north,medium,False,False,False,False,78.7,10,False,True,False,False,False,False,22.23,13.21,True,True,True,True,False,False
AST-03563,late_delivery,phone,south,medium,False,True,False,False,179.26,6,True,False,True,True,False,False,23.04,16.75,True,True,True,True,False,False
AST-03564,late_delivery,chat,london,low,True,False,False,False,59.65,9,True,True,True,True,False,False,15.53,11.56,True,True,True,True,False,False
AST-03565,damaged_item,phone,north,medium,False,True,False,True,23.7,36,True,True,True,True,True,False,22.67,15.19,True,True,True,True,False,False
AST-03566,warranty,chat,midlands,medium,False,False,False,False,256.58,29,True,True,True,True,False,False,22.52,15.67,True,False,True,True,False,True
AST-03567,damaged_item,chat,london,medium,False,True,False,False,37.9,44,True,True,True,True,True,False,18.81,12.38,True,True,True,True,False,False
AST-03568,change_of_mind,chat,south,high,False,False,True,True,94.71,50,False,True,False,False,False,False,28.12,18.69,True,False,True,True,False,True
AST-03569,late_delivery,phone,north,low,False,False,False,False,68.63,18,False,True,False,False,False,False,19.19,11.64,True,True,True,True,False,False
AST-03570,wrong_item,chat,midlands,medium,False,False,False,True,21.54,15,False,True,False,False,True,False,19.36,11.85,True,True,False,True,False,False
AST-03571,wrong_item,chat,north,medium,False,False,False,False,12.09,105,False,True,False,False,True,False,23.26,14.47,False,True,True,True,True,True
AST-03572,wrong_item,chat,london,low,False,False,False,False,27.59,16,False,True,False,False,True,False,12.77,6.44,True,True,True,True,False,False
AST-03573,late_delivery,chat,north,low,False,False,False,False,68.4,60,False,True,False,False,False,False,15.28,6.34,False,True,True,True,True,False
AST-03574,missing_refund,chat,south,low,False,False,False,False,25.42,55,False,True,False,False,True,False,16.51,9.9,True,True,True,True,False,False
AST-03575,change_of_mind,phone,south,low,False,False,False,False,65.7,34,False,True,False,False,False,False,13.82,6.52,True,True,True,True,False,False
AST-03576,change_of_mind,phone,london,high,False,False,True,False,33.36,19,False,True,False,False,False,False,28.84,19.6,True,True,True,True,False,False
AST-03577,late_delivery,chat,north,low,False,False,False,False,111.89,15,False,True,False,True,False,False,13.23,7.63,True,True,True,True,False,False
AST-03578,change_of_mind,chat,north,medium,False,False,False,False,19.13,48,False,True,False,False,False,False,20.03,12.66,True,True,False,True,False,False
AST-03579,late_delivery,email,south,low,False,False,False,False,80.76,37,False,True,False,False,False,False,18.54,9.84,True,True,True,True,False,False
AST-03580,late_delivery,email,midlands,high,False,False,False,False,144.58,13,False,True,False,True,False,False,24.91,16.26,True,True,True,True,False,False
AST-03581,late_delivery,chat,south,high,False,False,True,True,10.33,20,False,True,True,True,False,False,27.75,21.92,True,True,True,True,False,False
AST-03582,late_delivery,email,north,low,False,False,False,False,57.91,43,False,True,False,False,False,False,12.16,6.97,True,False,False,True,False,True
AST-03583,wrong_item,email,london,medium,False,False,False,False,10.61,87,False,True,False,False,True,False,16.05,10.07,True,False,True,True,False,True
AST-03584,late_delivery,phone,london,high,False,False,False,False,22.96,35,False,True,False,False,False,False,26.26,16.85,True,False,True,True,False,True
AST-03585,warranty,email,north,low,False,False,False,False,58.23,57,True,True,True,True,False,False,13.9,9.77,True,True,True,True,False,False
AST-03586,missing_refund,email,london,medium,False,False,False,False,17.94,32,False,True,False,False,True,False,17.95,11.99,True,True,True,True,False,True
AST-03587,warranty,chat,south,medium,False,True,False,True,19.84,13,True,True,True,True,False,False,22.87,15.9,True,True,True,True,False,False
AST-03588,wrong_item,email,north,medium,False,False,False,False,15.06,15,False,True,False,False,True,False,21.5,11.44,False,True,True,True,True,False
AST-03589,damaged_item,chat,south,high,False,False,False,True,44.75,43,False,True,False,False,True,False,25.27,16.89,False,True,True,True,True,False
AST-03590,warranty,chat,north,medium,False,False,False,False,78.69,56,True,True,True,True,False,False,22.59,16.19,True,True,True,True,False,False
AST-03591,change_of_mind,chat,london,high,False,False,False,False,89.12,19,False,True,False,False,False,False,23.95,15.74,True,False,True,True,False,True
AST-03592,damaged_item,email,london,low,False,False,False,True,53.58,63,False,True,False,False,True,False,19.65,12.39,True,True,True,True,False,False
AST-03593,late_delivery,email,north,low,False,False,False,False,21.53,16,False,True,False,False,False,False,15.51,8.85,False,True,True,True,True,False
AST-03594,wrong_item,chat,london,low,False,False,False,False,57.49,4,False,True,False,False,True,False,13.46,6.59,True,True,True,True,False,False
AST-03595,change_of_mind,chat,london,medium,False,False,False,False,41.17,17,False,True,False,False,False,False,18.66,12.88,False,True,True,True,True,False
AST-03596,damaged_item,email,midlands,low,False,True,False,False,82.88,27,True,True,True,True,True,False,13.88,8.8,False,True,True,True,True,False
AST-03597,late_delivery,phone,london,medium,False,False,True,False,20.23,8,False,True,False,False,False,False,19.59,11.32,True,False,False,True,False,True
AST-03598,missing_refund,email,london,low,False,False,False,False,44.91,37,False,True,False,False,True,False,18.43,10.8,True,True,False,True,False,True
AST-03599,change_of_mind,chat,south,high,False,False,True,True,22.06,18,False,True,False,False,False,False,25.94,17.17,False,True,True,True,True,False
AST-03600,warranty,phone,south,medium,False,False,True,False,24.49,22,True,True,True,True,False,False,27.4,18.1,False,True,True,True,True,False
AST-03601,late_delivery,email,midlands,low,False,False,False,False,37.55,26,False,True,False,False,False,False,13.44,7.68,True,True,True,True,False,False
AST-03602,wrong_item,email,london,low,False,False,False,True,36.75,43,False,True,True,True,True,False,21.4,13.29,True,True,True,True,False,False
AST-03603,late_delivery,phone,north,low,True,False,False,True,73.56,29,True,True,True,True,False,False,19.92,12.07,True,True,True,True,True,False
AST-03604,damaged_item,phone,south,low,False,False,False,False,74.52,23,False,True,False,False,True,False,11.12,5.37,True,True,True,True,False,False
AST-03605,missing_refund,chat,london,medium,False,False,False,True,58.11,14,False,True,False,False,True,False,20.71,13.12,True,False,True,True,False,True
AST-03606,damaged_item,chat,midlands,high,False,False,True,True,99.08,9,False,True,False,False,True,False,28.64,18.59,True,True,True,True,False,False
AST-03607,change_of_mind,phone,north,medium,False,False,False,False,28.59,21,False,True,False,False,False,False,15.56,10.84,True,True,False,True,False,False
AST-03608,change_of_mind,phone,london,low,False,False,False,False,36.79,16,False,True,False,False,False,False,14.55,6.83,True,True,True,True,True,False
AST-03609,wrong_item,phone,midlands,low,False,False,False,False,82.19,9,False,True,False,False,True,False,15.58,8.18,True,True,True,True,False,False
AST-03610,wrong_item,chat,south,medium,False,False,False,False,150.74,4,False,True,False,True,True,False,18.43,12.37,True,True,True,True,False,False
AST-03611,missing_refund,email,midlands,low,True,False,False,False,33.88,3,True,True,True,True,True,False,11.25,8.65,True,True,True,True,False,False
AST-03612,damaged_item,chat,south,low,True,False,False,True,73.31,29,True,True,True,True,True,False,18.76,10.62,True,True,True,True,True,False
AST-03613,change_of_mind,email,london,medium,False,False,False,True,269.28,20,True,True,True,True,False,False,21.77,15.24,True,True,True,True,False,False
AST-03614,change_of_mind,phone,south,medium,False,False,False,False,11.76,31,False,True,False,False,False,False,23.13,13.55,False,True,True,True,True,False
AST-03615,wrong_item,chat,midlands,low,False,False,False,True,34.37,20,False,True,False,False,True,False,18.1,9.22,True,True,True,True,False,False
AST-03616,late_delivery,chat,north,low,False,False,False,False,70.38,26,False,True,False,False,False,False,8.28,4.47,True,True,True,True,False,False
AST-03617,missing_refund,chat,south,low,False,False,True,True,48.73,24,False,True,False,False,True,False,21.25,12.16,True,False,True,True,False,True
AST-03618,missing_refund,email,north,high,False,False,False,True,40.85,61,False,True,False,False,True,False,23.85,15.28,False,True,True,True,True,False
AST-03619,change_of_mind,chat,south,low,False,False,False,True,101.04,22,False,True,True,True,False,False,14.77,9.4,True,True,True,True,False,False
AST-03620,damaged_item,phone,south,low,False,False,True,False,23.65,80,False,True,False,False,True,False,24.73,12.31,True,True,True,True,False,False
AST-03621,change_of_mind,chat,south,high,False,False,True,False,106.33,12,False,True,False,True,False,False,30.4,20.64,True,True,True,True,False,False
AST-03622,warranty,chat,midlands,high,False,False,False,False,22.05,40,True,True,True,True,False,False,27.32,20.47,False,False,True,True,True,True
AST-03623,damaged_item,email,midlands,low,False,False,False,False,27.22,18,False,True,False,False,True,False,14.85,7.74,True,True,True,True,False,False
AST-03624,wrong_item,chat,midlands,low,False,False,False,False,62.17,4,False,True,False,False,True,False,15.0,9.22,True,False,True,True,False,True
AST-03625,change_of_mind,chat,north,high,False,False,False,True,40.77,6,False,True,True,True,False,False,29.03,20.5,False,False,True,True,True,True
AST-03626,late_delivery,email,north,medium,True,False,False,False,83.73,42,True,True,True,True,False,False,13.98,12.04,True,True,True,True,False,False
AST-03627,damaged_item,chat,london,medium,False,False,False,False,84.38,24,False,True,False,False,True,False,17.05,10.85,False,True,True,True,True,False
AST-03628,change_of_mind,chat,south,low,False,False,False,False,52.4,39,False,True,False,False,False,False,12.73,6.92,True,True,False,True,False,False
AST-03629,wrong_item,email,london,low,False,False,False,False,36.88,12,False,True,False,False,True,False,11.26,5.38,True,True,True,True,False,False
AST-03630,wrong_item,email,north,low,False,False,False,True,71.91,26,False,True,False,False,True,False,17.89,9.55,True,True,True,True,False,False
AST-03631,missing_refund,phone,london,medium,False,False,False,False,27.32,16,False,True,False,False,True,False,21.59,12.43,True,True,True,True,False,False
AST-03632,missing_refund,phone,south,low,True,False,False,False,20.13,20,True,True,True,True,True,False,13.01,9.05,True,False,True,True,False,True
AST-03633,change_of_mind,chat,south,low,False,False,False,False,188.53,60,False,True,False,True,False,False,17.79,10.67,True,True,True,True,False,False
AST-03634,late_delivery,phone,midlands,low,False,False,False,True,41.69,22,False,True,False,False,False,False,16.91,8.88,True,True,True,True,False,False
AST-03635,change_of_mind,phone,london,medium,False,False,False,False,14.67,35,False,True,False,False,False,False,22.54,13.46,True,True,True,True,False,False
AST-03636,missing_refund,phone,south,medium,False,False,True,False,20.92,17,False,True,False,False,True,False,24.59,15.19,False,False,True,True,True,True
AST-03637,missing_refund,chat,south,low,False,False,False,True,16.75,15,False,True,False,False,True,False,18.78,11.9,True,True,True,True,False,False
AST-03638,wrong_item,chat,south,high,False,False,True,False,121.09,45,False,True,False,True,True,False,26.55,17.42,True,True,True,True,False,False
AST-03639,change_of_mind,chat,london,medium,True,False,False,False,48.45,53,True,True,True,True,False,False,20.28,13.35,False,True,True,True,True,False
AST-03640,change_of_mind,email,north,low,False,False,True,False,19.58,17,False,True,False,False,False,False,20.07,11.33,True,True,True,True,False,False
AST-03641,change_of_mind,phone,midlands,low,True,False,False,False,138.8,33,True,True,True,True,False,False,15.32,10.33,True,True,True,True,False,False
AST-03642,change_of_mind,chat,north,low,False,False,False,False,29.61,5,False,True,False,False,False,False,10.83,6.86,True,True,True,True,False,False
AST-03643,damaged_item,email,south,low,False,False,False,True,88.71,23,False,True,False,False,True,False,18.6,10.01,False,True,True,False,True,True
AST-03644,change_of_mind,phone,north,low,False,False,False,True,47.68,1,False,True,True,True,False,False,16.83,10.26,False,True,True,True,True,False
AST-03645,change_of_mind,email,south,low,False,False,True,True,60.33,18,False,True,False,False,False,False,20.5,11.07,True,True,True,True,False,False
AST-03646,missing_refund,email,south,medium,True,False,False,True,60.9,26,True,True,True,True,True,False,19.33,12.62,False,True,True,True,True,False
AST-03647,change_of_mind,email,midlands,low,False,False,False,False,36.8,47,False,True,False,False,False,False,10.78,6.49,True,False,True,True,False,True
AST-03648,late_delivery,email,london,low,True,False,False,True,36.27,2,True,True,True,True,False,False,16.49,11.01,False,True,True,True,True,False
AST-03649,wrong_item,email,south,low,False,False,False,False,48.11,36,False,True,False,False,True,False,12.53,5.56,True,True,True,True,False,False
AST-03650,change_of_mind,phone,midlands,medium,False,False,False,False,42.57,33,False,True,False,False,False,False,20.29,12.78,True,True,True,True,False,False
AST-03651,change_of_mind,email,london,low,False,False,False,False,21.38,19,False,True,False,False,False,False,16.42,8.22,False,True,True,True,True,False
AST-03652,change_of_mind,email,north,medium,False,False,True,True,20.39,25,False,True,False,False,False,False,27.83,18.62,True,True,True,True,False,False
AST-03653,change_of_mind,phone,midlands,low,False,False,False,False,51.82,23,False,True,False,False,False,False,8.67,4.51,True,True,True,True,False,False
AST-03654,late_delivery,email,midlands,low,False,False,False,False,21.98,42,False,True,False,False,False,False,16.13,8.66,True,True,True,True,False,False
AST-03655,late_delivery,phone,south,high,False,False,False,True,37.84,27,False,True,False,False,False,False,24.2,16.98,True,False,True,True,False,True
AST-03656,late_delivery,chat,south,medium,False,False,False,True,8.47,36,False,True,False,False,False,False,20.99,12.9,False,True,True,True,True,False
AST-03657,damaged_item,email,south,low,False,False,False,True,71.97,55,False,True,False,False,True,False,16.37,8.97,True,True,False,True,True,False
AST-03658,change_of_mind,email,midlands,medium,False,False,True,True,66.3,33,False,True,False,False,False,False,26.57,18.38,True,True,True,True,False,False
AST-03659,damaged_item,email,london,medium,False,False,False,True,15.34,75,False,True,True,True,True,False,23.61,17.02,True,True,True,True,False,False
AST-03660,change_of_mind,chat,midlands,high,False,False,True,False,20.12,10,False,True,False,False,False,False,25.19,17.46,False,False,True,False,True,True
AST-03661,change_of_mind,phone,south,medium,False,False,False,True,111.86,30,False,True,True,True,False,False,19.2,13.12,True,False,True,True,False,True
AST-03662,late_delivery,phone,midlands,low,False,False,False,False,74.03,49,False,True,False,False,False,False,13.52,7.97,True,True,True,True,False,False
AST-03663,missing_refund,email,london,high,False,False,False,False,49.39,26,False,True,False,False,True,False,21.75,14.42,False,True,True,True,True,False
AST-03664,change_of_mind,email,london,low,False,False,False,False,13.48,50,False,True,False,False,False,False,12.27,7.04,True,True,True,True,False,False
AST-03665,wrong_item,email,south,low,False,False,False,False,63.19,6,False,True,False,False,True,False,15.47,8.43,True,True,True,True,False,False
AST-03666,warranty,email,south,high,False,True,False,False,70.36,6,True,True,True,True,False,False,24.25,17.99,True,True,True,True,False,False
AST-03667,wrong_item,chat,north,medium,False,False,False,False,133.46,16,False,True,False,True,True,False,16.61,10.35,True,True,True,True,False,False
AST-03668,damaged_item,chat,south,medium,False,False,False,True,120.36,38,False,True,False,True,True,False,24.38,13.95,True,True,True,True,False,False
AST-03669,warranty,phone,london,high,False,False,True,False,17.65,36,True,True,True,True,False,False,27.52,20.53,False,False,False,True,True,True
AST-03670,missing_refund,phone,midlands,medium,False,False,False,False,33.41,10,False,True,False,False,True,False,16.66,10.19,False,True,True,True,True,False
AST-03671,damaged_item,chat,north,low,False,False,False,False,34.54,31,False,True,False,False,True,False,16.38,10.93,True,False,False,True,False,True
AST-03672,damaged_item,chat,north,medium,False,False,False,False,88.94,10,False,True,False,False,True,False,15.47,9.87,False,True,True,True,True,False
AST-03673,damaged_item,phone,london,high,False,False,False,False,48.76,18,False,True,False,False,True,False,22.84,15.06,True,False,True,True,False,True
AST-03674,change_of_mind,chat,london,low,False,False,False,False,78.93,24,False,True,False,False,False,False,17.38,10.43,True,True,True,True,False,False
AST-03675,wrong_item,phone,south,low,False,False,False,False,102.96,85,False,True,False,True,True,False,19.82,12.15,True,True,True,True,False,False
AST-03676,change_of_mind,chat,south,medium,False,False,False,False,28.5,37,False,False,False,False,False,False,21.03,12.97,False,True,True,True,True,False
AST-03677,damaged_item,email,london,low,False,False,False,False,28.47,7,False,True,False,False,True,False,14.14,7.12,True,True,True,True,False,False
AST-03678,change_of_mind,phone,midlands,high,False,False,False,False,110.76,36,False,True,False,True,False,False,28.51,19.04,True,True,True,True,True,False
AST-03679,wrong_item,chat,midlands,high,False,False,False,False,43.87,16,False,True,False,False,True,False,26.03,16.54,True,True,True,True,False,False
AST-03680,wrong_item,email,south,medium,False,False,False,False,31.58,37,False,True,False,False,True,False,18.76,10.84,True,True,True,True,False,False
AST-03681,damaged_item,email,south,medium,False,False,False,False,106.87,29,False,True,False,True,True,False,19.58,11.93,True,True,True,True,False,False
AST-03682,wrong_item,chat,north,low,False,False,False,False,15.49,4,False,True,False,False,True,False,13.51,7.91,True,True,True,True,False,False
AST-03683,change_of_mind,phone,midlands,low,False,False,False,False,11.22,48,False,True,False,False,False,False,11.9,5.91,False,False,True,True,True,True
AST-03684,damaged_item,chat,north,medium,False,False,False,False,47.48,29,False,True,False,False,True,False,16.32,9.76,True,False,True,True,False,True
AST-03685,damaged_item,chat,north,medium,False,False,False,True,72.93,7,False,True,False,False,True,False,22.63,13.65,True,True,True,True,False,False
AST-03686,late_delivery,chat,midlands,high,True,False,False,True,66.67,15,True,True,True,True,False,False,28.1,20.94,False,True,True,True,True,False
AST-03687,wrong_item,chat,midlands,low,False,False,False,False,33.43,74,False,True,False,False,True,False,15.08,8.88,False,True,True,True,True,False
AST-03688,change_of_mind,chat,london,low,False,False,False,False,18.15,9,False,True,False,False,False,False,13.91,8.13,True,True,True,True,False,False
AST-03689,wrong_item,email,midlands,medium,False,False,False,False,133.7,6,False,True,False,True,True,False,18.42,10.68,False,True,True,True,True,False
AST-03690,wrong_item,email,north,high,False,False,False,True,19.99,38,False,True,False,False,True,False,25.87,17.6,True,True,True,True,False,False
AST-03691,missing_refund,chat,midlands,low,False,False,True,False,21.44,11,False,True,False,False,True,False,16.93,9.91,True,True,True,True,False,False
AST-03692,change_of_mind,email,london,medium,False,False,False,False,30.25,4,False,True,False,False,False,False,19.28,11.94,True,True,True,True,False,False
AST-03693,warranty,chat,midlands,low,False,False,False,False,152.42,16,True,True,True,True,False,False,14.01,9.76,True,True,True,True,False,False
AST-03694,wrong_item,email,london,medium,False,False,False,False,32.3,39,False,True,False,False,True,False,21.64,13.21,False,True,True,True,True,False
AST-03695,change_of_mind,email,south,low,False,False,False,False,22.19,45,False,True,False,False,False,False,11.09,6.31,True,True,True,True,False,False
AST-03696,damaged_item,phone,london,low,False,False,False,False,97.29,25,False,True,False,False,True,False,21.41,12.83,False,True,True,True,True,False
AST-03697,damaged_item,chat,south,medium,False,False,False,True,36.05,90,False,True,False,False,True,False,21.02,12.26,False,True,False,True,True,True
AST-03698,wrong_item,chat,midlands,low,False,False,False,True,28.19,14,False,True,False,False,True,False,18.29,9.66,True,True,True,True,False,False
AST-03699,missing_refund,chat,midlands,low,False,False,False,True,27.89,23,False,True,False,False,True,False,19.15,11.62,True,True,True,True,False,False
AST-03700,damaged_item,email,midlands,low,True,False,False,False,27.36,18,True,True,True,True,True,False,17.95,10.81,False,True,True,True,True,False
AST-03701,late_delivery,email,south,low,False,False,False,True,65.48,96,False,True,False,False,False,False,12.3,5.54,True,True,True,True,False,False
AST-03702,change_of_mind,chat,midlands,medium,False,False,False,False,31.74,5,False,True,False,False,False,False,20.05,12.68,True,True,True,True,False,False
AST-03703,late_delivery,chat,midlands,medium,False,False,False,True,43.11,19,False,True,True,True,False,False,19.31,12.97,False,False,True,True,True,True
AST-03704,damaged_item,chat,london,low,False,False,False,False,17.55,20,False,True,False,False,True,False,17.86,8.52,True,True,True,True,False,False
AST-03705,late_delivery,email,north,low,False,False,False,True,16.31,8,False,True,True,True,False,False,20.23,12.41,True,True,True,True,False,False
AST-03706,missing_refund,chat,london,low,False,False,False,True,43.67,51,False,True,True,True,True,False,17.67,10.7,False,True,True,True,True,False
AST-03707,wrong_item,chat,midlands,low,False,False,False,False,39.84,11,False,True,False,False,True,False,14.01,8.82,True,True,True,True,True,False
AST-03708,damaged_item,email,south,low,False,False,False,False,37.55,10,False,False,False,False,True,False,14.44,8.43,False,True,True,True,True,False
AST-03709,wrong_item,chat,midlands,low,False,False,False,True,22.97,12,False,True,True,True,True,False,16.67,11.8,True,True,True,True,False,False
AST-03710,late_delivery,chat,south,medium,False,False,False,True,53.96,13,False,True,False,False,False,False,23.14,13.47,True,True,True,True,False,False
AST-03711,warranty,email,south,low,False,True,False,False,20.36,20,True,True,False,False,False,False,14.39,7.52,True,True,True,True,False,False
AST-03712,late_delivery,email,london,medium,False,False,False,True,57.98,23,False,True,False,False,False,False,22.88,13.08,False,True,True,True,True,False
AST-03713,late_delivery,phone,london,medium,True,False,False,False,16.61,27,True,True,True,True,False,False,26.6,18.03,True,True,True,True,False,False
AST-03714,warranty,email,north,medium,False,False,False,False,14.67,32,True,True,True,True,False,False,19.28,13.51,False,True,True,True,True,False
AST-03715,damaged_item,email,south,low,False,False,False,False,52.1,35,False,True,False,False,True,False,13.29,7.99,False,True,True,True,True,False
AST-03716,change_of_mind,chat,south,low,False,False,False,False,63.64,15,False,True,False,False,False,False,18.17,9.31,False,True,True,True,True,False
AST-03717,damaged_item,chat,north,low,False,False,False,False,31.93,15,False,True,False,False,True,False,11.89,7.71,True,True,True,True,False,False
AST-03718,wrong_item,email,south,low,False,False,False,False,198.2,2,False,True,False,True,True,False,13.51,7.14,True,True,True,True,False,False
AST-03719,wrong_item,chat,north,low,False,False,False,False,65.07,12,False,True,False,False,True,False,19.32,11.9,True,True,True,True,False,False
AST-03720,damaged_item,chat,south,medium,False,False,False,False,34.91,17,False,True,False,False,True,False,19.0,11.24,True,False,True,True,False,True
AST-03721,missing_refund,chat,south,high,False,False,False,False,14.38,32,False,True,False,False,True,False,27.02,18.06,True,True,True,True,False,True
AST-03722,late_delivery,email,london,high,False,False,True,True,95.59,8,False,True,True,True,False,False,28.31,20.53,True,True,True,True,False,False
AST-03723,change_of_mind,chat,south,medium,False,False,False,False,122.42,29,False,True,False,True,False,False,20.32,11.17,True,False,True,True,False,True
AST-03724,wrong_item,chat,north,low,False,False,False,False,56.64,28,False,True,False,False,True,False,14.4,5.79,False,True,True,True,True,False
AST-03725,damaged_item,phone,north,low,False,False,False,False,10.84,14,False,True,False,False,True,False,19.37,9.5,True,True,True,True,False,False
AST-03726,change_of_mind,phone,midlands,low,False,False,False,False,104.48,30,False,True,False,True,False,False,12.54,6.7,True,True,True,True,True,False
AST-03727,late_delivery,chat,london,low,False,False,False,False,14.05,28,False,True,False,False,False,False,17.1,8.34,False,True,True,True,True,False
AST-03728,change_of_mind,chat,midlands,medium,True,False,False,False,285.2,37,True,True,True,True,False,False,19.83,14.17,True,False,True,True,False,True
AST-03729,late_delivery,phone,south,low,False,False,False,False,44.2,1,False,True,False,False,False,False,18.95,10.92,True,True,True,True,False,False
AST-03730,wrong_item,email,midlands,medium,False,False,False,False,58.08,34,False,True,False,False,True,False,19.43,12.12,True,True,True,True,False,False
AST-03731,change_of_mind,email,london,low,False,False,True,False,35.04,45,False,True,False,False,False,False,19.78,10.54,True,False,True,True,False,True
AST-03732,change_of_mind,phone,midlands,high,False,False,False,False,55.52,5,False,True,False,False,False,False,21.7,14.27,False,True,True,True,True,False
AST-03733,change_of_mind,phone,london,medium,False,False,False,True,95.79,18,False,True,False,False,False,False,17.51,11.16,False,True,True,True,True,False
AST-03734,damaged_item,phone,midlands,low,False,False,False,True,66.78,22,False,True,False,False,True,False,20.25,11.93,True,True,False,True,False,False
AST-03735,late_delivery,email,london,low,False,False,False,False,64.63,29,False,True,False,False,False,False,15.1,8.44,True,True,True,True,False,False
AST-03736,missing_refund,chat,midlands,low,False,False,False,False,39.71,27,False,True,False,False,True,False,16.28,8.64,True,True,True,True,False,False
AST-03737,warranty,chat,south,low,False,False,False,False,75.96,30,True,True,True,True,False,False,16.24,11.37,True,True,True,True,False,False
AST-03738,warranty,chat,midlands,low,False,False,False,False,36.63,47,True,True,True,True,False,False,14.35,9.95,True,True,True,True,False,False
AST-03739,damaged_item,phone,midlands,low,False,False,False,False,57.64,27,False,True,False,False,True,False,13.58,7.69,True,True,False,True,False,False
AST-03740,change_of_mind,email,midlands,medium,True,False,True,True,159.12,55,True,True,True,True,False,False,21.97,14.22,False,True,True,True,True,False
AST-03741,change_of_mind,chat,london,medium,False,False,False,True,34.82,29,False,True,False,False,False,False,17.29,9.79,True,True,True,True,False,False
AST-03742,wrong_item,phone,london,medium,False,True,False,True,54.1,19,True,True,True,True,True,False,19.42,13.79,False,False,False,True,True,True
AST-03743,late_delivery,chat,south,low,False,False,False,True,44.2,23,False,True,False,False,False,False,15.02,8.95,True,True,True,True,False,False
AST-03744,change_of_mind,email,south,medium,False,False,False,False,56.74,31,False,True,False,False,False,False,12.48,8.13,True,True,True,True,False,False
AST-03745,change_of_mind,email,midlands,medium,False,False,False,False,84.22,48,False,False,False,False,False,False,14.45,8.1,True,True,True,True,False,False
AST-03746,change_of_mind,phone,london,low,True,False,False,False,35.91,22,True,True,True,True,False,False,13.27,10.0,True,True,True,True,False,False
AST-03747,warranty,chat,midlands,low,False,False,False,True,22.04,9,True,True,True,True,False,False,16.27,11.37,True,True,True,True,False,False
AST-03748,damaged_item,email,london,low,False,False,False,True,35.29,47,False,True,False,False,True,False,18.36,10.18,True,True,True,True,False,False
AST-03749,warranty,chat,london,medium,False,False,False,False,24.42,18,True,True,True,True,False,False,14.7,10.58,False,True,True,True,True,False
AST-03750,wrong_item,phone,south,low,False,False,False,False,101.14,80,False,True,False,True,True,False,13.32,5.79,True,True,True,True,False,False
AST-03751,late_delivery,chat,north,high,False,False,False,True,24.27,22,False,True,True,True,False,False,31.19,22.56,False,True,True,True,True,False
AST-03752,late_delivery,email,south,low,False,False,False,False,207.27,17,False,True,False,True,False,False,14.35,7.89,True,True,True,True,False,False
AST-03753,change_of_mind,chat,london,low,False,False,False,True,35.72,13,False,True,False,False,False,False,14.03,7.87,True,True,True,True,False,False
AST-03754,late_delivery,email,london,medium,True,False,False,False,62.26,7,True,True,True,True,False,False,22.64,16.1,False,True,True,True,True,False
AST-03755,late_delivery,chat,south,medium,False,False,False,True,9.7,16,False,True,False,False,False,False,25.75,16.17,True,True,True,True,False,False
AST-03756,damaged_item,email,midlands,low,False,False,False,False,56.02,17,False,True,False,False,True,False,13.81,8.57,True,True,True,True,True,False
AST-03757,warranty,phone,london,medium,False,False,False,False,66.07,17,True,True,True,True,False,False,23.07,16.48,False,True,True,True,True,False
AST-03758,warranty,email,north,medium,False,True,False,False,18.27,48,True,True,True,True,False,False,16.32,11.66,True,True,True,True,False,False
AST-03759,change_of_mind,phone,north,high,False,False,False,True,24.01,31,False,False,False,False,False,False,30.01,21.8,True,True,True,True,False,False
AST-03760,wrong_item,email,south,high,False,False,False,False,118.97,30,False,True,False,True,True,False,26.04,19.18,True,True,True,True,False,False
AST-03761,wrong_item,chat,south,medium,False,False,False,True,12.71,13,False,True,False,False,True,False,19.91,12.09,True,True,True,True,True,False
AST-03762,damaged_item,chat,london,high,False,False,False,False,55.19,9,False,True,False,False,True,False,19.78,14.17,True,True,True,True,False,False
AST-03763,warranty,email,south,low,False,False,False,False,67.18,21,True,True,True,True,False,False,15.34,11.77,True,True,False,True,True,False
AST-03764,wrong_item,chat,south,high,False,False,True,False,41.64,8,False,True,False,False,True,False,32.04,21.37,True,True,False,True,False,False
AST-03765,change_of_mind,phone,midlands,high,False,False,True,True,35.63,29,False,True,False,False,False,False,29.89,19.28,False,True,True,True,True,False
AST-03766,late_delivery,chat,south,medium,False,False,False,False,27.26,8,False,True,False,False,False,False,12.73,7.73,True,True,True,True,False,False
AST-03767,warranty,phone,north,medium,False,False,False,False,64.55,40,True,True,True,True,False,False,19.7,14.71,True,True,True,True,False,False
AST-03768,change_of_mind,phone,midlands,high,False,False,False,True,39.88,35,False,True,True,True,False,False,28.96,21.21,True,True,False,True,False,False
AST-03769,late_delivery,email,north,high,False,False,False,False,29.38,26,False,True,False,False,False,False,21.19,14.23,False,True,False,True,True,False
AST-03770,wrong_item,chat,south,medium,True,False,True,False,47.52,13,True,True,True,True,True,False,22.08,14.98,True,True,True,True,False,False
AST-03771,wrong_item,phone,london,low,False,False,False,False,36.19,2,False,True,False,False,True,False,9.84,4.53,True,True,True,True,False,False
AST-03772,damaged_item,email,south,high,False,False,False,True,19.78,8,False,True,False,False,True,False,25.99,17.8,False,True,True,True,True,False
AST-03773,late_delivery,chat,north,low,False,False,False,False,60.86,72,False,True,False,False,False,False,14.29,7.12,True,True,True,True,False,False
AST-03774,missing_refund,email,london,medium,False,True,False,False,49.98,36,True,True,True,True,True,False,17.44,12.52,True,False,True,True,False,True
AST-03775,late_delivery,email,south,high,False,False,False,False,55.45,27,False,True,False,False,False,False,22.46,14.86,False,False,True,True,True,True
AST-03776,change_of_mind,chat,midlands,medium,False,False,True,True,122.62,21,False,True,False,True,False,False,23.33,15.51,True,True,True,True,False,False
AST-03777,late_delivery,chat,midlands,high,True,False,False,False,154.69,114,True,True,True,True,False,False,27.98,20.84,False,True,True,True,True,False
AST-03778,wrong_item,phone,south,low,False,False,False,False,73.48,31,False,True,False,False,True,False,19.83,12.25,True,True,False,True,True,False
AST-03779,wrong_item,chat,london,medium,False,False,False,True,130.61,65,False,True,False,True,True,False,25.52,16.31,False,True,True,True,True,False
AST-03780,late_delivery,email,midlands,low,False,False,True,False,65.69,23,False,True,False,False,False,False,20.23,9.82,True,True,True,True,False,False
AST-03781,missing_refund,chat,midlands,high,True,False,False,False,101.82,8,True,True,True,True,True,False,19.04,15.44,True,False,True,True,False,True
AST-03782,late_delivery,chat,north,low,False,True,False,False,197.16,50,True,True,True,True,False,False,15.06,11.64,False,True,True,True,True,False
AST-03783,change_of_mind,email,midlands,medium,True,False,False,False,30.05,37,True,True,True,True,False,False,21.59,13.89,False,True,True,True,True,False
AST-03784,missing_refund,chat,london,medium,False,False,True,False,25.9,32,False,True,False,False,True,False,21.8,12.48,True,True,True,True,False,False
AST-03785,damaged_item,phone,south,low,False,False,False,True,58.74,44,False,True,False,False,True,False,15.57,7.84,True,True,True,True,False,False
AST-03786,late_delivery,chat,north,low,False,False,False,False,31.31,23,False,True,False,False,False,False,15.06,7.32,False,True,False,True,True,False
AST-03787,late_delivery,email,midlands,medium,False,False,False,True,79.08,10,False,True,True,True,False,False,23.29,16.48,True,True,True,True,False,False
AST-03788,change_of_mind,phone,north,low,False,False,False,False,73.89,37,False,True,False,False,False,False,9.9,6.94,True,True,True,True,False,False
AST-03789,missing_refund,email,midlands,medium,False,False,False,True,81.12,30,False,True,False,False,True,False,23.79,14.0,True,True,True,True,False,False
AST-03790,damaged_item,phone,midlands,high,False,False,False,True,24.42,23,False,True,False,False,True,False,24.68,17.95,True,True,False,True,False,False
AST-03791,missing_refund,chat,midlands,medium,False,False,True,False,48.86,27,False,True,False,False,True,False,19.97,13.19,False,True,True,True,True,False
AST-03792,damaged_item,email,midlands,low,False,False,True,False,11.54,4,False,True,False,False,True,False,15.65,9.22,True,False,True,True,False,True
AST-03793,missing_refund,chat,midlands,medium,True,False,False,False,40.33,11,True,True,True,True,True,False,20.53,14.56,False,True,True,True,True,False
AST-03794,wrong_item,email,north,medium,False,False,False,False,141.39,25,False,True,False,True,True,False,19.45,12.47,True,True,False,True,False,False
AST-03795,damaged_item,phone,north,high,False,False,True,True,27.03,76,False,True,False,False,True,False,30.23,21.49,False,True,True,True,True,False
AST-03796,change_of_mind,phone,south,low,False,False,False,False,31.8,47,False,True,False,False,False,False,16.25,9.28,True,True,True,True,False,False
AST-03797,wrong_item,chat,south,low,True,False,False,False,50.68,28,True,True,True,True,True,False,16.24,10.38,False,True,True,True,True,False
AST-03798,late_delivery,phone,south,low,False,False,False,False,94.42,40,False,False,False,False,False,False,19.19,10.06,False,True,True,True,True,False
AST-03799,wrong_item,chat,north,low,False,False,False,False,77.85,28,False,True,False,False,True,False,14.46,7.48,True,True,True,True,False,False
AST-03800,change_of_mind,email,south,medium,False,False,True,False,33.92,20,False,True,False,False,False,False,19.45,11.44,True,True,False,True,True,False
AST-03801,damaged_item,email,south,low,False,False,False,False,9.88,12,False,True,False,False,True,False,16.42,10.49,True,True,True,True,True,False
AST-03802,wrong_item,chat,south,low,False,False,True,False,104.28,17,False,True,False,True,True,False,16.7,9.54,True,True,False,True,False,False
AST-03803,missing_refund,chat,north,high,False,False,False,False,35.05,43,False,True,False,False,True,False,23.26,15.42,False,True,True,True,True,False
AST-03804,change_of_mind,chat,midlands,low,False,False,False,False,53.22,20,False,True,False,False,False,False,11.48,6.97,True,True,True,True,False,False
AST-03805,wrong_item,phone,midlands,medium,False,False,False,False,66.26,19,False,True,False,False,True,False,17.78,10.69,True,True,True,True,False,False
AST-03806,late_delivery,phone,london,low,False,False,False,True,29.59,8,False,True,False,False,False,False,18.45,10.91,True,True,True,True,False,False
AST-03807,wrong_item,phone,midlands,high,False,False,True,True,84.0,17,False,True,False,False,True,False,33.61,23.06,False,True,False,True,True,False
AST-03808,missing_refund,phone,north,medium,False,False,False,False,34.71,9,False,True,False,False,True,False,21.03,12.72,True,True,True,True,False,False
AST-03809,change_of_mind,chat,south,medium,False,False,False,False,37.75,111,False,True,False,False,False,False,19.33,10.84,True,True,True,True,False,False
AST-03810,change_of_mind,phone,north,high,False,False,False,False,33.71,9,False,True,False,False,False,False,19.39,13.63,True,False,False,True,False,True
AST-03811,change_of_mind,chat,north,low,False,False,False,True,173.9,33,False,True,False,True,False,False,19.33,9.06,True,True,True,True,False,False
AST-03812,late_delivery,chat,north,medium,False,False,False,True,40.46,46,False,True,False,False,False,False,25.82,15.31,True,False,True,True,False,True
AST-03813,damaged_item,email,north,high,False,False,False,False,39.62,27,False,True,False,False,True,False,18.28,12.75,True,True,True,True,False,False
AST-03814,late_delivery,chat,london,medium,False,False,False,True,93.33,24,False,True,False,False,False,False,17.84,9.38,False,True,True,True,True,False
AST-03815,damaged_item,phone,south,high,False,False,False,True,18.97,21,False,True,False,False,True,False,29.71,20.08,True,True,True,True,False,False
AST-03816,late_delivery,phone,north,low,False,False,False,False,64.92,18,False,True,False,False,False,False,15.62,7.35,False,True,True,True,True,False
AST-03817,change_of_mind,email,london,low,True,False,False,False,68.61,9,True,True,True,True,False,False,19.33,11.93,True,True,True,True,True,False
AST-03818,change_of_mind,email,north,high,False,True,False,True,33.3,21,True,True,True,True,False,False,25.84,17.33,False,True,True,True,True,False
AST-03819,late_delivery,chat,midlands,medium,False,False,False,False,62.85,18,False,True,False,False,False,False,22.46,12.94,True,True,True,True,False,True
AST-03820,missing_refund,chat,north,low,False,False,False,False,30.6,68,False,True,False,False,True,False,16.5,7.98,False,True,True,True,True,False
AST-03821,change_of_mind,email,midlands,medium,True,True,False,False,63.43,40,True,True,True,True,False,False,17.5,12.39,True,True,True,True,False,False
AST-03822,wrong_item,chat,london,medium,False,False,True,True,33.26,13,False,True,False,False,True,False,24.58,15.35,False,True,True,True,True,False
AST-03823,late_delivery,phone,south,low,False,False,False,True,40.34,26,False,True,False,False,False,False,20.32,11.2,True,True,True,True,False,False
AST-03824,damaged_item,chat,south,high,False,False,False,True,47.47,11,False,True,False,False,True,False,27.75,18.92,False,True,False,True,True,False
AST-03825,missing_refund,email,north,medium,False,False,False,False,36.03,36,False,True,False,False,True,False,18.68,10.79,False,True,True,True,True,False
AST-03826,missing_refund,chat,midlands,medium,False,False,False,False,48.75,45,False,True,False,False,True,False,16.26,10.72,False,False,True,True,True,True
AST-03827,damaged_item,email,north,high,False,False,True,True,10.93,81,False,True,False,False,True,False,34.29,22.91,False,True,True,True,True,False
AST-03828,change_of_mind,phone,north,medium,False,False,False,False,45.35,5,False,False,False,False,False,False,21.84,13.95,True,True,True,True,False,False
AST-03829,change_of_mind,phone,north,low,True,False,False,False,25.74,6,True,True,True,True,False,False,13.79,9.4,True,True,True,True,False,False
AST-03830,change_of_mind,chat,london,medium,True,False,True,False,55.16,47,True,True,True,True,False,False,26.66,17.28,False,True,True,True,True,False
AST-03831,change_of_mind,chat,london,medium,False,False,True,False,78.46,21,False,True,False,False,False,False,24.9,14.9,False,True,True,True,True,False
AST-03832,missing_refund,email,london,low,False,False,False,False,50.25,70,False,True,False,False,True,False,16.45,8.26,False,True,True,True,True,False
AST-03833,late_delivery,chat,midlands,high,False,False,False,False,51.68,35,False,True,False,False,False,False,23.45,14.35,True,True,True,True,False,False
AST-03834,warranty,chat,south,high,False,False,False,True,36.12,10,True,True,True,True,False,False,27.36,20.62,False,False,True,True,True,True
AST-03835,damaged_item,chat,london,medium,False,False,False,False,66.4,17,False,True,False,False,True,False,18.38,11.76,False,True,True,True,True,False
AST-03836,missing_refund,phone,south,medium,False,False,False,True,93.83,41,False,False,False,False,True,False,21.01,13.7,False,True,True,True,True,False
AST-03837,missing_refund,chat,midlands,medium,True,False,False,False,17.75,10,True,True,True,True,True,False,17.39,12.37,False,True,True,True,True,False
AST-03838,damaged_item,chat,south,medium,False,False,False,True,15.72,29,False,True,False,False,True,False,19.78,12.41,True,True,True,True,False,False
AST-03839,late_delivery,phone,midlands,medium,False,False,False,True,16.19,19,False,True,False,False,False,False,24.46,15.86,True,True,True,True,False,False
AST-03840,missing_refund,email,south,low,False,False,False,True,69.33,66,False,True,True,True,True,False,16.42,10.21,True,True,True,True,False,False
AST-03841,change_of_mind,phone,south,low,False,False,False,True,51.02,44,False,True,False,False,False,False,17.17,8.63,True,True,True,True,False,False
AST-03842,late_delivery,chat,south,medium,False,False,False,True,13.52,30,False,True,False,False,False,False,23.19,13.66,False,False,True,True,True,True
AST-03843,damaged_item,phone,midlands,high,False,False,False,False,41.78,27,False,False,False,False,True,False,19.81,14.71,True,True,True,True,False,False
AST-03844,damaged_item,email,london,low,False,False,False,True,45.25,32,False,True,False,False,True,False,15.91,10.05,True,True,True,True,False,False
AST-03845,change_of_mind,email,south,low,False,False,False,False,72.1,58,False,True,False,False,False,False,13.34,7.78,True,True,True,True,False,False
AST-03846,change_of_mind,chat,north,low,False,False,False,False,29.5,44,False,True,False,False,False,False,15.8,8.23,False,True,True,True,True,False
AST-03847,late_delivery,phone,london,low,False,False,False,False,28.48,12,False,True,False,False,False,False,14.98,11.12,False,False,True,True,True,True
AST-03848,change_of_mind,phone,london,low,False,False,False,True,31.34,13,False,True,True,True,False,False,18.8,11.35,True,True,True,True,False,False
AST-03849,damaged_item,email,london,low,False,False,False,False,19.4,100,False,True,False,False,True,False,17.72,10.53,False,False,True,True,True,True
AST-03850,change_of_mind,phone,north,high,False,False,False,True,38.86,53,False,True,False,False,False,False,26.8,18.75,True,True,False,True,False,False
AST-03851,late_delivery,chat,london,high,True,False,False,True,89.93,63,True,True,False,False,False,False,30.83,20.94,False,False,False,True,True,True
AST-03852,damaged_item,phone,north,medium,False,False,False,False,48.19,29,False,True,False,False,True,False,18.21,10.3,False,True,False,True,True,False
AST-03853,late_delivery,email,south,medium,False,False,False,False,64.42,21,False,True,False,False,False,False,20.68,12.21,True,True,False,True,False,False
AST-03854,late_delivery,phone,north,medium,False,False,False,True,53.97,21,False,True,True,True,False,False,23.13,14.87,True,True,True,True,False,False
AST-03855,change_of_mind,phone,north,low,True,True,False,True,47.51,13,True,True,True,True,False,False,17.1,12.16,True,True,True,True,False,False
AST-03856,wrong_item,email,south,high,True,False,False,True,100.08,35,True,True,True,True,True,False,21.59,16.32,True,True,False,True,False,False
AST-03857,change_of_mind,email,london,high,True,True,False,False,43.07,49,True,True,True,True,False,False,24.15,18.12,True,False,True,True,True,True
AST-03858,damaged_item,phone,london,medium,False,False,False,False,57.76,12,False,True,False,False,True,False,13.34,9.16,True,True,True,True,False,False
AST-03859,missing_refund,email,london,high,False,False,False,False,74.13,20,False,True,False,False,True,False,22.61,14.63,True,False,False,True,False,True
AST-03860,change_of_mind,chat,north,low,False,True,False,False,27.98,56,True,True,True,True,False,False,10.11,6.56,True,True,True,True,False,False
AST-03861,late_delivery,phone,midlands,medium,False,False,False,False,24.43,31,False,True,False,False,False,False,19.44,12.42,True,True,False,True,False,False
AST-03862,late_delivery,chat,midlands,high,True,False,False,True,29.11,50,True,True,True,True,False,False,27.23,21.46,True,True,True,True,False,False
AST-03863,change_of_mind,email,midlands,medium,False,False,False,False,11.77,48,False,True,False,False,False,False,16.9,10.96,True,True,True,True,False,False
AST-03864,damaged_item,phone,london,high,False,False,False,False,15.73,22,False,True,False,False,True,False,26.94,19.09,False,True,True,True,True,False
AST-03865,missing_refund,email,london,low,False,False,False,False,10.91,35,False,True,False,False,True,False,13.17,8.47,False,True,True,True,True,False
AST-03866,missing_refund,email,south,medium,False,False,False,False,61.39,73,False,True,False,False,True,False,16.48,10.09,True,False,True,True,False,True
AST-03867,late_delivery,phone,south,high,False,False,True,False,79.58,25,False,True,False,False,False,False,29.16,18.78,True,True,True,True,False,False
AST-03868,change_of_mind,email,london,low,True,True,False,False,13.79,122,True,True,True,True,False,False,12.91,7.56,False,True,True,True,True,False
AST-03869,late_delivery,chat,south,medium,False,False,False,False,62.37,16,False,True,False,False,False,False,18.8,10.27,True,True,False,True,True,False
AST-03870,warranty,phone,london,low,False,False,False,False,20.96,43,True,True,True,True,False,False,17.54,11.2,True,True,True,True,False,False
AST-03871,change_of_mind,email,south,medium,False,False,False,False,97.0,40,False,True,False,False,False,False,18.45,10.67,True,True,True,True,False,False
AST-03872,late_delivery,phone,south,medium,False,False,False,False,110.07,85,False,True,False,True,False,False,19.47,12.93,False,True,True,True,True,False
AST-03873,damaged_item,chat,south,high,True,False,False,False,51.44,21,True,True,True,True,True,False,23.09,17.81,True,False,True,True,False,True
AST-03874,missing_refund,email,north,low,False,True,False,True,53.36,26,True,True,True,True,True,False,10.96,7.47,True,True,True,True,False,False
AST-03875,change_of_mind,email,london,low,False,False,False,False,135.83,32,False,True,False,True,False,False,13.87,8.63,False,True,True,True,True,False
AST-03876,wrong_item,email,south,low,False,False,False,False,34.73,19,False,True,False,False,True,False,19.99,10.53,True,True,True,True,False,False
AST-03877,warranty,email,south,medium,False,False,False,True,29.46,26,True,True,True,True,False,False,17.36,13.17,True,False,False,True,False,True
AST-03878,missing_refund,chat,midlands,medium,False,False,False,True,27.6,35,False,True,False,False,True,False,21.05,12.15,True,True,True,True,False,False
AST-03879,late_delivery,chat,london,high,True,False,False,False,33.68,9,True,True,True,True,False,False,25.94,18.49,True,True,True,True,False,False
AST-03880,late_delivery,chat,london,high,False,False,False,False,76.36,33,False,True,False,False,False,False,24.57,15.8,True,False,True,True,False,True
AST-03881,change_of_mind,phone,london,low,False,False,False,False,85.99,33,False,True,False,False,False,False,13.32,6.21,True,True,True,True,False,False
AST-03882,late_delivery,chat,south,low,False,False,False,True,12.46,43,False,True,True,True,False,False,17.44,11.08,True,False,True,True,False,True
AST-03883,change_of_mind,phone,south,medium,False,False,False,False,48.51,14,False,True,False,False,False,False,15.97,9.28,True,True,True,True,False,False
AST-03884,wrong_item,email,south,low,False,False,False,True,52.88,26,False,True,False,False,True,False,17.85,8.74,True,True,True,True,False,False
AST-03885,wrong_item,phone,midlands,medium,False,False,False,True,175.14,22,False,True,False,True,True,False,21.66,11.87,True,False,True,True,False,True
AST-03886,change_of_mind,chat,south,medium,False,False,False,True,20.03,37,False,True,True,True,False,False,19.9,12.39,False,True,True,True,True,False
AST-03887,damaged_item,phone,south,medium,False,False,False,False,30.05,28,False,True,False,False,True,False,19.93,13.88,False,True,True,True,True,False
AST-03888,wrong_item,chat,south,medium,False,False,True,True,29.77,26,False,True,False,False,True,False,26.28,15.36,False,False,True,True,True,True
AST-03889,missing_refund,phone,london,high,True,False,True,True,86.06,30,True,True,True,True,True,False,25.17,18.89,False,False,False,True,True,True
AST-03890,change_of_mind,email,south,high,False,True,True,False,12.18,11,True,False,True,True,False,False,30.27,22.31,True,True,True,True,False,False
AST-03891,warranty,email,london,low,False,False,False,False,83.07,27,True,True,True,True,False,False,18.63,13.25,False,True,True,True,True,True
AST-03892,damaged_item,phone,midlands,high,False,False,False,True,50.14,39,False,True,False,False,True,False,24.83,16.07,True,True,True,True,False,False
AST-03893,change_of_mind,chat,midlands,medium,False,False,False,True,27.99,24,False,True,False,False,False,False,25.33,15.31,False,True,True,True,True,False
AST-03894,late_delivery,chat,south,medium,True,False,False,False,59.41,2,True,True,True,True,False,False,20.38,14.4,True,True,True,True,False,False
AST-03895,missing_refund,chat,south,medium,False,False,False,False,37.8,63,False,True,False,False,True,False,14.92,9.21,True,True,True,True,False,False
AST-03896,damaged_item,chat,south,medium,False,False,False,False,49.91,17,False,True,False,False,True,False,22.32,12.92,False,True,False,True,True,False
AST-03897,damaged_item,email,south,low,False,False,False,True,12.09,38,False,True,False,False,True,False,15.16,7.81,True,True,True,True,False,False
AST-03898,damaged_item,chat,london,low,False,False,False,False,15.34,33,False,True,False,False,True,False,16.27,8.39,False,True,True,True,True,False
AST-03899,damaged_item,phone,london,low,False,False,False,False,52.21,56,False,True,False,False,True,False,15.67,8.24,True,True,True,True,False,False
AST-03900,warranty,email,midlands,low,False,False,False,False,61.28,18,True,True,True,True,False,False,12.72,9.14,True,True,True,True,False,False
AST-03901,change_of_mind,chat,north,medium,False,False,False,True,26.9,17,False,True,True,True,False,False,20.4,13.57,True,True,False,True,False,False
AST-03902,wrong_item,chat,south,medium,False,False,False,False,24.07,38,False,True,False,False,True,False,22.81,13.67,False,True,True,True,True,False
AST-03903,change_of_mind,email,south,low,False,False,False,True,71.42,24,False,True,True,True,False,False,15.41,10.82,True,True,True,True,False,False
AST-03904,damaged_item,chat,midlands,low,False,False,True,False,51.31,6,False,True,False,False,True,False,14.6,8.79,True,True,True,True,False,False
AST-03905,wrong_item,email,london,medium,False,False,False,False,27.8,27,False,True,False,False,True,False,14.2,9.12,False,True,False,True,True,False
AST-03906,damaged_item,phone,london,low,False,False,False,False,52.59,12,False,True,False,False,True,False,14.07,7.76,True,True,False,True,False,False
AST-03907,damaged_item,email,midlands,low,False,False,False,True,53.58,29,False,True,False,False,True,False,18.04,9.69,True,True,True,True,False,False
AST-03908,warranty,chat,midlands,low,False,False,False,False,64.07,16,True,True,False,False,False,False,12.54,6.28,True,True,True,True,False,False
AST-03909,wrong_item,chat,midlands,low,False,False,False,False,10.9,59,False,True,False,False,True,False,18.38,10.94,False,True,True,True,True,False
AST-03910,late_delivery,phone,north,high,False,False,False,False,234.25,14,False,True,False,True,False,False,22.06,14.69,True,True,True,True,False,False
AST-03911,change_of_mind,phone,midlands,low,False,False,True,False,14.97,33,False,True,False,False,False,False,14.98,7.07,True,True,True,True,False,False
AST-03912,damaged_item,chat,north,low,False,False,True,False,33.57,4,False,True,False,False,True,False,16.66,9.68,True,True,True,True,False,False
AST-03913,missing_refund,phone,london,medium,False,False,True,False,112.07,34,False,True,False,True,True,False,25.73,14.48,True,False,True,True,False,True
AST-03914,change_of_mind,chat,midlands,low,False,False,False,False,153.0,79,False,True,False,True,False,False,15.95,8.84,True,True,True,True,False,False
AST-03915,change_of_mind,chat,london,low,False,False,True,False,21.08,7,False,True,False,False,False,False,16.37,9.51,False,False,True,True,True,True
AST-03916,late_delivery,email,south,low,True,False,False,False,84.42,28,True,True,True,True,False,False,13.28,9.17,False,True,True,True,True,False
AST-03917,change_of_mind,email,south,low,False,False,False,False,182.49,12,False,True,False,True,False,False,15.27,9.46,True,False,True,True,False,True
AST-03918,change_of_mind,chat,london,low,False,False,False,False,22.47,17,False,True,False,False,False,False,15.66,8.79,True,True,True,True,False,False
AST-03919,damaged_item,phone,midlands,low,True,False,False,True,51.39,29,True,True,True,True,True,False,20.82,13.7,True,True,True,False,False,False
AST-03920,wrong_item,phone,midlands,medium,False,False,False,False,36.02,18,False,True,False,False,True,False,23.74,15.08,False,False,True,True,True,True
AST-03921,damaged_item,email,london,low,False,False,False,True,23.73,28,False,True,False,False,True,False,18.72,10.21,True,True,True,True,False,False
AST-03922,missing_refund,phone,south,high,False,False,False,True,45.15,31,False,True,False,False,True,False,23.49,15.9,False,True,False,True,True,False
AST-03923,warranty,chat,midlands,low,False,False,False,False,45.67,21,True,True,True,True,False,False,16.06,9.54,False,True,False,True,True,False
AST-03924,change_of_mind,chat,london,low,False,False,True,False,107.91,14,False,True,False,True,False,False,17.15,9.42,False,False,True,True,True,True
AST-03925,late_delivery,phone,london,low,False,False,True,False,45.93,43,False,True,False,False,False,False,13.53,7.84,True,True,True,True,False,False
AST-03926,wrong_item,chat,north,low,True,False,False,True,18.66,11,True,True,True,True,True,False,17.3,11.6,True,True,True,True,False,False
AST-03927,late_delivery,email,midlands,medium,False,False,False,True,71.69,7,False,True,True,True,False,False,20.46,15.05,True,True,True,True,False,False
AST-03928,damaged_item,phone,south,high,False,False,True,False,45.85,42,False,True,False,False,True,False,21.43,13.85,True,True,True,True,False,False
AST-03929,wrong_item,phone,north,high,False,False,False,False,37.81,21,False,True,False,False,True,False,29.41,18.99,True,True,True,True,False,False
AST-03930,late_delivery,phone,south,high,False,False,False,False,14.88,85,False,True,False,False,False,False,31.16,21.14,False,True,True,True,True,False
AST-03931,change_of_mind,chat,south,medium,False,False,True,False,29.31,7,False,True,False,False,False,False,26.51,17.6,True,True,True,True,False,False
AST-03932,missing_refund,chat,midlands,medium,False,False,False,True,124.21,50,False,True,True,True,True,False,22.66,15.44,True,True,True,True,False,False
AST-03933,change_of_mind,phone,north,high,False,False,False,False,75.04,42,False,True,False,False,False,False,24.47,16.24,False,False,False,True,True,True
AST-03934,damaged_item,email,north,high,False,False,False,True,26.33,46,False,True,False,False,True,False,26.61,19.19,True,False,True,True,False,True
AST-03935,wrong_item,email,midlands,low,False,False,True,True,79.5,20,False,True,False,False,True,False,25.27,14.25,True,True,True,True,False,False
AST-03936,warranty,email,north,medium,True,False,False,True,29.9,77,True,True,True,True,False,False,21.38,15.35,True,True,True,True,False,False
AST-03937,late_delivery,phone,london,medium,False,True,True,False,27.01,22,True,True,True,True,False,False,21.57,15.85,True,False,True,True,False,True
AST-03938,damaged_item,phone,midlands,medium,False,False,False,True,47.89,78,False,True,False,False,True,False,22.68,14.47,False,True,True,True,True,False
AST-03939,late_delivery,email,midlands,medium,False,False,False,False,36.22,24,False,True,False,False,False,False,21.39,13.87,True,True,True,True,False,False
AST-03940,damaged_item,email,london,low,False,False,True,True,8.32,11,False,True,False,False,True,False,15.23,6.96,False,False,True,True,True,True
AST-03941,damaged_item,chat,london,low,True,False,False,False,43.76,31,True,True,True,True,True,False,14.15,10.02,True,True,True,True,True,False
AST-03942,missing_refund,email,south,medium,False,False,False,True,82.98,30,False,True,False,False,True,False,26.2,15.48,True,True,True,True,False,False
AST-03943,missing_refund,email,midlands,medium,True,False,False,False,23.53,7,True,True,True,True,True,False,19.49,14.44,True,True,True,True,False,False
AST-03944,late_delivery,phone,south,medium,False,False,False,False,30.5,46,False,True,False,False,False,False,17.21,11.64,True,True,False,True,False,False
AST-03945,damaged_item,chat,north,high,False,False,False,True,20.49,41,False,True,False,False,True,False,24.48,15.95,True,True,True,True,False,False
AST-03946,change_of_mind,phone,south,low,False,False,False,False,15.38,28,False,True,False,False,False,False,15.77,8.48,True,False,True,True,False,True
AST-03947,change_of_mind,email,north,medium,False,False,False,True,58.39,31,False,True,False,False,False,False,21.2,14.41,True,True,False,True,True,False
AST-03948,damaged_item,chat,south,high,False,False,False,True,26.64,13,False,True,False,False,True,False,30.0,19.8,True,True,True,True,False,False
AST-03949,late_delivery,phone,midlands,low,False,False,False,False,23.05,67,False,True,False,False,False,False,16.37,8.09,True,True,True,True,False,False
AST-03950,late_delivery,phone,north,low,True,False,False,False,63.79,35,True,True,True,True,False,False,14.22,9.93,True,True,True,True,False,False
AST-03951,change_of_mind,phone,north,high,False,True,False,False,137.88,3,True,True,True,True,False,False,23.35,17.76,True,True,True,True,False,False
AST-03952,change_of_mind,chat,midlands,high,True,False,True,True,33.74,10,True,True,True,True,False,False,37.7,25.81,False,True,True,True,True,False
AST-03953,change_of_mind,email,midlands,medium,False,False,False,False,36.97,39,False,True,False,False,False,False,15.31,11.0,True,True,True,True,False,False
AST-03954,damaged_item,email,south,medium,False,False,True,True,69.72,76,False,True,False,False,True,False,19.68,12.59,True,True,False,True,False,False
AST-03955,wrong_item,chat,south,low,True,False,False,True,35.73,16,True,True,True,True,True,False,20.23,13.06,True,True,True,True,False,False
AST-03956,late_delivery,chat,south,medium,False,False,True,False,20.14,38,False,True,False,False,False,False,23.1,14.85,True,False,True,True,False,True
AST-03957,missing_refund,email,south,low,False,False,False,True,11.86,33,False,True,False,False,True,False,11.86,6.61,True,True,True,True,False,False
AST-03958,damaged_item,chat,south,medium,False,False,True,False,115.78,18,False,True,False,True,True,False,23.41,13.8,True,False,True,True,False,True
AST-03959,change_of_mind,chat,south,high,False,False,True,True,15.33,20,False,True,False,False,False,False,28.42,18.91,False,True,False,True,True,False
AST-03960,missing_refund,email,midlands,medium,False,False,False,False,78.54,30,False,True,False,False,True,False,25.37,16.25,False,True,True,True,True,False
AST-03961,late_delivery,phone,midlands,medium,False,False,False,False,71.6,23,False,True,False,False,False,False,19.58,12.96,True,True,True,True,False,False
AST-03962,missing_refund,chat,south,low,False,False,True,False,119.5,2,False,True,False,True,True,False,14.79,8.89,True,True,True,True,False,False
AST-03963,wrong_item,email,midlands,medium,False,False,False,False,135.34,7,False,True,False,True,True,False,20.62,13.93,True,True,True,True,False,False
AST-03964,wrong_item,chat,south,medium,False,False,False,False,76.55,20,False,True,False,False,True,False,18.54,11.23,False,True,True,True,True,False
AST-03965,wrong_item,chat,london,low,True,False,False,False,50.82,22,True,True,True,True,True,False,12.86,8.28,True,True,True,True,False,False
AST-03966,late_delivery,chat,south,medium,False,False,False,True,150.37,27,False,True,False,True,False,False,22.35,12.25,True,True,True,True,False,False
AST-03967,late_delivery,chat,north,medium,False,False,False,False,77.44,27,False,True,False,False,False,False,19.77,12.02,True,False,True,True,True,True
AST-03968,damaged_item,chat,south,low,False,False,False,False,29.09,26,False,True,False,False,True,False,13.98,6.74,True,True,True,True,False,False
AST-03969,late_delivery,email,midlands,low,False,False,False,False,26.97,9,False,True,False,False,False,False,13.46,7.13,True,True,True,True,False,False
AST-03970,wrong_item,chat,north,medium,False,False,False,True,184.3,9,False,True,True,True,True,False,20.77,14.14,True,True,False,True,True,False
AST-03971,change_of_mind,email,london,medium,False,False,False,False,109.53,42,False,True,False,True,False,False,15.06,7.44,True,True,True,True,False,False
AST-03972,change_of_mind,phone,midlands,medium,True,False,False,True,111.78,10,True,True,True,True,False,False,22.57,16.05,True,True,True,True,False,False
AST-03973,warranty,chat,midlands,low,True,False,False,False,74.85,20,True,True,True,True,False,False,18.52,11.34,False,True,True,True,True,False
AST-03974,change_of_mind,phone,north,low,False,False,False,False,119.79,19,False,True,False,True,False,False,15.15,7.68,True,True,True,True,False,False
AST-03975,damaged_item,email,north,low,False,False,False,False,23.84,67,False,True,False,False,True,False,15.06,9.36,True,True,True,True,False,False
AST-03976,damaged_item,chat,north,low,False,False,True,True,33.14,19,False,True,True,True,True,False,17.12,11.29,True,True,True,True,False,False
AST-03977,wrong_item,chat,midlands,high,False,False,True,False,63.79,1,False,True,False,False,True,False,27.38,18.32,True,True,False,True,False,False
AST-03978,missing_refund,chat,south,low,False,False,False,False,27.84,61,False,True,False,False,True,False,18.07,10.45,True,False,True,True,False,True
AST-03979,change_of_mind,chat,london,low,True,False,False,True,43.73,11,True,True,True,True,False,False,18.03,11.42,True,True,True,True,False,False
AST-03980,missing_refund,chat,south,medium,False,False,True,True,118.13,19,False,True,False,True,True,False,22.78,14.41,False,False,True,True,True,True
AST-03981,wrong_item,email,south,high,True,False,False,True,31.07,13,True,True,True,True,True,False,27.27,21.05,False,False,False,True,True,True
AST-03982,wrong_item,phone,south,low,False,False,False,True,46.65,45,False,True,False,False,True,False,18.93,10.36,True,True,True,True,False,False
AST-03983,late_delivery,chat,london,medium,False,False,False,False,16.39,17,False,True,False,False,False,False,23.66,13.01,True,True,True,True,False,False
AST-03984,late_delivery,chat,north,high,False,False,False,False,21.05,48,False,True,False,False,False,False,24.17,16.48,False,False,True,True,True,True
AST-03985,wrong_item,chat,midlands,medium,False,False,False,False,48.47,56,False,True,False,False,True,False,21.32,13.07,True,False,True,True,False,True
AST-03986,missing_refund,chat,midlands,medium,False,False,True,False,28.31,13,False,False,False,False,True,False,24.59,13.32,False,True,False,True,True,False
AST-03987,damaged_item,phone,south,medium,False,False,False,True,45.24,21,False,True,False,False,True,False,20.02,12.01,True,True,True,True,False,False
AST-03988,damaged_item,chat,london,low,True,False,False,True,47.04,11,True,True,True,True,True,False,18.41,11.09,True,True,True,True,False,False
AST-03989,damaged_item,chat,south,low,False,False,False,False,91.05,35,False,True,False,False,True,False,10.06,4.0,True,True,True,True,False,False
AST-03990,warranty,chat,north,low,False,False,False,False,32.72,7,True,True,True,True,False,False,11.63,8.14,True,True,True,True,False,False
AST-03991,missing_refund,email,midlands,low,False,False,False,False,35.91,91,False,True,False,False,True,False,14.43,8.59,True,True,True,True,False,False
AST-03992,late_delivery,phone,north,medium,False,False,True,False,56.86,2,False,True,False,False,False,False,26.5,15.45,False,True,True,True,True,False
AST-03993,late_delivery,phone,london,low,False,False,False,False,114.18,46,False,True,False,True,False,False,15.78,9.08,True,True,True,True,False,False
AST-03994,wrong_item,email,north,medium,False,False,True,True,29.61,24,False,True,True,True,True,False,28.55,18.24,False,True,True,True,True,False
AST-03995,missing_refund,chat,london,high,False,False,False,True,52.42,24,False,True,False,False,True,False,28.38,19.43,False,False,True,True,True,True
AST-03996,missing_refund,phone,north,medium,False,False,True,False,37.08,37,False,True,False,False,True,False,26.81,16.56,False,False,True,True,True,True
AST-03997,change_of_mind,chat,london,low,False,False,False,False,38.12,42,False,True,False,False,False,False,16.31,8.08,True,True,True,True,False,False
AST-03998,change_of_mind,chat,midlands,medium,False,False,False,False,52.64,56,False,True,False,False,False,False,21.12,12.74,False,True,True,True,True,False
AST-03999,warranty,phone,south,high,False,False,False,False,27.6,19,True,True,True,True,False,False,23.21,19.05,True,True,True,True,False,False
AST-04000,late_delivery,email,north,medium,False,False,False,True,59.65,4,False,True,False,False,False,False,18.2,11.22,True,True,True,True,False,True
AST-04001,damaged_item,chat,london,low,False,False,False,False,92.71,64,False,True,False,False,True,False,13.37,6.26,True,True,True,True,False,False
AST-04002,late_delivery,email,north,low,False,False,False,False,21.63,18,False,True,False,False,False,False,10.92,5.45,False,True,True,True,True,False
AST-04003,wrong_item,email,south,medium,False,False,False,False,105.61,8,False,True,False,True,True,False,21.54,12.79,True,True,True,True,False,False
AST-04004,change_of_mind,chat,south,medium,False,False,False,True,26.46,40,False,True,True,True,False,False,23.25,14.96,False,True,True,True,True,False
AST-04005,missing_refund,phone,south,low,True,False,False,False,64.72,16,True,True,True,True,True,False,16.84,10.21,False,True,True,True,True,False
AST-04006,damaged_item,chat,london,medium,False,False,False,False,143.49,62,False,True,False,True,True,False,22.63,14.81,True,True,True,True,False,False
AST-04007,wrong_item,phone,north,low,True,False,False,False,21.01,37,True,True,True,True,True,False,15.0,11.65,True,True,True,True,False,False
AST-04008,wrong_item,email,midlands,medium,False,False,False,True,73.52,36,False,True,False,False,True,False,19.37,12.68,True,True,True,True,False,False
AST-04009,late_delivery,phone,london,low,False,False,False,False,82.53,57,False,True,False,False,False,False,15.53,8.43,True,True,True,True,False,False
AST-04010,late_delivery,phone,london,low,False,False,False,False,76.12,32,False,True,False,False,False,False,16.02,9.6,True,True,True,True,False,False
AST-04011,late_delivery,phone,midlands,high,False,False,False,False,102.15,9,False,True,False,True,False,False,21.53,15.24,True,True,True,True,True,False
AST-04012,damaged_item,chat,south,low,False,False,False,True,27.89,51,False,True,False,False,True,False,21.43,10.48,True,True,False,True,True,False
AST-04013,damaged_item,phone,midlands,low,False,False,False,False,71.96,12,False,True,False,False,True,False,11.24,4.26,True,True,False,True,False,False
AST-04014,missing_refund,chat,london,medium,False,False,False,False,35.42,103,False,True,False,False,True,False,19.72,13.07,True,True,True,True,False,False
AST-04015,change_of_mind,email,south,low,False,False,False,False,9.11,41,False,True,False,False,False,False,10.8,4.83,True,True,True,True,False,False
AST-04016,late_delivery,phone,north,high,False,False,False,False,53.25,35,False,True,False,False,False,False,22.43,14.52,False,True,True,True,True,False
AST-04017,wrong_item,phone,north,high,False,False,False,False,40.35,79,False,True,False,False,True,False,24.77,16.68,False,True,True,True,True,False
AST-04018,late_delivery,chat,north,low,False,False,False,False,65.91,14,False,True,False,False,False,False,8.06,4.0,False,True,True,True,True,False
AST-04019,damaged_item,chat,north,low,False,False,False,True,24.52,27,False,True,False,False,True,False,20.17,12.3,True,True,False,True,False,False
AST-04020,late_delivery,phone,south,low,False,False,False,False,71.33,54,False,True,False,False,False,False,13.83,7.61,True,True,True,True,False,False
AST-04021,change_of_mind,email,london,low,False,False,False,True,37.02,2,False,True,False,False,False,False,14.67,8.46,True,True,True,True,False,False
AST-04022,late_delivery,phone,london,medium,False,False,False,False,17.03,11,False,True,False,False,False,False,20.5,13.47,True,True,True,True,False,False
AST-04023,damaged_item,chat,london,low,False,False,False,False,26.86,41,False,True,False,False,True,False,10.45,6.62,True,True,False,True,False,False
AST-04024,wrong_item,email,south,medium,False,False,True,False,21.13,61,False,True,False,False,True,False,20.87,12.27,True,False,True,True,False,True
AST-04025,change_of_mind,phone,london,low,False,False,True,False,14.64,5,False,True,False,False,False,False,12.38,7.29,True,True,True,True,False,False
AST-04026,change_of_mind,email,south,high,False,False,True,False,45.42,39,False,True,False,False,False,False,27.26,19.42,False,False,False,True,True,True
AST-04027,change_of_mind,chat,london,low,False,False,False,False,73.87,20,False,True,False,False,False,False,18.89,10.36,True,True,False,True,False,False
AST-04028,wrong_item,email,south,high,False,False,False,False,53.76,54,False,True,False,False,True,False,21.06,14.0,True,True,True,True,True,False
AST-04029,change_of_mind,phone,north,low,False,False,False,True,29.17,31,False,True,False,False,False,False,13.82,6.23,True,False,True,True,False,True
AST-04030,change_of_mind,chat,midlands,medium,False,False,True,False,82.35,34,False,False,False,False,False,False,18.82,12.41,True,False,True,True,False,True
AST-04031,change_of_mind,email,north,medium,False,False,True,True,50.9,6,False,True,False,False,False,False,25.98,16.45,False,True,True,True,True,False
AST-04032,change_of_mind,phone,london,low,False,True,False,True,26.76,18,True,True,True,True,False,False,16.44,11.02,True,True,True,True,False,False
AST-04033,change_of_mind,email,south,medium,False,False,False,False,40.41,14,False,True,False,False,False,False,18.32,10.89,True,False,True,True,False,True
AST-04034,missing_refund,chat,north,high,False,False,False,True,46.66,44,False,True,False,False,True,False,31.36,21.13,True,True,True,True,False,False
AST-04035,late_delivery,email,london,low,False,False,False,True,81.11,32,False,True,False,False,False,False,17.77,8.77,True,True,True,True,False,False
AST-04036,change_of_mind,chat,london,medium,False,False,False,False,17.91,75,False,True,False,False,False,False,20.47,11.84,True,True,False,True,False,False
AST-04037,late_delivery,chat,midlands,high,False,False,False,False,30.37,39,False,True,False,False,False,False,23.48,17.0,False,True,True,True,True,False
AST-04038,late_delivery,phone,midlands,low,True,False,False,True,73.02,23,True,True,True,True,False,False,16.94,9.95,False,True,True,True,True,False
AST-04039,damaged_item,chat,south,medium,False,False,False,True,37.12,22,False,False,False,False,True,False,20.21,12.63,True,False,True,True,False,True
AST-04040,warranty,chat,london,medium,False,False,False,True,23.04,40,True,True,True,True,False,False,20.59,12.84,True,True,True,True,False,False
AST-04041,change_of_mind,email,north,medium,False,False,False,False,44.43,43,False,True,False,False,False,False,16.05,9.93,True,False,False,True,False,True
AST-04042,missing_refund,chat,london,high,False,True,False,True,43.83,9,True,True,True,True,True,False,25.47,16.84,True,False,True,True,True,True
AST-04043,missing_refund,chat,london,low,False,True,False,False,41.91,15,True,True,True,True,True,False,15.7,10.41,False,True,True,True,True,False
AST-04044,late_delivery,email,north,medium,False,False,False,True,29.97,28,False,True,False,False,False,False,22.46,12.88,False,True,True,True,True,False
AST-04045,late_delivery,chat,south,medium,False,False,False,False,90.77,13,False,True,False,False,False,False,23.78,15.25,True,True,True,True,False,False
AST-04046,late_delivery,chat,london,low,False,False,False,False,29.66,27,False,True,False,False,False,False,18.95,11.02,True,True,True,True,False,False
AST-04047,change_of_mind,chat,south,low,False,False,False,True,11.96,7,False,True,False,False,False,False,19.62,10.72,True,True,True,True,False,False
AST-04048,damaged_item,email,london,medium,False,False,False,True,30.86,92,False,True,True,True,True,False,18.06,11.36,True,True,True,True,False,False
AST-04049,late_delivery,chat,london,low,False,False,False,True,14.41,35,False,True,False,False,False,False,13.43,7.36,True,True,True,True,False,False
AST-04050,wrong_item,chat,london,high,False,False,False,True,43.6,28,False,True,False,False,True,False,28.25,18.48,True,True,True,True,False,False
AST-04051,wrong_item,email,north,low,False,False,False,False,160.68,18,False,True,False,True,True,False,16.72,9.25,True,True,True,True,False,False
AST-04052,damaged_item,chat,london,high,False,False,False,False,42.27,7,False,True,False,False,True,False,23.45,15.12,False,True,False,True,True,False
AST-04053,warranty,email,london,medium,False,False,False,False,33.55,6,True,True,True,True,False,False,24.78,17.22,False,True,True,True,True,False
AST-04054,damaged_item,email,midlands,low,False,False,False,False,23.59,11,False,True,False,False,True,False,8.32,4.27,True,True,True,True,False,False
AST-04055,wrong_item,phone,london,high,False,True,True,True,111.86,14,True,True,True,True,True,False,23.4,15.86,True,False,True,True,False,True
AST-04056,change_of_mind,phone,south,medium,False,False,False,True,19.91,46,False,False,False,False,False,False,22.67,13.87,True,True,True,True,False,False
AST-04057,warranty,chat,south,low,False,False,False,True,74.87,19,True,True,True,True,False,False,16.73,9.29,True,True,True,True,False,False
AST-04058,wrong_item,chat,north,low,False,False,False,False,55.72,57,False,True,False,False,True,False,18.18,10.55,False,True,True,True,True,False
AST-04059,late_delivery,chat,north,high,False,False,False,False,84.54,14,False,True,False,False,False,False,25.82,16.6,False,True,True,True,True,False
AST-04060,late_delivery,phone,midlands,low,False,False,False,False,39.11,21,False,True,False,False,False,False,14.01,7.77,False,True,True,True,True,False
AST-04061,damaged_item,email,south,high,False,False,True,False,19.47,17,False,True,False,False,True,False,23.48,14.78,True,False,False,True,False,True
AST-04062,damaged_item,chat,london,low,False,False,False,False,86.08,95,False,True,False,False,True,False,15.79,7.8,True,True,True,True,False,False
AST-04063,warranty,chat,south,medium,False,False,False,True,18.31,28,True,True,True,True,False,False,21.09,14.67,False,True,False,True,True,False
AST-04064,damaged_item,email,south,high,False,False,True,True,12.99,20,False,True,False,False,True,False,28.96,20.0,False,True,False,True,True,False
AST-04065,warranty,phone,midlands,high,False,False,False,True,31.18,21,True,True,True,True,False,False,25.36,19.55,False,False,True,True,True,True
AST-04066,wrong_item,phone,midlands,medium,False,False,False,True,72.62,20,False,True,False,False,True,False,22.48,13.32,True,False,True,True,False,True
AST-04067,wrong_item,email,south,low,False,False,False,False,102.88,10,False,True,False,True,True,False,19.16,10.84,False,True,True,True,True,False
AST-04068,late_delivery,phone,midlands,low,False,False,False,False,99.46,50,False,True,False,False,False,False,15.98,8.98,True,True,True,True,False,False
AST-04069,late_delivery,chat,midlands,medium,False,False,False,False,73.29,21,False,True,False,False,False,False,21.25,12.77,False,True,True,True,True,False
AST-04070,late_delivery,chat,london,medium,True,False,False,False,250.84,4,True,True,True,True,False,False,21.31,14.95,True,True,True,True,False,False
AST-04071,wrong_item,email,north,medium,False,False,False,False,34.24,14,False,True,False,False,True,False,22.18,14.24,False,True,True,True,True,False
AST-04072,change_of_mind,chat,london,low,False,False,False,True,37.21,12,False,True,True,True,False,False,11.87,8.2,False,True,True,True,True,False
AST-04073,missing_refund,email,north,medium,True,False,False,True,19.65,85,True,True,True,True,True,False,26.44,18.43,True,True,True,True,False,False
AST-04074,change_of_mind,chat,midlands,medium,False,False,False,False,64.14,44,False,True,False,False,False,False,16.13,9.25,True,True,True,True,False,False
AST-04075,late_delivery,chat,south,low,False,False,False,False,42.55,40,False,True,False,False,False,False,13.29,7.32,True,True,True,True,False,False
AST-04076,damaged_item,phone,midlands,high,False,False,False,False,10.74,22,False,True,False,False,True,False,21.83,14.32,True,True,True,True,False,False
AST-04077,missing_refund,chat,north,low,False,False,False,True,82.11,15,False,True,True,True,True,False,20.06,13.23,True,True,True,True,False,False
AST-04078,wrong_item,chat,south,medium,True,True,True,False,37.69,33,True,True,True,True,True,False,21.71,15.28,True,True,False,True,False,False
AST-04079,change_of_mind,phone,south,medium,False,False,False,False,50.66,7,False,True,False,False,False,False,21.52,12.48,True,True,True,True,False,False
AST-04080,warranty,email,london,medium,False,False,False,False,44.42,54,True,True,True,True,False,False,21.98,15.75,False,False,True,True,True,True
AST-04081,change_of_mind,chat,london,medium,False,False,False,False,116.29,28,False,True,False,True,False,False,23.92,14.18,True,True,True,True,False,False
AST-04082,change_of_mind,chat,london,medium,False,False,False,False,74.43,80,False,True,False,False,False,False,19.39,11.27,True,True,True,True,False,False
AST-04083,damaged_item,chat,north,medium,False,False,False,False,98.78,43,False,True,False,False,True,False,23.3,12.58,False,False,True,True,True,True
AST-04084,wrong_item,chat,north,medium,True,True,False,True,156.81,37,True,True,True,True,True,False,21.18,15.55,True,True,True,True,False,False
AST-04085,damaged_item,email,midlands,medium,True,False,False,True,16.88,18,True,True,True,True,True,False,26.37,16.81,True,True,True,True,False,False
AST-04086,late_delivery,email,midlands,low,False,False,False,True,42.99,62,False,True,True,True,False,False,13.71,9.66,True,True,True,True,False,False
AST-04087,late_delivery,email,midlands,high,False,False,False,True,8,50,False,True,False,False,False,False,26.14,17.07,False,True,True,True,True,False
AST-04088,change_of_mind,chat,london,low,False,False,False,True,28.73,78,False,True,False,False,False,False,20.87,11.44,True,True,False,True,False,False
AST-04089,late_delivery,chat,london,medium,False,False,False,False,44.97,20,False,True,False,False,False,False,22.48,14.17,False,True,True,True,True,False
AST-04090,change_of_mind,chat,north,medium,True,False,False,True,30.57,22,True,True,True,True,False,False,20.47,13.31,True,True,True,True,False,False
AST-04091,wrong_item,email,london,high,False,False,False,False,88.35,51,False,True,False,False,True,False,24.23,16.0,True,True,True,True,False,False
AST-04092,change_of_mind,email,midlands,medium,False,False,False,False,24.74,21,False,True,False,False,False,False,21.89,12.53,True,True,True,True,False,False
AST-04093,damaged_item,phone,north,low,False,False,False,False,16.99,72,False,True,False,False,True,False,14.87,8.34,False,True,True,True,True,False
AST-04094,change_of_mind,email,south,medium,False,False,False,False,93.67,13,False,True,False,False,False,False,20.4,14.06,True,True,True,True,False,False
AST-04095,late_delivery,phone,london,low,False,True,False,False,13.05,60,True,True,True,True,False,False,10.08,7.16,True,True,True,True,False,False
AST-04096,missing_refund,phone,midlands,high,False,True,False,False,170.15,18,True,True,True,True,True,False,17.71,13.83,True,True,True,True,False,False
AST-04097,warranty,email,north,medium,True,False,False,False,58.86,26,True,True,True,True,False,False,18.48,13.5,True,True,True,True,False,False
AST-04098,late_delivery,phone,london,low,False,False,False,False,48.4,13,False,True,False,False,False,False,12.26,7.62,True,True,True,True,False,False
AST-04099,wrong_item,email,south,medium,False,False,False,True,29.18,62,False,True,True,True,True,False,21.73,14.87,True,True,False,True,False,False
AST-04100,late_delivery,chat,north,medium,False,False,False,False,14.91,4,False,True,False,False,False,False,16.14,10.27,True,True,True,True,False,False
AST-04101,change_of_mind,email,north,medium,False,False,False,False,160.2,44,False,True,False,True,False,False,19.35,11.87,False,True,True,True,True,False
AST-04102,wrong_item,email,london,medium,False,False,False,False,47.38,10,False,True,False,False,True,False,22.06,12.93,False,True,False,True,True,False
AST-04103,change_of_mind,email,north,medium,False,False,False,False,31.7,30,False,True,False,False,False,False,23.79,14.86,True,True,True,True,False,False
AST-04104,change_of_mind,chat,midlands,low,False,False,False,False,23.47,25,False,True,False,False,False,False,13.02,7.65,True,True,True,True,False,False
AST-04105,wrong_item,chat,south,low,False,False,True,False,69.24,31,False,True,False,False,True,False,18.81,10.73,True,True,True,True,False,False
AST-04106,wrong_item,chat,north,high,False,False,False,False,17.5,32,False,True,False,False,True,False,27.33,18.51,True,True,True,True,True,False
AST-04107,late_delivery,phone,south,medium,False,False,False,False,161.8,13,False,True,False,True,False,False,18.69,10.76,True,True,True,True,False,False
AST-04108,change_of_mind,phone,london,low,False,False,True,False,58.71,17,False,True,False,False,False,False,16.26,8.62,True,True,False,True,True,False
AST-04109,missing_refund,email,north,medium,True,False,False,False,60.13,21,True,True,False,False,True,False,21.48,12.17,True,True,True,True,False,False
AST-04110,change_of_mind,phone,south,medium,True,False,False,False,38.66,31,True,True,True,True,False,False,17.39,11.94,True,True,True,True,False,False
AST-04111,wrong_item,phone,london,low,False,False,False,False,17.1,18,False,True,False,False,True,False,14.79,7.71,True,True,True,True,False,False
AST-04112,damaged_item,chat,north,medium,False,False,False,False,18.41,29,False,True,False,False,True,False,20.59,10.86,True,True,True,True,False,False
AST-04113,damaged_item,phone,midlands,low,False,False,False,False,18.37,2,False,True,False,False,True,False,15.46,8.85,True,True,True,True,True,False
AST-04114,late_delivery,chat,london,medium,False,False,False,True,24.53,63,False,True,False,False,False,False,20.99,12.6,False,True,True,True,True,False
AST-04115,damaged_item,chat,north,medium,False,False,False,True,31.08,7,False,True,False,False,True,False,22.06,13.78,True,True,True,True,False,False
AST-04116,wrong_item,chat,london,high,False,False,True,False,18.38,33,False,True,False,False,True,False,29.08,20.35,False,True,False,True,True,False
AST-04117,warranty,phone,london,medium,False,False,True,False,95.91,82,True,True,True,True,False,False,22.55,16.02,False,True,False,True,True,False
AST-04118,damaged_item,chat,south,low,False,False,False,False,28.71,32,False,True,False,False,True,False,18.13,11.38,True,True,True,True,False,False
AST-04119,missing_refund,email,midlands,high,False,False,False,False,70.03,3,False,True,False,False,True,False,24.93,16.91,True,False,True,True,False,True
AST-04120,damaged_item,email,london,medium,False,False,False,False,28.09,31,False,True,False,False,True,False,19.53,12.44,True,False,True,True,False,True
AST-04121,late_delivery,chat,midlands,low,False,False,False,False,32.95,12,False,True,False,False,False,False,15.61,8.29,True,True,True,True,False,False
AST-04122,late_delivery,phone,midlands,low,False,False,True,False,26.22,13,False,True,False,False,False,False,22.84,12.48,True,True,True,True,False,False
AST-04123,missing_refund,chat,london,low,False,False,False,False,11.33,22,False,True,False,False,True,False,7.93,4.58,True,True,True,True,False,False
AST-04124,warranty,phone,south,medium,False,False,False,False,32.2,26,True,True,True,True,False,False,16.78,13.73,True,False,True,True,False,True
AST-04125,damaged_item,chat,midlands,high,False,False,False,False,8.73,39,False,True,False,False,True,False,29.22,19.62,True,True,False,True,False,False
AST-04126,wrong_item,phone,midlands,high,True,False,True,False,91.67,17,True,True,True,True,True,False,26.26,19.21,True,True,True,True,False,False
AST-04127,late_delivery,chat,london,low,False,False,False,True,142.95,14,False,True,True,True,False,False,17.7,11.26,True,True,True,True,False,False
AST-04128,late_delivery,phone,south,low,False,False,False,False,85.66,17,False,True,False,False,False,False,14.33,7.06,True,True,True,True,False,False
AST-04129,change_of_mind,phone,south,low,False,False,False,False,73.41,75,False,True,False,False,False,False,14.4,8.15,True,True,True,True,False,False
AST-04130,change_of_mind,chat,north,medium,False,False,False,False,47.79,18,False,True,False,False,False,False,18.86,10.56,False,True,True,True,True,False
AST-04131,wrong_item,phone,london,medium,True,False,True,False,23.08,67,True,True,False,False,True,False,18.96,12.96,True,False,True,True,False,True
AST-04132,warranty,phone,south,low,True,False,False,False,61.72,22,True,True,True,True,False,False,13.41,9.2,True,True,True,True,False,False
AST-04133,change_of_mind,phone,london,low,False,False,False,False,62.14,58,False,True,False,False,False,False,16.65,7.68,True,True,True,True,False,False
AST-04134,late_delivery,email,south,medium,False,False,False,True,91.05,3,False,True,False,False,False,False,18.68,10.03,False,True,True,True,True,False
AST-04135,missing_refund,chat,midlands,low,False,False,False,True,43.59,24,False,True,True,True,True,False,21.53,14.47,True,True,False,True,False,False
AST-04136,late_delivery,chat,midlands,medium,False,False,False,True,65.52,7,False,True,False,False,False,False,21.05,12.26,True,True,True,True,False,False
AST-04137,late_delivery,chat,london,low,False,False,False,False,18.95,37,False,True,False,False,False,False,8.91,5.09,True,True,True,True,False,False
AST-04138,late_delivery,phone,south,medium,False,False,False,False,45.4,30,False,True,False,False,False,False,19.91,11.19,False,True,True,True,True,False
AST-04139,damaged_item,phone,midlands,high,False,False,False,True,99.71,40,False,True,False,False,True,False,26.87,18.47,False,True,False,True,True,False
AST-04140,late_delivery,chat,midlands,low,False,False,False,True,97.42,95,False,True,False,False,False,False,16.97,8.94,True,True,True,True,False,False
AST-04141,late_delivery,chat,south,medium,True,False,False,False,51.42,32,True,True,True,True,False,False,21.37,13.93,False,True,True,True,True,False
AST-04142,late_delivery,email,midlands,low,False,False,False,False,50.25,61,False,True,False,False,False,False,18.15,10.26,True,True,True,True,False,False
AST-04143,damaged_item,phone,midlands,medium,False,False,False,True,29.08,29,False,True,False,False,True,False,17.58,9.87,False,True,False,True,True,False
AST-04144,missing_refund,chat,london,medium,False,False,False,True,63.81,22,False,True,True,True,True,False,22.22,15.37,False,True,True,True,True,False
AST-04145,late_delivery,email,north,low,False,False,False,False,43.98,30,False,True,False,False,False,False,16.93,9.17,True,True,True,True,False,False
AST-04146,late_delivery,chat,london,low,False,False,False,False,9.46,35,False,True,False,False,False,False,11.92,6.13,True,True,True,True,False,False
AST-04147,missing_refund,email,london,medium,False,False,False,False,112.57,26,False,True,False,True,True,False,18.58,12.49,True,True,True,True,False,False
AST-04148,late_delivery,phone,london,high,False,False,False,False,64.38,68,False,True,False,False,False,False,25.65,17.13,False,True,True,True,True,False
AST-04149,damaged_item,phone,london,medium,False,False,False,False,59.58,35,False,True,False,False,True,False,20.94,14.27,False,True,True,True,True,False
AST-04150,late_delivery,email,south,low,False,False,False,False,100.17,11,False,True,False,True,False,False,14.93,7.19,True,True,True,True,False,False
AST-04151,damaged_item,email,london,low,False,False,False,False,58.05,13,False,True,False,False,True,False,15.73,8.64,True,True,True,True,False,False
AST-04152,damaged_item,email,midlands,high,False,False,True,True,18.82,31,False,False,False,False,True,False,25.64,17.28,True,True,False,True,False,False
AST-04153,late_delivery,chat,north,medium,False,False,False,False,33.14,19,False,True,False,False,False,False,21.88,13.44,False,True,True,True,True,False
AST-04154,wrong_item,email,south,low,False,False,False,False,97.12,19,False,True,False,False,True,False,15.49,8.17,True,False,True,True,False,True
AST-04155,warranty,chat,north,low,False,False,False,False,80.4,27,True,True,True,True,False,False,12.66,8.64,True,True,True,True,False,False
AST-04156,damaged_item,phone,north,high,False,False,False,False,36.88,56,False,True,False,False,True,False,20.79,14.58,True,False,True,True,False,True
AST-04157,late_delivery,chat,south,medium,False,False,True,True,63.4,72,False,True,False,False,False,False,29.24,17.86,False,True,True,True,True,False
AST-04158,late_delivery,chat,north,low,False,False,False,True,55.08,27,False,True,False,False,False,False,15.05,6.98,True,True,True,True,False,False
AST-04159,missing_refund,chat,london,high,False,False,False,True,54.59,4,False,False,False,False,True,False,22.1,16.7,False,True,True,True,True,False
AST-04160,warranty,email,south,medium,True,False,False,False,14.14,4,True,True,True,True,False,False,21.77,15.91,True,False,True,True,False,True
AST-04161,missing_refund,chat,south,medium,False,False,False,True,12.31,42,False,True,False,False,True,False,18.36,11.92,True,True,True,True,False,False
AST-04162,warranty,phone,north,high,False,True,False,False,11.96,56,True,True,True,True,False,False,28.43,20.42,True,True,True,True,False,False
AST-04163,late_delivery,email,london,high,True,False,False,False,52.57,22,True,True,True,True,False,False,27.18,19.48,False,False,True,True,True,True
AST-04164,warranty,email,south,low,False,False,True,False,15.63,20,True,True,True,True,False,False,12.76,9.33,True,True,True,True,False,False
AST-04165,wrong_item,chat,midlands,medium,False,False,True,False,83.77,37,False,True,False,False,True,False,24.82,14.49,True,True,True,True,False,False
AST-04166,late_delivery,chat,midlands,low,False,False,True,True,29.73,37,False,True,True,True,False,False,22.03,12.91,False,True,True,True,True,False
AST-04167,damaged_item,chat,london,medium,False,False,False,False,87.42,18,False,True,False,False,True,False,20.14,12.33,False,True,True,True,True,False
AST-04168,change_of_mind,chat,south,low,False,False,False,False,8,38,False,True,False,False,False,False,14.06,8.0,True,True,True,True,False,False
AST-04169,late_delivery,email,south,medium,False,False,False,False,80.64,11,False,True,False,False,False,False,21.22,12.64,True,True,True,True,False,False
AST-04170,late_delivery,email,south,medium,False,False,False,False,47.97,8,False,True,False,False,False,False,20.01,11.74,True,True,True,True,False,False
AST-04171,late_delivery,chat,midlands,low,False,False,False,False,23.28,54,False,True,False,False,False,False,14.77,7.48,True,True,True,True,False,False
AST-04172,warranty,chat,london,low,False,False,False,False,54.91,16,True,True,True,True,False,False,11.4,7.78,False,False,True,True,True,True
AST-04173,late_delivery,chat,north,low,True,False,False,False,13.59,13,True,True,True,True,False,False,13.15,8.92,False,True,True,True,True,False
AST-04174,late_delivery,chat,north,low,False,False,False,True,36.7,31,False,True,True,True,False,False,15.69,10.39,True,False,True,True,False,True
AST-04175,late_delivery,phone,south,low,False,False,False,False,14.97,10,False,True,False,False,False,False,14.28,7.98,True,True,True,True,False,False
AST-04176,change_of_mind,phone,south,medium,False,False,False,True,17.46,19,False,True,False,False,False,False,17.38,10.05,False,False,True,True,True,True
AST-04177,damaged_item,chat,london,high,False,False,True,False,40.41,17,False,True,False,False,True,False,26.28,17.74,True,True,False,True,False,False
AST-04178,wrong_item,chat,south,medium,False,False,True,False,21.61,4,False,True,False,False,True,False,26.6,16.8,False,True,True,True,True,False
AST-04179,missing_refund,phone,north,medium,False,False,False,False,70.78,42,False,True,False,False,True,False,16.51,9.52,True,True,True,True,False,False
AST-04180,late_delivery,phone,north,medium,False,False,False,True,89.94,43,False,True,False,False,False,False,22.63,12.76,False,False,False,True,True,True
AST-04181,change_of_mind,phone,south,low,False,False,False,False,16.55,25,False,True,False,False,False,False,15.27,8.25,True,True,True,True,False,False
AST-04182,late_delivery,chat,south,low,False,False,False,False,25.36,1,False,True,False,False,False,False,16.44,9.95,True,True,True,True,False,False
AST-04183,wrong_item,chat,south,medium,False,False,False,False,16.96,15,False,True,False,False,True,False,17.92,10.41,True,True,True,True,False,False
AST-04184,wrong_item,chat,south,medium,False,False,False,True,20.03,31,False,True,False,False,True,False,24.25,15.0,False,True,True,True,True,False
AST-04185,late_delivery,chat,north,medium,False,False,False,False,14.5,2,False,True,False,False,False,False,20.29,12.53,False,True,True,True,True,False
AST-04186,wrong_item,chat,north,high,False,True,False,False,93.16,26,True,True,True,True,True,False,26.04,18.78,False,True,True,True,True,False
AST-04187,warranty,chat,london,high,False,False,False,False,34.84,21,True,True,True,True,False,False,27.98,19.76,True,True,True,True,False,False
AST-04188,missing_refund,chat,north,low,False,False,True,False,34.94,9,False,True,False,False,True,False,26.36,14.18,True,True,False,True,False,False
AST-04189,wrong_item,phone,north,low,False,False,False,False,85.38,43,False,True,False,False,True,False,12.35,6.12,True,True,True,True,False,False
AST-04190,wrong_item,phone,london,medium,False,False,False,True,76.16,29,False,True,False,False,True,False,24.28,15.33,False,True,True,True,True,False
AST-04191,wrong_item,chat,midlands,high,False,False,False,False,12.17,18,False,True,False,False,True,False,28.35,19.44,False,True,True,True,True,False
AST-04192,missing_refund,phone,south,medium,False,False,True,False,57.37,20,False,True,False,False,True,False,22.17,14.46,True,False,True,True,False,True
AST-04193,change_of_mind,phone,london,high,True,False,False,False,93.54,23,True,True,True,True,False,False,22.24,16.38,True,True,True,True,True,False
AST-04194,missing_refund,email,south,low,False,False,False,False,9.45,37,False,True,False,False,True,False,9.06,6.0,True,True,True,True,False,False
AST-04195,late_delivery,email,midlands,low,False,False,False,False,33.9,17,False,True,False,False,False,False,17.01,8.8,True,True,True,True,False,False
AST-04196,missing_refund,email,north,low,False,False,True,False,11.04,35,False,True,False,False,True,False,18.66,11.64,True,True,True,True,False,False
AST-04197,missing_refund,chat,midlands,low,False,False,False,False,88.43,33,False,True,False,False,True,False,12.8,8.03,False,True,True,True,True,False
AST-04198,damaged_item,email,midlands,low,False,False,False,False,76.16,50,False,True,False,False,True,False,16.17,9.22,True,True,True,True,False,False
AST-04199,late_delivery,chat,north,high,False,False,True,False,37.63,106,False,True,False,False,False,False,30.01,21.0,True,True,True,True,False,False
AST-04200,late_delivery,chat,london,medium,False,False,True,False,41.56,20,False,True,False,False,False,False,25.19,14.95,False,True,True,True,True,False
AST-04201,late_delivery,email,south,medium,False,False,False,True,65.3,3,False,True,False,False,False,False,29.28,19.53,False,True,True,True,True,False
AST-04202,late_delivery,chat,south,medium,False,False,False,True,19.72,30,False,True,False,False,False,False,24.52,14.27,True,True,True,False,False,False
AST-04203,wrong_item,email,north,medium,False,False,False,False,32.91,33,False,True,False,False,True,False,23.7,14.13,False,True,True,True,True,False
AST-04204,damaged_item,email,midlands,low,False,False,False,False,121.79,30,False,True,False,True,True,False,17.21,8.5,True,True,False,True,False,False
AST-04205,damaged_item,email,midlands,medium,False,False,True,False,39.44,47,False,True,False,False,True,False,20.62,12.92,False,True,True,True,True,False
AST-04206,late_delivery,phone,north,low,False,False,False,False,9.95,69,False,True,False,False,False,False,16.18,8.47,False,True,True,True,True,False
AST-04207,late_delivery,chat,london,low,False,False,False,False,155.25,15,False,True,False,True,False,False,15.93,9.12,False,True,True,True,True,False
AST-04208,warranty,chat,london,high,True,False,False,True,53.77,31,True,True,True,True,False,False,25.03,17.49,True,True,True,True,False,False
AST-04209,change_of_mind,phone,north,low,False,False,False,True,45.17,8,False,True,True,True,False,False,16.49,10.51,False,True,True,True,True,False
AST-04210,damaged_item,email,midlands,low,False,False,True,False,55.75,14,False,True,False,False,True,False,20.3,11.58,False,False,True,True,True,True
AST-04211,change_of_mind,chat,london,low,True,False,False,False,92.25,11,True,True,True,True,False,False,14.73,8.34,True,False,True,True,True,True
AST-04212,missing_refund,chat,south,low,False,False,False,True,49.18,23,False,True,False,False,True,False,16.95,8.91,True,True,True,True,False,False
AST-04213,missing_refund,chat,north,high,False,True,False,True,59.21,19,True,True,True,True,True,False,29.99,21.74,True,True,False,True,True,False
AST-04214,late_delivery,chat,london,medium,False,False,True,False,36.64,25,False,True,False,False,False,False,19.68,12.08,True,False,False,True,False,True
AST-04215,late_delivery,email,london,medium,False,True,False,False,139.42,8,True,True,True,True,False,False,19.31,13.71,True,True,True,True,False,False
AST-04216,change_of_mind,chat,south,low,False,False,False,False,21.85,22,False,True,False,False,False,False,11.45,7.46,True,True,False,True,False,False
AST-04217,damaged_item,email,london,low,False,False,False,False,44.54,12,False,True,False,False,True,False,10.45,6.5,True,True,True,True,True,False
AST-04218,warranty,phone,south,medium,True,False,False,True,30.86,62,True,True,True,True,False,False,22.99,14.8,True,False,True,True,False,True
AST-04219,change_of_mind,phone,north,high,False,False,False,False,43.02,11,False,True,False,False,False,False,24.09,16.58,False,True,True,True,True,False
AST-04220,change_of_mind,email,south,medium,False,False,False,True,36.9,57,False,True,True,True,False,False,21.21,14.49,True,True,True,True,False,False
AST-04221,warranty,email,south,medium,False,False,False,True,57.57,5,True,True,True,True,False,False,21.77,14.61,True,True,True,True,False,False
AST-04222,damaged_item,email,midlands,medium,False,False,False,True,24.51,32,False,False,True,True,True,False,20.51,14.63,True,True,True,True,False,False
AST-04223,wrong_item,email,london,low,False,False,False,True,14.68,26,False,True,True,True,True,False,15.5,9.95,True,True,True,True,False,False
AST-04224,damaged_item,chat,london,low,False,False,False,False,33.85,57,False,True,False,False,True,False,12.03,5.6,False,True,False,True,True,False
AST-04225,wrong_item,chat,midlands,low,False,False,False,False,53.36,67,False,True,False,False,True,False,13.48,7.6,False,True,False,True,True,False
AST-04226,late_delivery,chat,south,low,False,False,False,True,451.15,10,True,True,True,True,False,False,14.31,11.04,True,True,True,True,False,False
AST-04227,damaged_item,phone,north,medium,False,False,False,False,157.68,46,False,True,False,True,True,False,17.43,10.73,True,True,True,True,False,False
AST-04228,late_delivery,email,north,low,False,False,False,False,60.06,49,False,True,False,False,False,False,11.94,7.69,False,True,True,True,True,False
AST-04229,late_delivery,email,south,high,False,False,False,False,119.3,30,False,True,False,True,False,False,21.35,14.66,True,True,False,True,False,False
AST-04230,late_delivery,chat,south,high,False,False,False,True,18.9,32,False,True,False,False,False,False,22.26,15.32,False,True,True,True,True,False
AST-04231,change_of_mind,email,london,low,False,False,False,False,34.65,22,False,True,False,False,False,False,14.84,7.29,False,True,True,True,True,False
AST-04232,change_of_mind,chat,south,low,False,False,False,False,47.76,32,False,True,False,False,False,False,19.06,9.84,True,True,False,True,False,False
AST-04233,missing_refund,email,north,low,False,False,False,True,28.47,11,False,True,False,False,True,False,19.16,10.14,True,True,True,True,False,False
AST-04234,missing_refund,phone,north,high,False,False,False,False,42.43,23,False,True,False,False,True,False,24.34,16.21,False,True,True,True,True,False
AST-04235,damaged_item,chat,south,low,True,False,False,False,26.64,13,True,True,True,True,True,False,16.44,10.17,True,True,True,True,False,False
AST-04236,damaged_item,email,south,medium,False,False,True,False,46.01,56,False,True,False,False,True,False,15.28,10.22,True,True,True,True,False,False
AST-04237,change_of_mind,chat,london,low,True,False,False,True,8.42,37,True,True,True,True,False,False,12.9,8.52,True,True,True,True,False,False
AST-04238,missing_refund,email,midlands,low,False,False,False,False,46.98,18,False,True,False,False,True,False,14.67,7.32,False,True,True,True,True,False
AST-04239,late_delivery,email,south,high,False,False,False,True,46.63,72,False,True,False,False,False,False,23.27,15.46,True,True,True,True,False,False
AST-04240,warranty,chat,london,medium,True,False,True,False,61.49,87,True,True,True,True,False,False,19.18,12.44,True,True,True,True,False,False
AST-04241,change_of_mind,email,midlands,low,True,False,False,False,9.88,37,True,True,True,True,False,False,21.24,12.9,False,True,False,True,True,False
AST-04242,wrong_item,email,london,low,False,False,False,False,61.18,10,False,True,False,False,True,False,10.23,5.82,True,True,True,True,False,False
AST-04243,damaged_item,email,midlands,medium,False,True,False,False,69.47,41,True,True,True,True,True,False,22.77,14.73,True,True,True,True,False,False
AST-04244,wrong_item,email,north,low,False,False,False,False,42.12,20,False,True,False,False,True,False,11.64,6.16,True,True,True,True,False,False
AST-04245,change_of_mind,email,london,low,False,False,False,False,17.65,29,False,True,False,False,False,False,16.44,8.37,True,True,False,True,False,False
AST-04246,late_delivery,phone,london,low,False,True,False,False,187.39,45,True,True,True,True,False,False,12.95,7.87,True,True,True,True,False,False
AST-04247,wrong_item,email,north,low,False,False,False,False,8,7,False,True,False,False,True,False,15.36,7.98,False,True,True,True,True,False
AST-04248,late_delivery,chat,london,low,True,False,False,False,57.74,19,True,True,True,True,False,False,12.57,9.22,True,True,True,True,False,False
AST-04249,damaged_item,phone,midlands,medium,False,False,False,False,303.55,6,True,True,True,True,True,False,10.89,8.38,False,True,True,True,True,False
AST-04250,wrong_item,chat,london,low,False,False,False,False,25.96,26,False,True,False,False,True,False,12.61,7.08,True,True,True,True,False,False
AST-04251,missing_refund,email,north,medium,False,False,False,False,44.0,56,False,True,False,False,True,False,15.53,9.13,True,True,True,True,True,False
AST-04252,wrong_item,phone,south,medium,False,False,False,True,105.38,52,False,True,True,True,True,False,22.47,15.68,True,True,True,True,False,True
AST-04253,late_delivery,phone,midlands,medium,False,False,False,False,36.72,26,False,True,False,False,False,False,17.46,10.8,True,True,True,True,False,False
AST-04254,late_delivery,phone,midlands,medium,False,False,True,False,15.18,19,False,True,False,False,False,False,26.7,16.84,False,True,True,True,True,False
AST-04255,damaged_item,chat,midlands,low,False,False,False,False,50.84,42,False,True,False,False,True,False,12.51,5.49,False,True,True,True,True,False
AST-04256,late_delivery,phone,london,medium,True,False,False,True,9.8,10,True,True,True,True,False,False,21.11,15.19,True,True,False,True,False,False
AST-04257,damaged_item,email,london,medium,False,False,False,True,100.0,14,False,True,False,True,True,False,20.84,12.98,False,False,True,True,True,True
AST-04258,change_of_mind,chat,south,medium,False,False,False,False,38.07,18,False,True,False,False,False,False,26.22,16.94,True,True,True,True,False,False
AST-04259,late_delivery,chat,midlands,low,False,False,False,False,59.42,5,False,True,False,False,False,False,14.07,8.0,True,True,True,True,False,False
AST-04260,late_delivery,chat,south,low,False,True,True,True,21.95,58,True,True,True,True,False,False,22.51,14.47,True,True,True,True,False,False
AST-04261,wrong_item,phone,south,high,True,False,False,False,60.87,37,True,True,True,True,True,False,26.47,19.81,True,True,True,True,False,False
AST-04262,late_delivery,chat,south,medium,False,True,True,False,75.37,30,True,True,True,True,False,False,20.86,15.36,False,True,True,True,True,False
AST-04263,late_delivery,phone,north,low,False,False,False,False,24.88,33,False,True,False,False,False,False,19.77,9.01,True,False,True,True,False,True
AST-04264,change_of_mind,phone,london,low,False,False,False,False,31.07,47,False,True,False,False,False,False,12.36,6.73,True,True,False,True,True,False
AST-04265,change_of_mind,chat,london,low,False,False,False,False,61.95,13,False,True,False,False,False,False,13.96,8.23,True,True,False,True,True,False
AST-04266,missing_refund,email,midlands,low,True,True,False,False,33.46,14,True,True,True,True,True,False,13.16,8.74,True,True,True,True,True,False
AST-04267,wrong_item,email,north,low,False,False,False,False,260.7,18,True,True,True,True,True,False,12.56,9.11,True,False,True,True,False,True
AST-04268,damaged_item,email,midlands,low,False,False,False,False,23.39,16,False,True,False,False,True,False,12.25,7.08,True,True,True,True,False,False
AST-04269,missing_refund,chat,london,low,False,False,False,True,93.36,29,False,True,False,False,True,False,18.63,11.13,True,True,True,True,False,False
AST-04270,change_of_mind,email,midlands,high,False,False,False,False,12.58,17,False,True,False,False,False,False,24.03,16.99,True,True,True,True,False,False
AST-04271,wrong_item,email,london,low,False,False,False,False,169.16,21,False,True,False,True,True,False,14.78,8.0,True,True,True,True,False,False
AST-04272,damaged_item,email,london,medium,False,False,False,False,53.35,129,False,True,False,False,True,False,16.75,9.36,True,True,True,True,False,False
AST-04273,damaged_item,phone,london,low,False,False,False,False,21.15,42,False,True,False,False,True,False,10.82,5.19,True,True,False,True,False,False
AST-04274,change_of_mind,email,north,low,False,False,False,False,27.12,25,False,True,False,False,False,False,15.01,9.01,True,True,True,True,False,True
AST-04275,damaged_item,phone,midlands,medium,False,False,False,False,26.09,1,False,True,False,False,True,False,15.05,9.98,True,True,True,True,False,False
AST-04276,missing_refund,chat,london,low,False,False,False,False,46.35,61,False,True,False,False,True,False,15.85,9.81,True,True,True,True,False,False
AST-04277,missing_refund,email,london,low,True,False,False,False,28.24,9,True,True,True,True,True,False,15.7,9.15,True,True,True,True,False,False
AST-04278,missing_refund,chat,london,medium,False,False,False,True,30.44,37,False,True,False,False,True,False,23.4,15.23,False,True,True,True,True,False
AST-04279,missing_refund,chat,south,low,False,False,False,False,23.12,10,False,True,False,False,True,False,14.62,6.94,True,True,True,True,False,False
AST-04280,late_delivery,phone,midlands,medium,False,False,False,False,8.45,30,False,True,False,False,False,False,22.06,13.0,True,True,True,True,True,False
AST-04281,damaged_item,email,south,low,False,False,False,False,170.83,47,False,True,False,True,True,False,14.61,6.65,True,True,True,True,False,False
AST-04282,damaged_item,chat,south,high,False,False,False,False,23.57,33,False,False,False,False,True,False,28.17,19.75,False,True,False,True,True,False
AST-04283,change_of_mind,email,london,low,False,False,False,True,81.23,10,False,True,False,False,False,False,18.48,10.62,True,True,True,True,False,False
AST-04284,late_delivery,email,midlands,medium,False,False,False,False,11.6,14,False,True,False,False,False,False,22.2,13.85,True,True,True,True,False,False
AST-04285,missing_refund,phone,south,medium,False,False,False,True,157.12,19,False,True,False,True,True,False,22.94,14.08,True,True,True,True,False,False
AST-04286,missing_refund,chat,south,low,False,False,False,True,22.11,31,False,True,False,False,True,False,19.19,10.38,True,True,False,True,True,False
AST-04287,missing_refund,chat,south,low,False,False,False,True,88.35,40,False,True,False,False,True,False,16.42,8.73,False,False,True,True,True,True
AST-04288,damaged_item,chat,north,low,False,False,False,True,39.2,27,False,True,True,True,True,False,25.33,14.99,True,True,True,True,False,False
AST-04289,late_delivery,chat,london,high,True,False,False,False,149.68,24,True,True,True,True,False,False,28.58,22.9,True,True,True,True,False,False
AST-04290,warranty,chat,london,medium,False,False,False,True,135.99,35,True,True,True,True,False,False,20.46,15.08,False,True,True,True,True,False
AST-04291,wrong_item,email,north,medium,False,False,False,False,53.5,22,False,True,False,False,True,False,15.43,9.12,True,True,True,True,False,False
AST-04292,damaged_item,chat,south,medium,False,False,False,False,44.52,28,False,True,False,False,True,False,17.89,9.8,False,True,False,True,True,False
AST-04293,damaged_item,phone,south,medium,True,True,False,False,12.93,21,True,True,True,True,True,False,15.81,10.9,False,True,True,True,True,False
AST-04294,change_of_mind,phone,south,low,False,False,False,False,97.72,31,False,True,False,False,False,False,15.19,8.15,True,True,False,True,False,False
AST-04295,late_delivery,phone,south,medium,False,False,False,False,35.91,52,False,True,False,False,False,False,19.9,13.14,True,True,True,True,False,False
AST-04296,late_delivery,chat,london,medium,False,False,False,False,121.57,22,False,True,False,True,False,False,17.28,10.59,True,True,True,True,False,False
AST-04297,late_delivery,phone,midlands,high,False,False,False,False,16.06,26,False,True,False,False,False,False,22.49,15.1,True,True,True,True,False,False
AST-04298,wrong_item,phone,london,medium,False,False,True,True,22.59,56,False,True,False,False,True,False,22.26,12.86,True,True,True,True,False,False
AST-04299,warranty,phone,north,high,False,False,False,False,67.26,26,True,True,True,True,False,False,24.53,18.54,True,True,True,True,False,False
AST-04300,change_of_mind,phone,london,low,False,False,False,True,20.78,3,False,True,True,True,False,False,17.95,10.84,True,True,True,True,False,False
AST-04301,late_delivery,email,london,high,False,False,False,False,31.44,18,False,True,False,False,False,False,19.51,13.4,False,False,True,True,True,True
AST-04302,change_of_mind,email,london,low,False,False,False,True,49.14,92,False,True,True,True,False,False,20.45,13.91,False,True,True,True,True,False
AST-04303,change_of_mind,email,midlands,low,False,False,False,False,86.89,21,False,True,False,False,False,False,15.22,8.1,True,True,True,True,False,False
AST-04304,wrong_item,phone,north,low,False,False,False,False,24.38,8,False,True,False,False,True,False,12.47,8.38,True,True,True,True,False,True
AST-04305,wrong_item,email,midlands,low,False,False,True,True,53.69,28,False,True,False,False,True,False,18.61,10.66,True,True,True,True,False,False
AST-04306,wrong_item,chat,north,medium,False,False,False,False,15.83,33,False,True,False,False,True,False,19.48,12.47,False,True,True,True,True,False
AST-04307,damaged_item,email,london,low,False,False,False,True,20.05,21,False,True,False,False,True,False,16.99,8.77,True,True,True,True,False,True
AST-04308,warranty,email,south,high,False,True,False,True,28.42,20,True,True,True,True,False,False,27.11,20.6,True,True,False,True,False,False
AST-04309,wrong_item,phone,north,low,False,False,False,False,33.05,8,False,True,False,False,True,False,11.46,6.31,True,False,True,True,False,True
AST-04310,change_of_mind,email,north,low,False,False,False,True,119.27,31,False,True,True,True,False,False,15.41,10.74,True,True,True,True,False,False
AST-04311,wrong_item,email,south,low,False,False,False,True,63.93,32,False,True,True,True,True,False,15.64,11.12,False,True,True,True,True,False
AST-04312,wrong_item,chat,north,low,True,False,False,False,15.63,21,True,True,True,True,True,False,21.95,13.38,True,True,False,True,False,False
AST-04313,wrong_item,email,south,low,False,False,False,False,66.93,32,False,True,False,False,True,False,12.32,6.44,True,True,True,True,False,False
AST-04314,missing_refund,phone,london,medium,False,False,True,False,46.42,7,False,True,False,False,True,False,24.87,15.93,True,False,True,True,False,True
AST-04315,missing_refund,email,south,high,False,False,False,False,92.83,55,False,False,False,False,True,False,25.96,16.27,True,True,True,True,False,False
AST-04316,missing_refund,phone,london,medium,True,False,False,True,16.58,53,True,True,True,True,True,False,19.8,13.9,True,True,True,True,False,False
AST-04317,wrong_item,phone,london,medium,False,False,False,False,45.03,5,False,True,False,False,True,False,19.24,11.36,False,True,True,True,True,False
AST-04318,damaged_item,phone,south,low,False,False,False,True,47.65,34,False,True,False,False,True,False,16.39,8.44,True,True,True,True,False,False
AST-04319,damaged_item,chat,london,medium,False,False,False,True,11.63,51,False,True,False,False,True,False,23.91,15.92,True,True,True,True,False,False
AST-04320,late_delivery,email,south,low,False,False,True,False,25.78,49,False,True,False,False,False,False,18.41,10.21,True,True,True,True,False,False
AST-04321,wrong_item,chat,north,low,False,False,False,False,53.42,21,False,True,False,False,True,False,18.42,9.02,True,True,True,True,False,True
AST-04322,missing_refund,chat,north,medium,False,False,False,False,72.78,72,False,True,False,False,True,False,18.56,11.7,True,False,False,True,False,True
AST-04323,change_of_mind,phone,london,medium,False,False,False,False,52.28,5,False,True,False,False,False,False,20.47,12.26,False,True,True,True,True,False
AST-04324,warranty,chat,north,high,False,True,False,False,54.25,19,True,True,True,True,False,False,23.82,17.72,True,True,False,True,False,False
AST-04325,change_of_mind,phone,north,low,False,False,False,False,99.45,10,False,True,False,False,False,False,17.96,9.82,True,True,True,True,False,False
AST-04326,damaged_item,chat,south,medium,False,False,False,False,77.78,36,False,True,False,False,True,False,19.96,12.24,True,True,True,True,False,False
AST-04327,damaged_item,phone,north,low,False,False,False,False,39.26,14,False,True,False,False,True,False,18.82,9.87,False,True,True,True,True,False
AST-04328,wrong_item,chat,south,high,False,False,True,False,35.12,37,False,True,False,False,True,False,27.58,17.51,False,True,True,True,True,False
AST-04329,change_of_mind,phone,south,low,False,False,False,False,28.79,18,False,True,False,False,False,False,10.03,5.4,True,True,True,True,False,False
AST-04330,missing_refund,email,midlands,medium,False,False,False,False,15.3,2,False,True,False,False,True,False,24.34,14.19,True,False,False,True,False,True
AST-04331,change_of_mind,email,south,medium,False,False,False,False,39.2,39,False,True,False,False,False,False,19.98,13.58,True,True,True,True,False,False
AST-04332,missing_refund,phone,north,high,False,False,False,True,88.84,26,False,True,False,False,True,False,21.34,14.65,True,False,False,True,False,True
AST-04333,late_delivery,chat,north,medium,False,False,False,True,37.48,13,False,True,False,False,False,False,20.95,11.43,True,True,True,True,False,False
AST-04334,wrong_item,chat,midlands,medium,False,False,False,False,76.46,15,False,True,False,False,True,False,22.85,13.58,True,True,True,True,False,False
AST-04335,damaged_item,phone,north,medium,False,False,False,False,34.8,31,False,True,False,False,True,False,20.21,13.15,True,True,True,True,False,False
AST-04336,warranty,email,london,high,False,False,False,False,40.73,22,True,True,True,True,False,False,20.95,16.19,False,False,True,True,True,True
AST-04337,change_of_mind,phone,north,high,True,False,True,False,13.5,26,True,True,True,True,False,False,28.74,21.56,False,True,True,True,True,False
AST-04338,wrong_item,phone,london,medium,False,False,True,True,35.81,32,False,True,False,False,True,False,25.78,15.75,True,True,True,True,False,False
AST-04339,warranty,chat,north,low,False,False,False,False,40.34,16,True,True,True,True,False,False,21.39,13.2,True,True,True,True,False,False
AST-04340,damaged_item,phone,south,low,False,False,False,False,38.72,14,False,True,False,False,True,False,13.46,7.02,True,False,True,True,False,True
AST-04341,damaged_item,chat,london,high,False,False,False,True,67.77,51,False,True,False,False,True,False,24.4,16.7,True,True,True,True,True,False
AST-04342,change_of_mind,chat,south,low,False,False,False,False,46.7,9,False,True,False,False,False,False,18.47,9.91,False,True,True,True,True,False
AST-04343,late_delivery,email,south,low,True,False,False,False,40.04,14,True,True,False,False,False,False,19.92,12.08,True,True,True,True,False,False
AST-04344,damaged_item,email,south,high,False,False,False,False,42.19,36,False,True,False,False,True,False,23.73,16.08,True,True,False,True,False,False
AST-04345,damaged_item,chat,london,low,False,False,False,False,14.91,49,False,True,False,False,True,False,17.08,8.54,True,True,True,True,False,False
AST-04346,damaged_item,email,north,medium,False,False,False,False,149.54,7,False,True,False,True,True,False,20.42,11.9,False,True,True,True,True,False
AST-04347,damaged_item,chat,north,medium,False,False,False,True,26.49,1,False,True,False,False,True,False,19.9,10.15,True,True,True,True,True,False
AST-04348,wrong_item,phone,london,low,False,False,False,False,29.0,27,False,True,False,False,True,False,10.51,5.42,True,False,True,True,True,True
AST-04349,wrong_item,email,london,low,False,False,False,False,207.33,19,False,True,False,True,True,False,15.66,8.35,True,True,True,True,False,False
AST-04350,missing_refund,phone,south,high,False,False,False,False,58.94,41,False,True,False,False,True,False,25.75,16.74,False,True,True,True,True,False
AST-04351,change_of_mind,chat,south,high,False,False,False,False,51.11,40,False,True,False,False,False,False,26.01,17.83,False,True,False,True,True,False
AST-04352,damaged_item,chat,north,high,False,False,True,True,102.97,31,False,True,False,True,True,False,32.44,22.11,True,True,True,True,False,False
AST-04353,warranty,email,london,low,False,False,False,False,141.04,4,True,True,True,True,False,False,14.81,10.54,True,True,False,True,False,False
AST-04354,missing_refund,chat,south,low,False,False,True,False,22.42,35,False,True,False,False,True,False,15.11,8.94,True,False,False,True,False,True
AST-04355,damaged_item,email,london,low,True,False,False,False,34.01,23,True,True,True,True,True,False,15.65,10.39,True,True,False,True,False,False
AST-04356,change_of_mind,chat,north,low,True,False,False,True,8,23,True,True,True,True,False,False,17.01,11.69,True,True,True,True,False,False
AST-04357,damaged_item,chat,london,medium,True,False,False,False,32.78,6,True,True,True,True,True,False,24.36,17.07,True,True,True,True,False,False
AST-04358,wrong_item,chat,north,medium,False,False,False,True,29.85,19,False,True,False,False,True,False,19.51,11.46,True,True,True,True,False,False
AST-04359,change_of_mind,chat,south,low,False,False,False,False,16.3,6,False,True,False,False,False,False,14.98,8.06,True,True,True,True,False,False
AST-04360,late_delivery,email,north,medium,False,False,False,False,23.94,23,False,True,False,False,False,False,22.5,14.33,True,True,True,True,False,False
AST-04361,damaged_item,email,south,medium,True,False,False,False,27.32,33,True,True,True,True,True,False,21.67,14.99,True,False,True,True,False,True
AST-04362,late_delivery,email,london,medium,True,False,True,False,67.27,38,True,True,True,True,False,False,22.42,16.4,True,False,True,True,False,True
AST-04363,wrong_item,phone,london,low,False,False,False,True,66.24,14,False,True,False,False,True,False,17.03,8.76,False,True,True,True,True,False
AST-04364,late_delivery,email,south,low,False,False,False,False,55.88,25,False,True,False,False,False,False,17.44,10.38,True,True,True,True,False,False
AST-04365,wrong_item,phone,south,low,False,False,False,False,15.08,17,False,True,False,False,True,False,17.02,10.53,True,True,True,True,False,False
AST-04366,missing_refund,phone,north,medium,False,False,False,False,54.38,33,False,True,False,False,True,False,17.79,9.88,True,True,False,True,False,False
AST-04367,missing_refund,chat,london,low,False,False,False,False,12.87,20,False,True,False,False,True,False,14.45,6.77,False,True,False,True,True,False
AST-04368,change_of_mind,phone,midlands,medium,False,False,False,False,174.41,41,False,True,False,True,False,False,18.35,12.11,True,True,True,True,False,False
AST-04369,warranty,chat,south,medium,False,False,False,False,64.15,8,True,True,True,True,False,False,13.38,9.9,False,True,True,True,True,False
AST-04370,damaged_item,phone,north,medium,False,False,False,False,42.64,16,False,True,False,False,True,False,19.13,12.42,True,True,True,True,False,False
AST-04371,warranty,email,north,medium,False,False,False,True,89.51,32,True,True,True,True,False,False,27.14,18.03,True,True,True,True,False,False
AST-04372,missing_refund,chat,midlands,high,False,False,False,True,18.91,59,False,True,False,False,True,False,28.08,18.67,False,True,False,True,True,False
AST-04373,change_of_mind,email,south,high,False,False,False,False,19.0,10,False,True,False,False,False,False,18.26,11.47,True,False,True,True,False,True
AST-04374,change_of_mind,email,midlands,medium,False,False,False,False,11.96,38,False,True,False,False,False,False,22.04,12.8,True,True,True,True,False,False
AST-04375,wrong_item,chat,london,low,False,False,False,False,26.66,28,False,True,False,False,True,False,19.46,9.27,True,True,True,True,False,False
AST-04376,change_of_mind,chat,london,low,False,False,False,False,24.8,17,False,True,False,False,False,False,10.45,5.09,True,True,True,True,False,False
AST-04377,damaged_item,chat,london,medium,False,False,False,True,61.36,18,False,True,False,False,True,False,20.61,12.8,False,True,True,True,True,False
AST-04378,change_of_mind,chat,midlands,low,False,False,False,False,71.57,17,False,True,False,False,False,False,13.25,7.82,True,True,True,True,False,True
AST-04379,missing_refund,phone,north,low,False,False,False,False,33.44,31,False,True,False,False,True,False,18.24,9.34,False,True,True,True,True,False
AST-04380,damaged_item,chat,london,high,False,False,False,False,33.13,22,False,True,False,False,True,False,24.13,14.97,True,True,True,True,False,False
AST-04381,warranty,email,london,medium,False,False,True,False,50.72,27,True,True,True,True,False,False,23.91,15.8,False,True,False,True,True,False
AST-04382,late_delivery,phone,midlands,medium,False,False,False,True,31.26,38,False,True,False,False,False,False,18.73,12.8,True,True,True,True,False,False
AST-04383,damaged_item,email,south,low,False,False,False,False,17.74,19,False,True,False,False,True,False,14.71,8.36,False,True,False,True,True,False
AST-04384,wrong_item,chat,north,low,False,False,False,False,33.47,14,False,True,False,False,True,False,18.83,10.64,True,True,True,True,False,False
AST-04385,damaged_item,phone,london,medium,True,False,False,True,83.8,25,True,True,True,True,True,False,18.55,13.63,True,False,True,True,False,True
AST-04386,warranty,phone,north,medium,False,False,False,False,23.4,30,True,True,True,True,False,False,18.28,13.45,True,True,True,True,False,False
AST-04387,warranty,chat,london,low,False,False,False,False,50.56,18,True,True,False,False,False,False,15.41,8.22,True,True,False,True,False,False
AST-04388,late_delivery,phone,london,high,False,True,True,False,21.0,13,True,True,True,True,False,False,28.59,20.83,False,True,False,True,True,False
AST-04389,wrong_item,phone,south,high,False,False,False,False,53.68,25,False,True,False,False,True,False,22.52,15.33,True,True,True,True,False,False
AST-04390,warranty,phone,north,high,False,True,False,False,60.49,20,True,True,True,True,False,False,20.67,16.81,True,False,True,True,False,True
AST-04391,change_of_mind,email,london,low,True,False,False,False,76.12,31,True,True,True,True,False,False,11.6,7.3,True,True,True,True,False,False
AST-04392,warranty,email,north,low,False,False,False,False,23.79,39,True,True,True,True,False,False,18.97,12.81,True,True,True,True,False,False
AST-04393,wrong_item,chat,north,medium,False,False,False,False,103.01,41,False,True,False,True,True,False,22.73,13.3,True,True,True,True,False,False
AST-04394,late_delivery,chat,south,low,False,True,False,False,72.13,34,True,True,True,True,False,False,13.96,8.59,True,True,True,True,False,False
AST-04395,change_of_mind,chat,london,low,False,False,False,False,18.05,7,False,True,False,False,False,False,19.09,10.31,True,True,True,True,False,False
AST-04396,late_delivery,email,london,low,False,False,False,True,68.37,33,False,True,False,False,False,False,17.5,8.64,True,False,True,True,False,True
AST-04397,missing_refund,chat,london,medium,False,False,False,False,58.69,14,False,True,False,False,True,False,12.0,7.8,False,True,True,True,True,False
AST-04398,damaged_item,email,london,medium,False,False,False,False,91.98,21,False,True,False,False,True,False,19.24,11.42,True,True,True,True,False,False
AST-04399,wrong_item,chat,london,high,False,False,False,True,59.88,41,False,True,False,False,True,False,23.75,16.89,True,True,True,True,False,False
AST-04400,damaged_item,chat,midlands,high,False,False,False,False,48.93,7,False,True,False,False,True,False,26.03,17.67,False,False,True,True,True,True
AST-04401,late_delivery,phone,london,low,True,False,False,False,53.34,81,True,True,True,True,False,False,14.62,10.03,True,True,True,True,False,False
AST-04402,damaged_item,email,london,low,False,False,False,False,107.09,33,False,True,False,True,True,False,18.55,10.76,True,True,True,True,False,False
AST-04403,warranty,email,north,medium,True,False,False,True,12.74,15,True,True,True,True,False,False,22.05,15.31,True,False,False,True,False,True
AST-04404,wrong_item,email,midlands,medium,False,False,True,False,8.33,5,False,True,False,False,True,False,21.67,13.15,False,True,True,True,True,False
AST-04405,wrong_item,chat,south,medium,False,False,False,True,57.24,30,False,True,False,False,True,False,20.76,12.67,True,True,True,True,False,False
AST-04406,damaged_item,chat,london,medium,False,False,False,False,37.51,64,False,True,False,False,True,False,19.37,10.56,False,True,True,True,True,False
AST-04407,wrong_item,chat,north,medium,False,False,False,False,18.29,4,False,True,False,False,True,False,22.48,13.71,True,True,True,True,False,False
AST-04408,damaged_item,phone,midlands,low,False,False,False,False,96.53,57,False,True,False,False,True,False,10.89,6.33,True,True,True,True,False,False
AST-04409,change_of_mind,phone,midlands,low,True,False,False,True,17.27,7,True,True,True,True,False,False,20.62,13.48,True,True,True,True,False,False
AST-04410,change_of_mind,email,north,low,False,True,False,True,66.71,25,True,True,True,True,False,False,12.86,9.03,False,True,True,True,True,False
AST-04411,late_delivery,phone,north,low,False,False,False,True,8,9,False,True,False,False,False,False,16.58,9.73,True,True,True,True,False,False
AST-04412,late_delivery,email,london,high,False,False,False,False,10.98,14,False,True,False,False,False,False,26.24,17.25,False,True,False,True,True,False
AST-04413,damaged_item,phone,london,medium,True,False,False,False,13.38,12,True,True,True,True,True,False,21.01,14.48,True,True,False,True,False,False
AST-04414,wrong_item,email,midlands,medium,False,False,False,False,30.59,61,False,True,False,False,True,False,20.54,11.95,True,True,True,True,False,False
AST-04415,damaged_item,email,london,low,False,False,True,False,70.96,4,False,True,False,False,True,False,16.2,9.08,True,True,True,True,False,False
AST-04416,late_delivery,phone,london,medium,False,False,False,True,14.72,41,False,True,False,False,False,False,25.2,16.09,False,True,True,True,True,False
AST-04417,change_of_mind,phone,south,low,False,False,False,False,24.75,11,False,True,False,False,False,False,15.92,7.82,True,True,True,True,False,False
AST-04418,late_delivery,email,midlands,low,False,False,False,False,42.66,19,False,True,False,False,False,False,13.78,8.95,True,True,True,True,False,False
AST-04419,damaged_item,email,midlands,low,False,False,True,False,24.55,12,False,True,False,False,True,False,18.21,10.2,True,True,True,True,False,False
AST-04420,damaged_item,phone,south,medium,False,False,False,True,49.79,5,False,True,False,False,True,False,19.25,11.28,False,True,True,True,True,False
AST-04421,missing_refund,email,south,medium,False,False,False,False,17.05,46,False,True,False,False,True,False,15.89,10.17,True,True,False,True,True,True
AST-04422,late_delivery,email,midlands,medium,False,False,False,True,119.43,62,False,True,False,True,False,False,21.56,13.94,True,True,False,True,False,False
AST-04423,missing_refund,phone,london,low,False,False,False,False,24.84,72,False,True,False,False,True,False,16.88,10.59,True,True,True,True,False,False
AST-04424,late_delivery,email,midlands,low,False,False,False,False,120.14,14,False,True,False,True,False,False,12.44,6.15,True,True,True,True,False,False
AST-04425,change_of_mind,phone,midlands,low,False,False,True,False,20.05,50,False,True,False,False,False,False,20.57,11.32,True,True,True,True,False,False
AST-04426,missing_refund,phone,midlands,medium,False,False,False,True,14.65,4,False,True,False,False,True,False,22.29,14.19,True,True,True,True,False,False
AST-04427,wrong_item,chat,north,low,False,True,False,False,47.18,20,True,True,True,True,True,False,13.12,9.06,True,True,True,True,False,False
AST-04428,missing_refund,email,london,medium,True,False,False,False,29.33,64,True,True,True,True,True,False,19.27,11.91,True,True,True,True,False,False
AST-04429,late_delivery,phone,london,medium,False,False,False,True,19.78,17,False,True,False,False,False,False,22.25,13.36,True,True,True,True,False,False
AST-04430,damaged_item,phone,north,low,False,False,False,False,56.35,41,False,True,False,False,True,False,16.6,9.5,True,True,True,True,False,False
AST-04431,damaged_item,email,north,low,False,False,False,False,122.83,12,False,True,False,True,True,False,17.62,10.62,True,True,True,True,False,False
AST-04432,damaged_item,email,south,medium,True,False,False,False,79.83,22,True,True,True,True,True,False,14.13,10.35,True,True,False,True,False,False
AST-04433,late_delivery,email,south,low,False,False,False,False,41.98,18,False,True,False,False,False,False,10.13,6.71,True,True,True,True,False,False
AST-04434,change_of_mind,email,south,low,False,False,False,False,56.01,42,False,True,False,False,False,False,12.05,5.43,True,True,True,True,False,False
AST-04435,damaged_item,phone,south,medium,False,True,False,True,110.25,26,True,True,True,True,True,False,20.84,14.81,False,True,True,True,True,False
AST-04436,change_of_mind,phone,north,medium,False,True,False,False,28.59,25,True,True,True,True,False,False,24.06,16.09,True,True,True,True,False,False
AST-04437,late_delivery,phone,south,high,False,False,False,False,23.93,28,False,True,False,False,False,False,20.18,11.88,False,True,True,True,True,False
AST-04438,damaged_item,email,midlands,low,False,False,False,False,56.85,10,False,True,False,False,True,False,15.42,8.81,True,True,True,True,False,False
AST-04439,missing_refund,chat,south,high,True,False,False,False,87.85,9,True,True,True,True,True,False,23.37,18.34,False,True,True,True,True,False
AST-04440,change_of_mind,chat,south,low,False,False,False,True,37.83,48,False,True,True,True,False,False,17.46,12.21,True,True,True,True,False,False
AST-04441,warranty,email,midlands,medium,False,False,False,False,28.91,1,True,True,True,True,False,False,18.03,12.25,True,True,True,True,False,False
AST-04442,missing_refund,chat,south,low,False,False,False,False,322.97,27,True,True,True,True,True,False,17.72,10.79,False,True,True,True,True,False
AST-04443,late_delivery,phone,midlands,low,False,False,False,False,62.99,61,False,True,False,False,False,False,11.53,7.34,False,True,True,True,True,False
AST-04444,damaged_item,phone,south,medium,False,False,False,False,37.08,68,False,True,False,False,True,False,12.53,7.34,True,True,True,True,False,False
AST-04445,damaged_item,email,midlands,low,False,False,False,True,18.32,43,False,True,False,False,True,False,19.26,11.72,False,True,True,True,True,False
AST-04446,change_of_mind,phone,north,medium,False,False,False,True,72.01,7,False,True,False,False,False,False,15.73,8.89,True,True,True,True,False,False
AST-04447,late_delivery,chat,south,medium,False,False,False,False,58.92,46,False,True,False,False,False,False,20.66,12.96,True,False,False,True,False,True
AST-04448,damaged_item,chat,south,high,False,False,False,True,94.73,13,False,True,False,False,True,False,24.55,16.24,True,True,True,True,False,False
AST-04449,wrong_item,email,south,medium,False,False,False,False,79.72,17,False,True,False,False,True,False,21.23,12.56,True,True,True,True,False,False
AST-04450,change_of_mind,chat,south,low,False,False,False,False,35.74,41,False,True,False,False,False,False,17.33,10.12,True,True,False,True,True,False
AST-04451,wrong_item,phone,north,low,False,False,False,True,22.88,47,False,True,False,False,True,False,19.18,9.28,True,True,True,True,False,False
AST-04452,wrong_item,chat,south,low,False,False,False,False,49.48,6,False,True,False,False,True,False,16.07,8.39,True,False,True,True,False,True
AST-04453,change_of_mind,chat,midlands,low,False,False,False,True,123.12,32,False,True,False,True,False,False,18.69,10.0,True,True,True,True,False,False
AST-04454,warranty,email,london,low,False,False,False,False,54.56,19,True,True,True,True,False,False,15.01,9.94,False,True,True,True,True,False
AST-04455,missing_refund,phone,midlands,medium,False,True,False,False,36.88,53,True,True,True,True,True,False,17.59,13.49,True,True,True,True,False,False
AST-04456,change_of_mind,phone,north,medium,False,False,False,False,32.24,32,False,True,False,False,False,False,19.1,12.76,True,True,True,True,False,False
AST-04457,late_delivery,chat,london,medium,True,False,False,True,15.97,13,True,True,True,True,False,False,23.31,16.06,False,True,False,True,True,False
AST-04458,late_delivery,email,south,high,False,True,True,False,61.05,17,True,True,True,True,False,False,21.78,15.19,False,False,False,True,True,True
AST-04459,missing_refund,phone,north,low,False,False,False,True,23.21,55,False,True,False,False,True,False,16.57,7.5,True,True,False,True,False,False
AST-04460,wrong_item,phone,north,high,True,True,False,True,50.1,39,True,True,True,True,True,False,26.86,20.57,False,True,True,True,True,False
AST-04461,damaged_item,chat,london,medium,False,False,False,False,47.72,15,False,True,False,False,True,False,18.91,10.47,False,True,True,True,True,False
AST-04462,damaged_item,chat,midlands,low,False,False,False,False,45.66,24,False,True,False,False,True,False,16.46,9.99,True,True,False,True,False,False
AST-04463,change_of_mind,chat,south,high,False,False,True,True,21.26,14,False,True,True,True,False,False,27.96,22.06,True,True,True,True,False,False
AST-04464,change_of_mind,phone,north,medium,False,True,True,False,23.82,8,True,True,True,True,False,False,18.36,13.18,True,True,True,True,False,False
AST-04465,late_delivery,email,london,low,False,False,False,False,25.47,56,False,True,False,False,False,False,19.28,9.31,False,True,False,True,True,False
AST-04466,change_of_mind,chat,london,low,False,False,False,True,166.41,48,False,True,False,True,False,False,12.62,7.23,False,True,True,True,True,False
AST-04467,warranty,chat,south,medium,True,False,False,False,47.02,9,True,True,True,True,False,False,21.88,13.74,False,True,False,True,True,False
AST-04468,change_of_mind,phone,south,medium,False,False,False,False,42.5,37,False,True,False,False,False,False,20.17,12.18,True,True,True,True,False,False
AST-04469,damaged_item,chat,london,low,False,False,False,False,71.9,68,False,True,False,False,True,False,17.02,9.42,True,True,True,True,False,False
AST-04470,damaged_item,email,london,low,False,False,False,False,21.39,38,False,True,False,False,True,False,15.47,8.18,True,True,True,True,False,False
AST-04471,late_delivery,chat,london,medium,False,False,False,False,110.64,63,False,True,False,True,False,False,17.42,10.43,False,True,True,True,True,True
AST-04472,damaged_item,chat,london,low,False,False,False,False,52.86,29,False,True,False,False,True,False,12.78,7.28,False,True,True,True,True,False
AST-04473,late_delivery,chat,north,medium,False,False,True,False,23.02,27,False,True,False,False,False,False,20.97,13.14,True,True,False,True,False,False
AST-04474,change_of_mind,phone,london,high,False,False,True,True,74.26,75,False,True,False,False,False,False,30.98,22.11,False,False,True,True,True,True
AST-04475,late_delivery,email,midlands,low,False,False,False,False,27.51,19,False,True,False,False,False,False,17.47,9.34,True,True,True,True,False,False
AST-04476,late_delivery,email,london,medium,False,False,False,False,160.43,33,False,True,False,True,False,False,21.67,13.79,False,True,True,True,True,False
AST-04477,damaged_item,phone,north,medium,False,False,False,False,44.13,29,False,False,False,False,True,False,22.81,13.9,False,True,True,True,True,False
AST-04478,change_of_mind,phone,midlands,medium,False,False,False,True,13.28,40,False,True,False,False,False,False,24.88,13.77,False,True,True,True,True,False
AST-04479,change_of_mind,phone,north,high,False,False,False,True,140.83,6,False,True,True,True,False,False,23.15,18.42,True,True,True,True,False,False
AST-04480,wrong_item,phone,south,low,False,False,False,False,170.29,23,False,True,False,True,True,False,13.25,8.0,True,True,True,True,False,False
AST-04481,missing_refund,email,south,low,False,False,False,False,28.76,105,False,True,False,False,True,False,13.08,6.93,True,True,True,True,False,False
AST-04482,missing_refund,phone,london,low,False,False,False,False,43.43,36,False,True,False,False,True,False,15.11,8.48,True,True,True,True,False,False
AST-04483,wrong_item,phone,south,high,False,False,False,False,13.21,5,False,True,False,False,True,False,23.19,15.4,False,True,False,True,True,False
AST-04484,late_delivery,chat,midlands,low,False,False,False,False,23.69,1,False,True,False,False,False,False,16.3,8.4,True,True,True,True,False,False
AST-04485,late_delivery,email,south,medium,True,False,False,False,57.87,39,True,True,True,True,False,False,22.63,14.91,True,True,True,True,False,False
AST-04486,late_delivery,email,midlands,high,False,False,False,True,20.42,28,False,True,True,True,False,False,27.82,21.79,True,True,True,True,False,False
AST-04487,wrong_item,chat,midlands,low,False,False,False,True,15.0,6,False,True,False,False,True,False,11.58,4.8,True,True,True,True,False,False
AST-04488,wrong_item,phone,london,high,True,False,True,False,16.24,54,True,True,True,True,True,False,28.41,21.66,False,True,True,True,True,False
AST-04489,warranty,phone,midlands,low,False,False,False,False,26.47,48,True,True,True,True,False,False,15.88,9.75,True,True,True,True,False,False
AST-04490,change_of_mind,email,south,high,True,False,False,True,22.05,55,True,True,True,True,False,False,28.32,22.53,True,True,True,True,False,False
AST-04491,damaged_item,email,south,low,False,False,False,False,23.42,27,False,True,False,False,True,False,12.39,6.94,True,True,True,True,True,False
AST-04492,missing_refund,email,london,high,False,False,False,False,61.14,39,False,True,False,False,True,False,28.92,18.95,True,True,True,True,False,False
AST-04493,wrong_item,email,london,medium,False,False,False,False,12.4,27,False,True,False,False,True,False,20.64,12.93,False,False,True,True,True,True
AST-04494,wrong_item,chat,north,medium,False,False,False,True,48.05,53,False,True,True,True,True,False,21.5,16.5,True,True,False,True,False,False
AST-04495,missing_refund,phone,south,low,True,False,False,True,24.2,5,True,True,True,True,True,False,17.97,10.89,True,True,True,True,False,False
AST-04496,missing_refund,email,south,high,False,False,False,True,21.59,30,False,True,False,False,True,False,26.68,18.13,True,True,True,True,False,False
AST-04497,change_of_mind,email,london,medium,False,False,False,False,134.93,64,False,True,False,True,False,False,18.47,12.16,False,True,True,True,True,False
AST-04498,late_delivery,phone,london,high,False,False,False,True,27.87,75,False,True,False,False,False,False,28.33,19.93,True,False,True,True,False,True
AST-04499,missing_refund,email,london,medium,False,False,False,False,60.46,30,False,True,False,False,True,False,22.14,13.9,True,True,True,True,False,False
AST-04500,late_delivery,chat,north,medium,False,False,True,False,40.65,65,False,True,False,False,False,False,17.97,11.86,True,True,True,True,False,False
AST-04501,change_of_mind,email,london,medium,False,False,True,False,49.85,51,False,True,False,False,False,False,21.13,11.74,True,True,True,True,False,False
AST-04502,warranty,chat,north,high,False,False,True,False,62.58,51,True,True,True,True,False,False,28.16,21.51,False,True,True,True,True,False
AST-04503,missing_refund,phone,midlands,medium,False,False,False,True,35.04,22,False,True,False,False,True,False,20.56,12.51,True,False,False,True,False,True
AST-04504,missing_refund,email,london,low,False,False,False,False,176.71,4,False,True,False,True,True,False,16.39,8.53,True,True,True,True,False,False
AST-04505,wrong_item,chat,south,low,False,False,False,False,103.04,17,False,True,False,True,True,False,16.32,6.9,True,False,True,True,False,True
AST-04506,damaged_item,phone,north,medium,False,False,False,True,62.52,24,False,True,False,False,True,False,21.44,14.03,True,True,False,True,False,False
AST-04507,damaged_item,phone,north,medium,True,False,False,False,27.35,3,True,True,True,True,True,False,21.51,15.07,True,True,True,True,False,False
AST-04508,change_of_mind,chat,south,medium,False,False,False,True,113.0,13,False,True,False,True,False,False,27.72,17.77,True,True,True,True,False,False
AST-04509,change_of_mind,email,london,medium,True,True,True,True,33.14,68,True,True,True,True,False,False,27.5,18.09,False,True,True,True,True,False
AST-04510,missing_refund,chat,south,medium,False,False,False,False,35.88,51,False,True,False,False,True,False,22.4,14.13,True,False,True,True,False,True
AST-04511,damaged_item,chat,south,high,False,False,False,False,80.59,24,False,True,False,False,True,False,20.5,13.54,True,True,False,True,False,False
AST-04512,late_delivery,chat,south,low,False,False,True,False,15.92,22,False,True,False,False,False,False,18.81,9.31,True,True,True,True,False,False
AST-04513,change_of_mind,email,london,medium,False,False,False,True,66.26,17,False,True,False,False,False,False,21.18,12.04,False,True,True,True,True,False
AST-04514,missing_refund,email,london,low,False,False,True,False,37.22,16,False,True,False,False,True,False,18.22,10.73,True,True,False,True,False,False
AST-04515,late_delivery,chat,south,medium,True,False,True,False,13.27,6,True,True,True,True,False,False,18.1,12.86,True,True,True,True,False,False
AST-04516,missing_refund,phone,north,low,False,False,False,False,39.13,4,False,True,False,False,True,False,13.76,7.69,True,True,True,True,False,False
AST-04517,damaged_item,chat,midlands,medium,True,False,False,False,34.14,12,True,True,True,True,True,False,25.38,18.17,True,True,False,True,False,False
AST-04518,late_delivery,phone,south,high,True,False,True,True,44.64,27,True,True,True,True,False,False,29.8,21.24,False,True,True,True,True,False
AST-04519,change_of_mind,email,london,medium,False,False,True,False,85.67,20,False,True,False,False,False,False,18.93,10.76,False,True,True,True,True,False
AST-04520,late_delivery,email,london,low,False,False,False,False,52.83,18,False,True,False,False,False,False,13.85,6.73,False,False,False,True,True,True
AST-04521,damaged_item,chat,south,medium,False,False,False,True,54.39,4,False,True,False,False,True,False,22.6,13.3,True,False,True,True,False,True
AST-04522,damaged_item,phone,north,low,False,False,False,False,30.27,41,False,True,False,False,True,False,17.23,9.56,True,True,True,True,False,False
AST-04523,change_of_mind,email,north,medium,False,False,False,False,170.15,11,False,True,False,True,False,False,19.11,10.93,False,True,True,True,True,False
AST-04524,late_delivery,chat,north,medium,False,False,False,False,33.33,26,False,True,False,False,False,False,14.94,9.22,False,True,True,True,True,False
AST-04525,late_delivery,phone,london,low,False,False,False,False,64.92,14,False,True,False,False,False,False,13.36,8.3,True,True,True,True,False,False
AST-04526,damaged_item,phone,north,low,True,False,False,True,86.77,46,True,True,True,True,True,False,20.09,12.4,False,True,True,True,True,False
AST-04527,wrong_item,chat,london,low,True,False,False,False,44.93,58,True,True,True,True,True,False,17.45,11.12,True,True,True,True,False,False
AST-04528,late_delivery,chat,south,medium,False,False,False,False,135.8,27,False,True,False,True,False,False,17.84,10.53,True,True,True,True,False,False
AST-04529,damaged_item,phone,london,medium,False,False,True,False,31.85,84,False,True,False,False,True,False,25.55,15.44,False,True,True,True,True,False
AST-04530,warranty,phone,south,high,False,False,False,True,48.84,73,True,True,True,True,False,False,25.65,19.89,True,False,True,True,False,True
AST-04531,wrong_item,chat,north,medium,False,False,True,True,34.39,21,False,False,False,False,True,False,24.54,15.38,True,True,True,True,False,False
AST-04532,late_delivery,email,north,low,False,False,False,False,51.09,22,False,True,False,False,False,False,12.93,7.32,True,True,True,True,False,False
AST-04533,warranty,phone,midlands,medium,False,False,False,True,176.78,12,True,True,True,True,False,False,23.07,16.06,False,True,True,True,True,False
AST-04534,late_delivery,email,south,low,False,False,False,False,55.51,8,False,True,False,False,False,False,9.51,6.03,False,True,True,True,True,False
AST-04535,damaged_item,phone,south,low,False,False,False,False,60.62,11,False,True,False,False,True,False,16.07,8.69,True,True,True,True,False,False
AST-04536,late_delivery,chat,north,high,False,False,False,False,11.32,7,False,True,False,False,False,False,29.85,21.25,False,False,True,True,True,True
AST-04537,change_of_mind,phone,north,low,False,False,False,True,47.11,20,False,True,False,False,False,False,14.01,8.61,True,True,True,True,False,False
AST-04538,missing_refund,chat,midlands,high,False,False,False,True,73.28,30,False,True,False,False,True,False,24.74,16.38,False,True,True,True,True,False
AST-04539,wrong_item,phone,south,high,True,False,False,False,20.4,25,True,True,True,True,True,False,24.57,18.32,True,True,True,True,False,False
AST-04540,missing_refund,chat,south,medium,False,False,False,True,137.39,24,False,True,False,True,True,False,20.7,13.23,False,True,True,True,True,False
AST-04541,late_delivery,chat,midlands,high,False,False,False,True,22.63,14,False,True,True,True,False,False,28.03,19.81,True,True,True,True,False,False
AST-04542,damaged_item,chat,south,high,False,False,False,True,53.55,13,False,True,False,False,True,False,24.85,17.87,True,True,True,True,False,False
AST-04543,missing_refund,chat,south,medium,False,False,False,False,23.64,2,False,True,False,False,True,False,18.26,10.16,False,True,True,True,True,False
AST-04544,wrong_item,phone,south,medium,False,False,False,False,48.36,37,False,True,False,False,True,False,18.63,12.4,True,True,True,True,False,False
AST-04545,late_delivery,phone,london,medium,False,False,False,True,39.13,20,False,True,False,False,False,False,23.77,13.65,True,True,False,True,False,False
AST-04546,damaged_item,chat,midlands,low,False,False,False,False,11.88,5,False,True,False,False,True,False,11.44,5.8,True,False,True,True,False,True
AST-04547,change_of_mind,chat,north,low,False,False,False,False,70.98,21,False,True,False,False,False,False,16.33,7.92,True,True,True,True,False,False
AST-04548,damaged_item,phone,south,medium,False,False,False,False,64.55,13,False,True,False,False,True,False,21.45,12.37,True,True,False,True,False,False
AST-04549,late_delivery,email,north,medium,False,False,True,False,15.91,27,False,True,False,False,False,False,17.68,10.38,False,True,True,True,True,False
AST-04550,change_of_mind,email,south,medium,True,False,True,False,28.3,18,True,True,True,True,False,False,21.65,14.72,True,False,False,True,False,True
AST-04551,warranty,chat,london,medium,True,False,False,False,22.23,45,True,True,True,True,False,False,26.83,17.73,True,True,False,True,False,False
AST-04552,damaged_item,chat,london,low,False,False,False,False,29.56,23,False,True,False,False,True,False,12.86,7.02,True,True,True,True,False,False
AST-04553,change_of_mind,chat,south,low,False,False,True,False,60.31,59,False,True,False,False,False,False,13.33,7.28,True,True,True,True,False,False
AST-04554,change_of_mind,chat,south,medium,False,False,True,False,63.22,8,False,True,False,False,False,False,16.7,9.55,True,True,True,True,False,False
AST-04555,late_delivery,phone,midlands,low,False,False,False,True,21.22,8,False,True,True,True,False,False,18.31,11.61,True,True,True,True,False,False
AST-04556,missing_refund,chat,london,low,True,False,True,False,56.53,26,True,True,True,True,True,False,18.17,11.91,True,True,False,True,False,False
AST-04557,late_delivery,email,north,medium,False,False,False,False,70.38,55,False,True,False,False,False,False,15.37,9.84,True,True,False,True,False,False
AST-04558,missing_refund,chat,midlands,medium,False,True,False,False,46.15,54,True,True,False,False,True,False,18.28,10.25,True,False,True,True,False,True
AST-04559,late_delivery,email,london,high,True,False,False,True,45.25,15,True,True,True,True,False,False,24.13,19.04,True,True,True,True,False,False
AST-04560,damaged_item,email,london,low,False,False,False,True,137.31,15,False,True,False,True,True,False,20.52,10.56,True,True,True,True,False,False
AST-04561,late_delivery,phone,london,high,False,False,False,True,35.94,27,False,True,False,False,False,False,28.52,18.71,True,True,True,True,False,False
AST-04562,late_delivery,email,london,medium,False,False,False,True,63.57,19,False,True,False,False,False,False,19.74,12.34,True,True,True,True,False,True
AST-04563,missing_refund,chat,midlands,low,True,False,False,False,34.04,12,True,True,True,True,True,False,17.93,11.81,True,True,True,True,False,False
AST-04564,damaged_item,phone,south,medium,False,False,False,False,52.6,18,False,True,False,False,True,False,15.83,10.07,False,True,True,True,True,False
AST-04565,change_of_mind,chat,south,medium,False,False,False,False,81.26,6,False,True,False,False,False,False,23.68,14.86,True,True,True,True,False,False
AST-04566,missing_refund,email,midlands,medium,False,False,False,False,36.57,64,False,True,False,False,True,False,18.59,12.03,True,False,True,True,False,True
AST-04567,change_of_mind,email,midlands,low,False,False,False,False,25.34,58,False,True,False,False,False,False,13.59,6.63,True,True,False,True,False,False
AST-04568,missing_refund,phone,north,medium,False,False,False,False,31.04,5,False,False,False,False,True,False,19.41,12.19,True,True,True,True,False,False
AST-04569,wrong_item,email,london,low,False,False,False,True,103.7,18,False,True,False,True,True,False,19.18,11.51,True,True,False,True,False,False
AST-04570,warranty,phone,north,medium,False,False,False,True,18.12,71,True,True,True,True,False,False,22.93,15.24,True,True,True,False,False,False
AST-04571,late_delivery,email,south,low,False,False,True,False,34.23,8,False,True,False,False,False,False,15.16,7.65,True,True,True,True,False,False
AST-04572,late_delivery,chat,north,low,False,False,False,False,29.75,8,False,True,False,False,False,False,8.75,5.26,False,True,True,False,True,False
AST-04573,late_delivery,email,north,low,True,True,False,False,12.71,40,True,True,True,True,False,False,16.21,10.32,False,True,True,True,True,False
AST-04574,change_of_mind,email,north,medium,False,False,False,False,51.65,42,False,True,False,False,False,False,18.16,10.87,True,True,True,True,False,False
AST-04575,change_of_mind,email,south,medium,False,False,False,False,10.57,24,False,True,False,False,False,False,24.63,15.45,True,True,True,True,False,False
AST-04576,change_of_mind,email,north,low,False,False,False,False,20.58,12,False,True,False,False,False,False,15.52,8.07,True,True,True,True,False,False
AST-04577,missing_refund,phone,south,medium,False,False,True,False,145.83,15,False,True,False,True,True,False,25.92,15.06,True,True,False,True,False,False
AST-04578,damaged_item,phone,south,medium,False,False,False,False,71.09,21,False,True,False,False,True,False,20.28,11.88,True,True,True,True,False,False
AST-04579,late_delivery,email,london,low,False,False,False,False,60.76,24,False,False,False,False,False,False,17.82,10.07,True,True,True,True,True,False
AST-04580,change_of_mind,email,south,low,False,False,False,True,18.1,25,False,True,False,False,False,False,14.32,8.56,True,True,False,True,False,False
AST-04581,change_of_mind,email,north,medium,True,False,True,False,528.84,14,True,True,True,True,False,False,22.35,14.73,True,True,False,True,False,False
AST-04582,change_of_mind,chat,midlands,low,False,False,False,False,86.17,23,False,True,False,False,False,False,13.46,8.27,True,True,True,True,False,False
AST-04583,change_of_mind,chat,london,medium,False,False,False,False,30.31,27,False,True,False,False,False,False,18.48,9.78,True,True,True,True,False,False
AST-04584,warranty,chat,south,low,False,False,False,False,102.0,23,True,True,True,True,False,False,16.07,11.11,True,True,True,True,False,False
AST-04585,damaged_item,phone,london,low,False,False,False,False,27.97,7,False,True,False,False,True,False,16.88,8.45,True,True,True,True,False,False
AST-04586,change_of_mind,chat,north,medium,False,True,False,True,26.65,34,True,True,True,True,False,False,22.36,14.53,True,True,True,True,False,False
AST-04587,change_of_mind,phone,london,low,False,False,False,True,52.66,23,False,True,False,False,False,False,19.01,11.65,False,True,True,True,True,False
AST-04588,damaged_item,chat,south,medium,False,False,False,False,68.1,23,False,True,False,False,True,False,24.54,15.16,True,True,True,True,False,False
AST-04589,change_of_mind,email,north,high,False,False,False,True,26.02,49,False,True,False,False,False,False,30.44,21.93,True,False,True,False,False,True
AST-04590,change_of_mind,email,south,medium,False,False,False,False,69.99,11,False,True,False,False,False,False,19.0,11.7,True,True,True,True,False,True
AST-04591,late_delivery,email,midlands,low,True,False,False,True,9.67,42,True,True,True,True,False,False,21.13,13.72,True,True,True,True,False,False
AST-04592,damaged_item,chat,south,low,False,False,False,False,68.13,34,False,True,False,False,True,False,12.05,7.17,True,True,False,True,False,False
AST-04593,missing_refund,chat,north,low,False,False,False,False,18.31,25,False,True,False,False,True,False,17.27,9.12,True,True,True,True,False,False
AST-04594,wrong_item,chat,midlands,low,False,False,False,False,71.59,20,False,True,False,False,True,False,20.12,11.2,True,True,True,True,False,False
AST-04595,wrong_item,email,north,medium,False,False,False,True,85.19,10,False,True,False,False,True,False,26.77,15.4,True,True,True,True,False,False
AST-04596,wrong_item,chat,south,low,False,False,False,False,261.62,21,True,True,True,True,True,False,17.98,11.49,True,True,True,True,False,False
AST-04597,warranty,email,north,high,False,False,False,True,143.82,7,True,True,True,True,False,False,29.13,23.39,False,True,False,True,True,False
AST-04598,damaged_item,chat,north,medium,False,False,False,False,16.2,46,False,True,False,False,True,False,17.34,11.39,True,True,True,True,False,False
AST-04599,change_of_mind,email,london,medium,False,False,False,True,41.38,17,False,True,True,True,False,False,22.25,14.69,True,True,True,True,False,False
AST-04600,late_delivery,chat,midlands,low,False,False,False,False,131.25,48,False,True,False,True,False,False,13.13,7.91,False,True,True,True,True,False
AST-04601,late_delivery,chat,london,high,False,False,False,True,103.6,20,False,True,False,True,False,False,25.6,16.83,False,False,True,True,True,True
AST-04602,change_of_mind,phone,north,low,False,False,False,False,59.33,10,False,True,False,False,False,False,15.58,7.79,True,True,True,True,False,False
AST-04603,change_of_mind,phone,midlands,low,False,False,True,False,101.86,22,False,True,False,True,False,False,19.41,11.48,True,True,True,True,False,False
AST-04604,change_of_mind,chat,south,medium,False,False,False,False,30.65,24,False,True,False,False,False,False,17.02,10.17,True,True,True,True,False,False
AST-04605,warranty,chat,midlands,low,False,False,False,False,58.46,26,True,True,True,True,False,False,13.79,9.38,False,True,True,True,True,False
AST-04606,late_delivery,chat,north,medium,False,False,False,True,33.97,33,False,True,False,False,False,False,17.91,11.49,True,True,True,True,False,False
AST-04607,change_of_mind,chat,south,low,True,False,False,False,50.82,40,True,True,True,True,False,False,17.19,10.37,True,True,True,True,False,False
AST-04608,late_delivery,email,midlands,low,True,False,False,False,67.49,18,True,True,True,True,False,False,10.66,7.32,False,True,True,True,True,False
AST-04609,damaged_item,phone,london,medium,True,False,True,False,100.22,82,True,True,True,True,True,False,22.17,15.55,True,True,True,True,False,False
AST-04610,missing_refund,chat,south,medium,False,False,False,True,29.56,15,False,True,False,False,True,False,21.13,12.68,False,True,True,True,True,False
AST-04611,missing_refund,email,midlands,medium,False,False,False,False,9.31,31,False,True,False,False,True,False,18.66,12.64,True,True,True,True,False,False
AST-04612,missing_refund,phone,london,low,True,False,False,True,33.48,37,True,True,True,True,True,False,10.8,8.55,True,True,False,True,True,False
AST-04613,damaged_item,email,north,high,False,False,True,False,100.94,32,False,True,False,True,True,False,20.37,13.53,False,True,True,True,True,False
AST-04614,change_of_mind,email,london,medium,False,False,True,False,23.36,29,False,True,False,False,False,False,25.31,14.34,False,True,True,True,True,False
AST-04615,late_delivery,chat,south,low,False,False,False,False,17.55,15,False,True,False,False,False,False,12.49,7.29,True,True,True,True,False,False
AST-04616,late_delivery,chat,london,low,False,False,False,False,23.83,43,False,True,False,False,False,False,8.73,5.07,True,True,False,True,False,False
AST-04617,warranty,chat,north,medium,False,False,False,True,76.93,37,True,True,True,True,False,False,20.41,14.13,False,True,True,True,True,False
AST-04618,late_delivery,chat,midlands,high,False,False,False,True,71.06,35,False,True,False,False,False,False,27.5,18.62,True,True,True,True,False,False
AST-04619,late_delivery,email,london,low,False,True,False,False,19.42,55,True,True,True,True,False,False,13.35,8.96,False,True,True,True,True,False
AST-04620,missing_refund,chat,london,medium,False,False,False,False,42.45,109,False,True,False,False,True,False,20.56,12.63,False,False,True,True,True,True
AST-04621,late_delivery,phone,north,medium,False,False,False,True,48.36,17,False,True,True,True,False,False,22.82,16.04,False,True,True,True,True,True
AST-04622,late_delivery,email,london,low,False,False,False,True,26.2,91,False,True,False,False,False,False,18.07,9.61,False,True,True,True,True,False
AST-04623,missing_refund,email,midlands,high,False,False,False,True,43.81,31,False,True,False,False,True,False,25.03,15.46,True,True,False,True,True,False
AST-04624,change_of_mind,phone,london,low,False,False,False,False,20.73,105,False,True,False,False,False,False,16.75,10.16,True,True,False,True,False,False
AST-04625,late_delivery,chat,south,low,False,False,False,True,39.01,34,False,True,True,True,False,False,17.49,11.56,True,True,True,True,False,False
AST-04626,damaged_item,phone,south,low,False,False,False,False,110.28,35,False,True,False,True,True,False,11.06,5.37,True,True,True,True,False,False
AST-04627,change_of_mind,email,london,medium,False,False,False,False,26.5,48,False,True,False,False,False,False,19.27,12.59,False,True,True,True,True,False
AST-04628,late_delivery,chat,midlands,high,False,False,False,False,85.15,23,False,True,False,False,False,False,20.46,13.55,True,True,True,False,False,False
AST-04629,late_delivery,email,london,low,False,False,False,False,23.69,14,False,True,False,False,False,False,15.45,7.33,True,True,True,True,False,False
AST-04630,late_delivery,email,south,low,True,False,False,True,29.38,70,True,True,True,True,False,False,19.43,12.41,False,False,True,True,True,True
AST-04631,change_of_mind,chat,north,low,False,False,True,False,144.33,48,False,True,False,True,False,False,20.47,11.71,True,False,True,True,False,True
AST-04632,change_of_mind,email,midlands,medium,True,False,False,True,29.93,42,True,True,True,True,False,False,22.32,14.42,True,True,True,True,False,False
AST-04633,late_delivery,phone,south,low,False,False,False,False,94.44,26,False,True,False,False,False,False,15.59,8.94,True,True,False,True,False,False
AST-04634,late_delivery,email,south,low,False,False,False,True,27.4,13,False,True,False,False,False,False,19.54,9.73,False,True,True,True,True,False
AST-04635,change_of_mind,chat,midlands,low,True,False,False,False,53.83,25,True,True,True,True,False,False,16.09,10.45,False,True,True,True,True,False
AST-04636,late_delivery,email,south,low,False,False,False,False,39.52,28,False,True,False,False,False,False,13.05,7.87,True,True,True,True,False,False
AST-04637,change_of_mind,chat,midlands,low,False,True,False,False,133.98,11,True,True,True,True,False,False,12.44,9.25,True,True,False,True,True,False
AST-04638,change_of_mind,chat,london,medium,False,False,False,False,52.04,41,False,True,False,False,False,False,19.05,12.7,True,True,True,True,False,False
AST-04639,change_of_mind,chat,midlands,medium,False,False,False,False,18.54,27,False,True,False,False,False,False,17.34,12.46,True,False,True,True,False,True
AST-04640,missing_refund,chat,london,medium,False,False,False,False,13.32,32,False,True,False,False,True,False,20.53,12.48,True,True,False,True,False,False
AST-04641,wrong_item,phone,midlands,medium,True,False,True,True,43.27,16,True,True,True,True,True,False,31.53,21.18,True,True,True,True,False,False
AST-04642,warranty,email,midlands,medium,False,False,True,True,15.02,81,True,True,True,True,False,False,25.55,16.13,True,True,True,True,False,False
AST-04643,damaged_item,phone,midlands,high,False,False,False,False,26.04,12,False,True,False,False,True,False,26.85,18.18,False,False,True,True,True,True
AST-04644,missing_refund,phone,south,low,False,False,False,False,48.83,20,False,True,False,False,True,False,14.82,8.34,True,True,True,True,False,False
AST-04645,damaged_item,email,south,low,False,False,False,False,59.83,66,False,True,False,False,True,False,17.81,10.68,True,True,True,True,False,False
AST-04646,late_delivery,email,south,low,False,False,False,False,13.76,12,False,True,False,False,False,False,18.6,9.29,True,True,True,True,False,False
AST-04647,wrong_item,phone,north,high,False,False,False,True,43.51,25,False,True,False,False,True,False,26.15,17.07,True,True,True,True,False,False
AST-04648,wrong_item,chat,north,high,False,False,False,True,20.82,18,False,True,True,True,True,False,29.66,22.3,True,True,True,True,False,False
AST-04649,change_of_mind,chat,north,low,False,False,False,False,32.79,37,False,True,False,False,False,False,15.48,9.4,True,True,True,True,False,False
AST-04650,late_delivery,phone,south,medium,False,False,False,True,42.75,18,False,True,False,False,False,False,21.14,12.24,False,True,True,True,True,False
AST-04651,change_of_mind,chat,north,high,False,True,False,True,17.33,11,True,True,True,True,False,False,29.89,23.1,False,True,False,True,True,False
AST-04652,late_delivery,email,south,low,False,False,False,True,15.56,14,False,True,False,False,False,False,16.28,8.54,False,True,True,True,True,False
AST-04653,late_delivery,chat,london,medium,False,False,True,False,41.83,75,False,True,False,False,False,False,24.05,14.08,True,True,True,True,False,False
AST-04654,missing_refund,email,south,medium,False,False,False,True,42.45,100,False,True,False,False,True,False,22.56,14.32,True,True,True,True,False,False
AST-04655,missing_refund,phone,south,medium,False,False,False,False,19.91,10,False,True,False,False,True,False,18.57,10.52,True,False,True,True,False,True
AST-04656,change_of_mind,chat,london,high,False,False,True,False,180.32,32,False,True,False,True,False,False,23.62,16.09,False,False,True,True,True,True
AST-04657,change_of_mind,phone,london,low,False,False,False,False,20.64,49,False,True,False,False,False,False,11.43,5.64,True,True,True,True,False,False
AST-04658,late_delivery,phone,south,medium,False,False,False,True,16.65,65,False,True,False,False,False,False,17.65,10.33,True,True,True,True,False,False
AST-04659,warranty,phone,south,medium,False,False,False,False,197.49,32,True,True,True,True,False,False,21.4,15.18,False,True,True,True,True,False
AST-04660,missing_refund,chat,london,medium,True,False,True,False,36.51,10,True,True,True,True,True,False,22.68,15.35,False,True,False,True,True,False
AST-04661,late_delivery,chat,midlands,medium,False,False,True,True,224.77,15,False,True,False,True,False,False,21.55,12.45,True,True,True,True,False,False
AST-04662,change_of_mind,chat,london,high,False,False,False,False,126.71,10,False,True,False,True,False,False,26.49,18.48,True,True,True,True,False,False
AST-04663,wrong_item,chat,north,high,True,False,False,True,55.07,19,True,True,True,True,True,False,23.17,18.57,False,True,True,True,True,False
AST-04664,change_of_mind,email,london,medium,False,False,False,False,96.46,21,False,True,False,False,False,False,17.79,11.28,True,True,True,True,False,False
AST-04665,damaged_item,chat,midlands,high,False,False,False,True,17.21,6,False,True,False,False,True,False,29.49,19.79,False,True,True,True,True,False
AST-04666,change_of_mind,email,south,low,False,False,False,True,57.02,11,False,True,True,True,False,False,21.96,13.64,True,True,True,True,False,False
AST-04667,missing_refund,chat,north,low,False,False,False,False,31.52,59,False,True,False,False,True,False,14.02,7.89,False,True,True,True,True,False
AST-04668,late_delivery,phone,north,low,False,True,False,False,97.35,10,True,True,True,True,False,False,12.49,7.59,True,True,True,True,False,False
AST-04669,wrong_item,chat,london,low,False,False,False,False,39.69,29,False,True,False,False,True,False,13.4,7.05,True,True,True,True,False,True
AST-04670,late_delivery,chat,south,low,False,False,False,False,119.95,1,False,True,False,True,False,False,12.94,7.08,True,True,True,True,False,False
AST-04671,late_delivery,chat,london,high,False,False,False,True,127.57,14,False,True,False,True,False,False,22.03,13.97,False,True,True,True,True,False
AST-04672,wrong_item,chat,midlands,low,False,False,False,False,58.99,8,False,True,False,False,True,False,17.84,10.88,False,True,True,True,True,False
AST-04673,warranty,phone,midlands,medium,False,True,False,True,47.23,59,True,True,True,True,False,False,17.63,12.46,True,True,True,True,False,False
AST-04674,change_of_mind,chat,london,low,False,True,False,False,33.16,30,True,True,True,True,False,False,11.06,7.85,False,True,False,True,True,False
AST-04675,change_of_mind,phone,south,low,True,False,True,False,118.36,1,True,True,True,True,False,False,16.32,11.14,False,True,False,True,True,False
AST-04676,wrong_item,email,london,low,True,False,False,True,31.18,19,True,True,True,True,True,False,18.88,13.05,True,True,True,True,False,False
AST-04677,late_delivery,chat,north,medium,True,False,False,False,98.46,11,True,True,True,True,False,False,23.43,16.3,True,True,True,True,False,True
AST-04678,missing_refund,phone,midlands,medium,False,False,False,False,133.8,40,False,True,False,True,True,False,17.05,11.33,True,True,True,True,False,False
AST-04679,missing_refund,email,london,high,False,False,False,False,90.53,146,False,True,False,False,True,False,31.07,20.87,False,True,True,True,True,False
AST-04680,late_delivery,email,south,medium,False,False,False,True,49.4,48,False,True,False,False,False,False,16.89,10.19,True,True,True,True,False,False
AST-04681,late_delivery,phone,south,low,False,False,False,False,17.18,13,False,True,False,False,False,False,17.53,9.13,True,True,True,True,False,False
AST-04682,change_of_mind,email,south,medium,True,False,False,True,122.54,35,True,True,True,True,False,False,24.02,16.52,True,True,True,True,False,False
AST-04683,late_delivery,chat,london,low,False,False,False,False,84.0,4,False,True,False,False,False,False,17.27,10.35,True,True,True,True,False,False
AST-04684,late_delivery,phone,london,low,False,False,False,True,104.41,25,False,True,False,True,False,False,16.7,8.44,True,True,True,True,False,False
AST-04685,damaged_item,phone,north,high,False,False,False,False,56.98,19,False,True,False,False,True,False,21.94,15.49,True,True,True,True,False,False
AST-04686,late_delivery,email,london,low,False,False,False,True,24.39,47,False,True,False,False,False,False,13.69,6.97,True,True,True,True,False,False
AST-04687,change_of_mind,chat,london,low,False,False,False,False,157.36,11,False,True,False,True,False,False,15.17,7.94,False,True,True,True,True,False
AST-04688,damaged_item,chat,north,low,False,False,False,False,50.3,25,False,True,False,False,True,False,18.25,10.82,True,True,True,True,False,False
AST-04689,damaged_item,email,north,medium,False,False,False,False,15.17,33,False,True,False,False,True,False,17.24,10.2,True,True,True,True,False,False
AST-04690,damaged_item,chat,south,low,False,False,False,False,49.0,27,False,True,False,False,True,False,17.17,10.73,True,True,True,True,False,False
AST-04691,change_of_mind,phone,london,medium,False,False,False,True,196.17,14,False,True,True,True,False,False,26.25,17.09,False,True,True,True,True,False
AST-04692,late_delivery,phone,north,medium,False,False,False,False,23.82,11,False,True,False,False,False,False,21.5,13.38,True,True,True,True,False,False
AST-04693,damaged_item,chat,london,medium,False,False,False,False,63.8,44,False,True,False,False,True,False,18.22,11.65,True,True,False,True,False,False
AST-04694,change_of_mind,phone,north,medium,True,False,False,False,47.58,1,True,True,True,True,False,False,19.56,13.77,True,True,True,True,False,False
AST-04695,damaged_item,chat,north,low,False,False,False,False,34.6,18,False,True,False,False,True,False,15.71,10.14,True,True,True,True,False,False
AST-04696,wrong_item,chat,south,low,False,False,False,False,47.19,29,False,True,False,False,True,False,17.75,9.99,True,True,True,True,False,False
AST-04697,damaged_item,email,midlands,low,False,False,True,False,30.5,18,False,True,False,False,True,False,21.68,12.59,True,True,True,True,False,False
AST-04698,change_of_mind,email,midlands,medium,False,False,False,True,25.75,80,False,True,True,True,False,False,19.14,14.11,True,False,True,True,False,True
AST-04699,change_of_mind,chat,midlands,low,False,False,False,True,8,15,False,True,True,True,False,False,14.49,9.52,False,True,True,True,True,False
AST-04700,change_of_mind,phone,north,low,False,False,False,True,54.52,61,False,True,False,False,False,False,16.27,8.79,True,True,True,True,False,False
AST-04701,change_of_mind,email,midlands,medium,False,False,False,False,120.15,41,False,True,False,True,False,False,17.69,10.89,True,True,False,True,False,False
AST-04702,wrong_item,phone,south,medium,False,False,True,True,105.91,92,False,True,True,True,True,False,26.37,18.77,True,True,True,True,False,False
AST-04703,damaged_item,phone,london,low,False,True,False,False,122.5,14,True,True,True,True,True,False,12.2,7.88,False,True,True,True,True,False
AST-04704,change_of_mind,phone,south,low,False,False,True,False,125.91,33,False,True,False,True,False,False,16.69,8.65,True,False,True,True,False,True
AST-04705,damaged_item,email,midlands,low,False,False,False,False,35.23,28,False,True,False,False,True,False,11.69,6.44,True,True,True,True,False,False
AST-04706,warranty,email,midlands,low,False,False,False,True,47.08,65,True,True,True,True,False,False,13.05,8.51,True,True,True,True,False,False
AST-04707,warranty,chat,north,low,False,False,False,False,27.48,31,True,True,True,True,False,False,10.95,7.56,True,True,True,True,False,False
AST-04708,late_delivery,chat,south,low,False,False,False,True,103.44,22,False,True,True,True,False,False,9.57,7.43,True,True,True,True,False,False
AST-04709,warranty,chat,london,medium,True,False,False,False,78.57,27,True,True,True,True,False,False,17.69,11.87,False,True,True,True,True,False
AST-04710,damaged_item,chat,north,high,True,False,False,True,47.95,9,True,True,True,True,True,False,23.12,17.3,True,True,True,True,False,False
AST-04711,wrong_item,chat,london,low,False,False,False,True,44.09,8,False,True,True,True,True,False,18.62,13.59,True,True,True,True,False,False
AST-04712,late_delivery,chat,london,low,False,False,False,False,18.6,35,False,True,False,False,False,False,9.52,6.21,True,True,True,True,False,True
AST-04713,wrong_item,email,midlands,medium,False,False,False,False,30.11,29,False,True,False,False,True,False,22.35,13.18,True,True,True,False,False,False
AST-04714,missing_refund,phone,north,medium,False,True,False,False,16.48,36,True,True,True,True,True,False,20.13,12.58,True,True,True,True,False,False
AST-04715,late_delivery,email,north,medium,False,False,False,False,19.03,24,False,True,False,False,False,False,19.06,12.17,False,True,True,True,True,False
AST-04716,change_of_mind,chat,north,low,False,False,True,True,141.55,93,False,True,False,True,False,False,20.89,10.66,True,True,True,True,False,False
AST-04717,damaged_item,email,midlands,high,True,False,False,False,44.14,37,True,True,True,True,True,False,24.03,18.81,False,True,True,True,True,False
AST-04718,warranty,email,london,low,False,False,False,False,46.65,35,True,True,True,True,False,False,16.95,12.47,True,True,True,True,False,False
AST-04719,late_delivery,chat,midlands,low,False,False,True,False,52.39,26,False,True,False,False,False,False,17.16,9.44,True,True,True,True,False,False
AST-04720,change_of_mind,phone,midlands,low,False,False,False,False,32.72,17,False,True,False,False,False,False,15.0,7.85,True,True,True,True,False,False
AST-04721,wrong_item,chat,north,high,True,False,False,False,57.09,11,True,True,True,True,True,False,25.66,18.6,True,True,False,True,False,False
AST-04722,late_delivery,email,south,medium,False,False,False,True,28.61,26,False,True,False,False,False,False,25.09,15.39,True,True,True,True,False,False
AST-04723,warranty,email,london,medium,False,False,False,False,205.85,46,True,True,True,True,False,False,22.53,14.85,True,True,True,True,False,False
AST-04724,late_delivery,phone,south,high,True,False,False,False,36.5,30,True,True,True,True,False,False,23.72,16.34,True,True,True,True,False,False
AST-04725,change_of_mind,phone,midlands,low,False,False,False,False,8,23,False,True,False,False,False,False,9.35,5.24,False,True,True,True,True,False
AST-04726,missing_refund,chat,london,medium,False,False,False,False,11.71,31,False,True,False,False,True,False,23.09,14.11,True,True,True,True,False,False
AST-04727,late_delivery,chat,london,low,False,False,False,False,43.32,68,False,True,False,False,False,False,15.34,8.13,True,True,True,True,False,False
AST-04728,wrong_item,phone,south,high,True,False,False,True,30.77,17,True,True,True,True,True,False,30.1,22.49,False,True,True,True,True,False
AST-04729,change_of_mind,phone,south,low,False,False,False,True,66.1,10,False,True,False,False,False,False,19.38,10.71,True,True,True,True,False,False
AST-04730,wrong_item,phone,south,medium,True,True,True,False,86.39,5,True,True,True,True,True,False,19.96,13.97,True,True,True,True,False,False
AST-04731,wrong_item,chat,midlands,medium,True,False,False,False,94.64,25,True,True,True,True,True,False,20.22,14.49,True,True,True,True,False,False
AST-04732,wrong_item,phone,north,low,False,False,False,False,59.45,30,False,True,False,False,True,False,15.07,8.72,True,True,True,True,True,False
AST-04733,late_delivery,chat,north,low,False,False,True,False,15.13,105,False,True,False,False,False,False,13.12,8.19,False,True,True,True,True,False
AST-04734,wrong_item,chat,south,medium,False,False,False,True,15.25,46,False,True,True,True,True,False,19.22,14.36,True,True,True,True,False,False
AST-04735,warranty,chat,midlands,low,False,False,False,True,27.49,8,True,True,True,True,False,False,20.39,13.51,True,False,True,True,True,True
AST-04736,late_delivery,phone,south,medium,False,False,False,False,17.3,41,False,True,False,False,False,False,17.98,9.17,True,True,True,True,False,False
AST-04737,change_of_mind,email,north,medium,False,False,False,False,41.05,15,False,True,False,False,False,False,20.24,12.61,True,True,True,True,False,True
AST-04738,wrong_item,email,midlands,low,False,False,False,False,42.04,10,False,True,False,False,True,False,11.97,6.66,True,True,True,True,False,False
AST-04739,wrong_item,chat,midlands,medium,False,False,False,False,72.3,47,False,True,False,False,True,False,20.19,12.83,False,True,True,True,True,False
AST-04740,change_of_mind,email,south,medium,True,False,False,False,119.89,71,True,True,True,True,False,False,18.43,13.67,True,True,True,True,False,False
AST-04741,damaged_item,chat,midlands,low,False,False,False,False,70.86,102,False,True,False,False,True,False,15.32,10.12,False,True,True,True,True,False
AST-04742,damaged_item,chat,north,medium,True,False,False,False,24.49,69,True,True,True,True,True,False,19.67,13.49,True,True,True,True,False,False
AST-04743,damaged_item,email,london,medium,False,False,False,False,45.06,46,False,False,False,False,True,False,13.64,8.2,False,True,True,True,True,False
AST-04744,change_of_mind,chat,london,medium,False,False,False,False,16.0,2,False,True,False,False,False,False,20.08,12.22,True,True,True,True,False,False
AST-04745,damaged_item,email,south,high,False,False,False,False,72.58,88,False,True,False,False,True,False,22.8,15.54,False,False,True,True,True,True
AST-04746,damaged_item,email,south,medium,False,True,False,False,72.76,29,True,True,True,True,True,False,13.06,9.19,True,False,True,False,False,True
AST-04747,change_of_mind,chat,south,medium,False,False,False,False,40.81,34,False,True,False,False,False,False,22.16,14.67,False,False,True,True,True,True
AST-04748,change_of_mind,email,north,high,False,False,False,False,8,24,False,True,False,False,False,False,27.95,19.22,True,True,False,True,True,False
AST-04749,missing_refund,phone,south,high,True,False,True,False,141.97,53,True,True,True,True,True,False,28.28,20.6,True,True,False,True,False,False
AST-04750,late_delivery,phone,london,high,True,False,False,False,98.76,40,True,True,True,True,False,False,23.76,18.27,True,False,True,True,False,True
AST-04751,change_of_mind,chat,south,high,False,False,False,False,15.18,54,False,True,False,False,False,False,22.94,14.87,True,True,False,True,False,False
AST-04752,late_delivery,chat,london,medium,True,False,False,False,217.77,37,True,True,True,True,False,False,16.16,12.35,False,True,True,True,True,False
AST-04753,wrong_item,chat,north,medium,False,False,False,False,94.43,89,False,True,False,False,True,False,18.14,11.34,True,True,True,True,True,False
AST-04754,late_delivery,phone,london,low,True,False,False,False,56.27,15,True,True,True,True,False,False,10.41,6.87,True,True,True,True,True,False
AST-04755,late_delivery,chat,north,medium,False,True,False,False,37.63,51,True,True,True,True,False,False,20.51,14.53,True,True,True,True,False,False
AST-04756,missing_refund,email,midlands,high,False,False,False,False,50.57,37,False,True,False,False,True,False,25.82,16.29,False,True,True,True,True,False
AST-04757,missing_refund,phone,london,low,False,False,False,False,22.59,46,False,True,False,False,True,False,13.77,7.69,False,True,True,True,True,False
AST-04758,warranty,chat,south,high,False,False,False,True,96.53,13,True,True,True,True,False,False,29.74,22.79,False,False,True,True,True,True
AST-04759,change_of_mind,chat,south,medium,False,False,False,True,30.81,21,False,True,False,False,False,False,14.79,9.15,False,True,True,True,True,False
AST-04760,warranty,phone,north,low,False,False,False,False,24.39,15,True,True,True,True,False,False,14.14,9.96,True,True,True,True,False,False
AST-04761,damaged_item,phone,south,high,False,False,False,False,45.78,23,False,True,False,False,True,False,24.17,17.45,False,True,False,True,True,False
AST-04762,change_of_mind,email,london,low,True,False,False,False,25.79,29,True,True,True,True,False,False,10.76,8.27,True,True,True,True,True,False
AST-04763,damaged_item,email,midlands,high,False,False,False,False,41.98,9,False,True,False,False,True,False,27.98,18.75,True,True,True,True,False,False
AST-04764,missing_refund,phone,south,low,False,False,False,False,59.13,37,False,True,False,False,True,False,11.73,5.32,False,True,True,True,True,False
AST-04765,change_of_mind,chat,london,low,False,False,False,False,57.85,14,False,True,False,False,False,False,13.77,6.61,True,True,True,True,True,False
AST-04766,missing_refund,email,south,medium,False,False,False,False,12.43,35,False,True,False,False,True,False,11.34,6.96,True,True,True,True,False,False
AST-04767,damaged_item,phone,london,medium,False,False,False,False,41.77,45,False,True,False,False,True,False,19.75,12.85,False,True,True,True,True,False
AST-04768,damaged_item,chat,midlands,low,False,False,False,True,107.89,40,False,True,False,True,True,False,15.75,8.8,True,True,False,True,False,False
AST-04769,damaged_item,email,midlands,low,False,False,True,False,51.25,50,False,True,False,False,True,False,13.94,7.25,False,False,True,True,True,True
AST-04770,change_of_mind,email,midlands,high,False,False,False,False,29.99,37,False,True,False,False,False,False,26.12,17.84,False,True,True,True,True,False
AST-04771,warranty,phone,london,medium,False,True,False,True,18.98,78,True,True,True,True,False,False,22.95,16.23,True,True,True,True,False,False
AST-04772,late_delivery,phone,south,medium,False,False,False,False,27.51,10,False,True,False,False,False,False,16.47,10.63,False,True,True,True,True,False
AST-04773,late_delivery,phone,north,low,False,False,False,True,31.3,18,False,True,True,True,False,False,22.27,14.7,True,True,True,True,False,False
AST-04774,damaged_item,chat,north,high,False,False,False,False,36.31,29,False,True,False,False,True,False,22.51,15.04,False,False,True,True,True,True
AST-04775,late_delivery,email,london,high,False,False,False,True,98.26,17,False,True,True,True,False,False,27.04,18.88,True,False,True,True,False,True
AST-04776,missing_refund,chat,north,medium,False,False,False,True,38.61,31,False,True,False,False,True,False,24.25,14.82,True,True,True,True,True,False
AST-04777,late_delivery,email,south,high,False,False,True,False,24.04,44,False,True,False,False,False,False,29.09,20.25,True,False,True,True,False,True
AST-04778,wrong_item,email,south,medium,True,False,False,False,176.78,106,True,True,True,True,True,False,21.21,13.7,False,True,True,True,True,False
AST-04779,change_of_mind,email,north,medium,False,False,True,True,34.74,34,False,True,False,False,False,False,27.63,17.43,False,True,True,True,True,False
AST-04780,damaged_item,email,south,low,False,False,False,False,32.84,33,False,False,False,False,True,False,14.14,7.46,False,True,True,True,True,False
AST-04781,wrong_item,phone,london,high,False,False,False,False,27.16,44,False,True,False,False,True,False,27.09,18.72,False,False,True,True,True,True
AST-04782,damaged_item,email,south,medium,False,False,True,True,39.33,7,False,True,False,False,True,False,21.76,12.17,True,True,True,True,False,False
AST-04783,late_delivery,phone,north,low,False,False,True,False,10.77,3,False,True,False,False,False,False,16.82,8.64,False,True,True,False,True,False
AST-04784,late_delivery,chat,midlands,low,False,False,False,False,51.17,13,False,True,False,False,False,False,11.59,7.09,True,True,True,True,False,False
AST-04785,damaged_item,email,north,medium,False,False,False,True,27.98,12,False,True,False,False,True,False,19.17,10.92,True,True,True,True,False,False
AST-04786,damaged_item,chat,london,low,False,False,False,False,49.13,10,False,True,False,False,True,False,14.13,7.82,False,True,True,True,True,False
AST-04787,change_of_mind,phone,midlands,medium,False,False,False,True,78.1,20,False,True,False,False,False,False,16.32,9.74,True,False,True,True,False,True
AST-04788,late_delivery,phone,london,medium,False,False,False,False,22.88,16,False,True,False,False,False,False,20.33,12.28,True,True,True,True,False,False
AST-04789,missing_refund,phone,north,high,True,False,False,False,59.9,94,True,True,True,True,True,False,23.02,16.93,True,True,True,True,False,False
AST-04790,wrong_item,email,north,medium,False,True,False,True,13.52,1,True,True,True,True,True,False,22.72,15.72,False,True,True,True,True,False
AST-04791,warranty,email,north,high,False,False,False,True,10.98,23,True,True,True,True,False,False,27.2,20.13,False,False,True,True,True,True
AST-04792,late_delivery,email,london,medium,True,False,True,False,31.66,42,True,True,True,True,False,False,18.65,12.19,True,True,True,True,False,False
AST-04793,late_delivery,email,london,low,False,False,False,True,25.78,10,False,True,False,False,False,False,14.15,7.65,True,True,True,True,False,False
AST-04794,warranty,email,north,low,False,False,False,True,23.87,24,True,True,True,True,False,False,17.59,11.51,False,True,True,True,True,False
AST-04795,late_delivery,email,north,medium,False,False,False,False,49.12,24,False,True,False,False,False,False,12.71,9.74,True,True,True,True,False,False
AST-04796,damaged_item,chat,midlands,low,False,False,False,False,54.06,39,False,True,False,False,True,False,13.04,7.06,True,True,True,True,False,False
AST-04797,damaged_item,chat,midlands,medium,False,False,False,True,55.47,18,False,True,False,False,True,False,26.6,15.5,False,False,True,True,True,True
AST-04798,damaged_item,email,south,medium,False,False,False,False,147.63,13,False,True,False,True,True,False,15.58,9.54,True,True,True,True,False,False
AST-04799,change_of_mind,chat,south,low,False,False,False,False,27.45,2,False,True,False,False,False,False,10.06,5.7,False,True,True,True,True,False
AST-04800,late_delivery,email,south,low,False,False,False,False,28.6,40,False,True,False,False,False,False,17.36,8.99,True,True,False,True,False,False
AST-04801,damaged_item,chat,north,low,False,False,False,False,29.68,21,False,True,False,False,True,False,16.46,9.07,True,True,True,True,False,False
AST-04802,late_delivery,email,london,low,False,False,False,False,28.63,20,False,True,False,False,False,False,15.33,9.01,False,True,True,True,True,False
AST-04803,missing_refund,email,north,low,False,False,True,False,83.88,10,False,True,False,False,True,False,18.58,10.29,False,True,True,True,True,False
AST-04804,late_delivery,email,london,low,False,False,False,False,38.15,20,False,True,False,False,False,False,15.39,8.41,True,True,True,True,False,False
AST-04805,missing_refund,email,south,low,False,False,False,False,25.16,30,False,True,False,False,True,False,11.72,5.35,True,True,True,True,False,True
AST-04806,missing_refund,chat,south,low,False,False,False,False,30.7,15,False,True,False,False,True,False,13.31,6.31,True,True,True,True,False,False
AST-04807,late_delivery,chat,north,high,False,False,True,False,40.61,71,False,True,False,False,False,False,29.48,20.36,True,False,True,True,False,True
AST-04808,change_of_mind,email,south,low,True,False,False,True,164.44,14,True,True,True,True,False,False,14.96,10.42,True,True,True,True,False,False
AST-04809,damaged_item,chat,north,low,False,False,False,False,84.62,22,False,True,False,False,True,False,13.09,7.11,True,True,True,True,False,False
AST-04810,damaged_item,chat,midlands,medium,False,False,False,True,77.84,7,False,True,False,False,True,False,24.11,14.52,True,True,True,True,False,False
AST-04811,wrong_item,phone,midlands,medium,False,False,False,False,78.9,32,False,True,False,False,True,False,23.38,14.55,True,True,True,True,False,False
AST-04812,missing_refund,email,midlands,high,False,False,True,False,33.98,12,False,True,False,False,True,False,26.78,18.16,True,True,False,True,False,False
AST-04813,missing_refund,chat,midlands,low,False,False,False,False,128.85,13,False,True,False,True,True,False,11.6,5.56,True,True,True,True,False,False
AST-04814,wrong_item,chat,london,medium,False,False,False,False,71.26,6,False,True,False,False,True,False,20.5,11.34,True,True,True,True,False,False
AST-04815,wrong_item,chat,london,medium,False,False,False,True,98.31,26,False,True,False,False,True,False,22.93,14.05,True,True,True,True,False,False
AST-04816,wrong_item,email,london,low,True,False,False,False,33.51,69,True,True,True,True,True,False,11.66,8.89,False,True,True,True,True,False
AST-04817,damaged_item,email,north,low,False,False,False,False,10.72,32,False,True,False,False,True,False,13.31,6.62,False,True,True,True,True,False
AST-04818,damaged_item,chat,midlands,low,True,False,False,False,34.77,8,True,True,True,True,True,False,14.53,8.62,True,True,False,True,True,False
AST-04819,change_of_mind,email,north,medium,False,False,False,True,23.74,29,False,True,True,True,False,False,20.96,14.02,True,True,True,True,False,False
AST-04820,late_delivery,phone,london,low,False,False,True,True,74.57,29,False,True,False,False,False,False,23.42,12.37,False,True,True,True,True,False
AST-04821,change_of_mind,phone,london,medium,False,False,True,False,21.38,11,False,True,False,False,False,False,19.87,13.06,True,True,True,True,False,False
AST-04822,missing_refund,phone,north,high,False,False,False,False,47.3,28,False,True,False,False,True,False,27.08,20.01,True,True,True,True,False,False
AST-04823,damaged_item,email,north,low,False,False,False,False,101.48,41,False,True,False,True,True,False,12.78,8.04,True,True,True,True,False,False
AST-04824,missing_refund,phone,midlands,high,True,False,False,False,24.47,25,True,True,True,True,True,False,29.91,23.3,True,True,True,True,False,False
AST-04825,change_of_mind,email,north,low,False,False,False,True,21.67,21,False,True,True,True,False,False,15.25,10.58,True,True,True,True,False,False
AST-04826,damaged_item,chat,midlands,low,False,False,False,False,15.45,31,False,True,False,False,True,False,12.29,6.15,True,True,True,True,False,False
AST-04827,late_delivery,email,south,high,False,False,False,False,19.88,46,False,True,False,False,False,False,23.47,15.87,True,True,True,True,False,False
AST-04828,damaged_item,chat,south,high,False,False,False,True,46.98,43,False,True,False,False,True,False,25.14,16.82,True,False,False,True,False,True
AST-04829,wrong_item,chat,midlands,low,False,False,False,False,30.02,40,False,True,False,False,True,False,17.74,9.58,True,True,True,True,False,False
AST-04830,damaged_item,phone,london,medium,False,False,True,True,74.77,40,False,True,True,True,True,False,20.55,14.59,True,True,True,True,False,False
AST-04831,late_delivery,email,north,high,False,True,False,True,37.11,7,True,True,True,True,False,False,29.33,22.41,False,True,True,True,True,False
AST-04832,change_of_mind,email,south,low,False,False,False,True,30.52,89,False,True,False,False,False,False,17.39,9.06,True,False,False,True,False,True
AST-04833,late_delivery,chat,north,medium,False,False,False,False,140.18,21,False,True,False,True,False,False,23.05,14.39,True,True,True,True,False,False
AST-04834,late_delivery,email,north,high,False,False,False,True,45.8,40,False,True,False,False,False,False,18.46,12.52,True,False,True,True,False,True
AST-04835,damaged_item,chat,north,low,False,False,False,False,16.31,6,False,True,False,False,True,False,17.02,10.67,True,True,True,True,False,False
AST-04836,late_delivery,email,london,high,False,False,False,False,154.04,24,False,False,False,True,False,False,29.11,20.09,False,True,True,True,True,False
AST-04837,damaged_item,email,midlands,medium,False,False,False,True,11.2,24,False,True,True,True,True,False,21.66,13.84,True,False,False,True,False,True
AST-04838,late_delivery,chat,south,medium,False,False,False,False,27.33,25,False,True,False,False,False,False,22.17,13.1,True,True,True,True,False,False
AST-04839,late_delivery,phone,south,low,False,False,False,True,33.43,37,False,True,False,False,False,False,17.28,9.81,True,True,False,True,False,False
AST-04840,late_delivery,chat,south,low,False,False,False,False,41.62,31,False,True,False,False,False,False,14.48,8.05,True,True,False,True,False,True
AST-04841,warranty,phone,south,low,False,False,True,False,61.92,11,True,True,True,True,False,False,18.14,11.13,True,True,True,True,False,False
AST-04842,damaged_item,email,london,low,False,False,False,False,32.25,29,False,True,False,False,True,False,12.52,6.66,True,True,True,True,False,False
AST-04843,wrong_item,email,midlands,medium,False,False,False,True,98.8,3,False,True,False,False,True,False,20.03,13.19,True,False,True,True,False,True
AST-04844,wrong_item,chat,north,low,False,False,False,False,78.29,18,False,True,False,False,True,False,15.54,8.62,False,True,True,True,True,False
AST-04845,late_delivery,email,north,low,False,False,False,False,41.23,8,False,True,False,False,False,False,14.0,7.91,True,False,True,True,False,True
AST-04846,late_delivery,chat,london,low,False,False,False,False,48.14,23,False,True,False,False,False,False,13.85,6.66,True,True,True,True,False,False
AST-04847,change_of_mind,email,london,low,False,False,False,True,34.1,54,False,True,True,True,False,False,15.58,10.15,True,True,True,True,False,False
AST-04848,warranty,email,london,medium,True,False,False,False,26.88,1,True,True,True,True,False,False,19.57,14.95,True,True,True,True,False,False
AST-04849,wrong_item,phone,midlands,low,False,False,False,True,123.13,39,False,True,False,True,True,False,17.47,9.03,True,False,True,True,False,True
AST-04850,wrong_item,phone,south,medium,False,False,False,False,54.45,32,False,True,False,False,True,False,21.08,12.76,True,False,True,True,False,True
AST-04851,wrong_item,phone,london,medium,False,False,False,True,15.8,13,False,True,False,False,True,False,18.92,9.94,True,False,True,True,False,True
AST-04852,change_of_mind,email,london,low,False,True,False,False,60.57,11,True,True,True,True,False,False,15.94,10.88,False,True,True,True,True,False
AST-04853,missing_refund,phone,north,high,False,False,False,False,38.05,19,False,True,False,False,True,False,25.48,17.57,False,True,True,True,True,False
AST-04854,change_of_mind,email,south,low,False,False,False,False,72.82,29,False,True,False,False,False,False,13.97,7.01,True,True,True,True,False,False
AST-04855,change_of_mind,email,north,medium,False,False,True,False,42.63,26,False,True,False,False,False,False,25.98,16.45,True,True,False,True,False,False
AST-04856,change_of_mind,chat,london,high,True,True,False,True,92.03,29,True,True,True,True,False,False,25.55,20.25,False,True,True,True,True,False
AST-04857,damaged_item,phone,north,medium,False,False,False,True,98.45,12,False,True,True,True,True,False,18.54,13.74,False,True,True,True,True,False
AST-04858,damaged_item,email,south,high,True,False,False,True,8.93,43,True,True,True,True,True,False,23.32,16.6,True,True,True,True,False,False
AST-04859,damaged_item,phone,south,low,False,False,False,False,83.82,32,False,True,False,False,True,False,17.25,8.54,True,True,True,True,False,False
AST-04860,damaged_item,phone,london,high,False,False,False,True,93.39,42,False,True,False,False,True,False,25.15,17.25,False,True,True,True,True,False
AST-04861,warranty,chat,london,medium,False,True,False,False,82.91,27,True,True,True,True,False,False,19.26,13.53,True,True,True,True,False,False
AST-04862,damaged_item,chat,south,medium,False,False,False,False,33.86,11,False,True,False,False,True,False,23.55,15.38,True,True,True,True,False,False
AST-04863,late_delivery,email,london,low,False,False,False,True,19.79,23,False,True,False,False,False,False,16.38,9.34,False,True,True,True,True,False
AST-04864,damaged_item,email,north,medium,True,False,False,False,27.48,32,True,True,True,True,True,False,22.47,15.39,True,True,True,True,False,False
AST-04865,late_delivery,phone,london,high,False,False,True,False,103.99,10,False,True,False,True,False,False,23.33,16.31,True,True,True,True,False,False
AST-04866,change_of_mind,chat,south,medium,False,False,False,False,28.95,44,False,True,False,False,False,False,21.57,13.77,False,True,True,True,True,False
AST-04867,damaged_item,phone,south,low,False,False,False,False,46.37,11,False,True,False,False,True,False,14.97,7.09,True,True,True,True,False,False
AST-04868,warranty,phone,midlands,high,False,False,True,True,70.62,35,True,True,True,True,False,False,30.63,23.58,False,False,True,True,True,True
AST-04869,warranty,chat,south,low,False,False,False,False,24.59,27,True,True,True,True,False,False,16.86,9.91,True,True,True,True,False,False
AST-04870,change_of_mind,email,midlands,low,True,False,True,False,24.54,11,True,True,True,True,False,False,15.87,12.61,False,True,True,True,True,False
AST-04871,change_of_mind,chat,london,low,False,False,False,False,77.77,8,False,True,False,False,False,False,12.09,6.7,False,True,False,True,True,False
AST-04872,damaged_item,phone,south,medium,False,False,False,False,17.64,38,False,True,False,False,True,False,27.4,16.2,True,True,True,True,False,False
AST-04873,change_of_mind,chat,north,low,False,False,True,True,38.89,25,False,True,False,False,False,False,19.79,10.71,False,True,True,True,True,False
AST-04874,damaged_item,email,south,high,False,False,False,False,42.19,18,False,True,False,False,True,False,26.78,18.44,True,True,True,True,False,False
AST-04875,change_of_mind,chat,south,low,False,False,False,True,59.81,3,False,True,False,False,False,False,18.16,10.01,True,True,True,True,False,False
AST-04876,wrong_item,email,south,high,False,False,False,False,39.92,17,False,True,False,False,True,False,29.31,20.91,False,True,True,True,True,False
AST-04877,damaged_item,chat,london,medium,False,False,False,False,30.56,18,False,True,False,False,True,False,21.55,12.86,False,True,False,True,True,False
AST-04878,wrong_item,email,north,low,False,False,False,False,49.23,39,False,True,False,False,True,False,13.37,7.64,True,True,False,True,False,False
AST-04879,damaged_item,email,north,high,False,False,False,False,15.6,32,False,True,False,False,True,False,24.02,17.0,False,True,True,True,True,True
AST-04880,damaged_item,phone,london,low,False,False,False,False,58.1,20,False,True,False,False,True,False,18.2,8.76,True,True,True,True,False,False
AST-04881,late_delivery,phone,london,medium,False,False,False,False,18.53,7,False,True,False,False,False,False,17.7,10.97,True,True,True,True,False,False
AST-04882,wrong_item,chat,south,low,False,False,True,False,85.54,39,False,True,False,False,True,False,17.06,9.47,True,True,False,True,False,False
AST-04883,warranty,email,north,low,False,False,True,False,35.33,31,True,True,True,True,False,False,17.51,11.15,False,True,False,True,True,False
AST-04884,missing_refund,email,south,low,False,False,False,False,35.79,15,False,True,False,False,True,False,17.87,9.37,True,True,True,True,False,False
AST-04885,damaged_item,email,north,low,False,False,True,False,36.43,10,False,True,False,False,True,False,19.48,11.26,True,True,True,True,False,False
AST-04886,missing_refund,phone,london,high,False,False,True,False,64.23,27,False,True,False,False,True,False,25.44,16.83,False,True,True,True,True,False
AST-04887,damaged_item,chat,north,high,True,False,False,False,84.51,28,True,True,True,True,True,False,22.74,16.37,True,True,True,True,False,False
AST-04888,damaged_item,email,south,medium,False,False,False,False,37.12,36,False,True,False,False,True,False,20.68,13.34,False,True,True,True,True,False
AST-04889,change_of_mind,email,south,medium,False,False,False,False,45.48,36,False,True,False,False,False,False,18.49,12.44,True,False,True,True,True,True
AST-04890,warranty,email,london,low,False,True,True,False,23.22,48,True,True,True,True,False,False,18.03,10.95,True,True,False,True,False,False
AST-04891,change_of_mind,email,midlands,medium,False,False,False,True,49.19,13,False,True,False,False,False,False,17.47,10.48,True,False,True,True,False,True
AST-04892,wrong_item,email,midlands,high,False,False,False,True,15.52,18,False,True,False,False,True,False,21.38,15.91,True,True,True,True,False,False
AST-04893,damaged_item,email,north,low,False,False,False,False,56.7,27,False,True,False,False,True,False,17.3,9.89,True,True,True,True,False,False
AST-04894,change_of_mind,chat,north,low,False,False,False,False,17.98,12,False,True,False,False,False,False,17.45,9.65,True,True,True,True,False,False
AST-04895,change_of_mind,chat,north,high,False,False,False,False,15.43,77,False,True,False,False,False,False,22.29,15.61,True,True,True,True,False,False
AST-04896,damaged_item,chat,midlands,low,True,False,False,False,19.69,36,True,True,True,True,True,False,14.98,10.02,True,True,True,True,False,False
AST-04897,change_of_mind,email,south,low,False,False,False,False,33.79,16,False,True,False,False,False,False,12.42,8.26,True,True,True,True,False,False
AST-04898,wrong_item,email,midlands,low,False,False,False,True,16.25,4,False,True,False,False,True,False,18.09,9.92,True,True,True,True,False,False
AST-04899,wrong_item,email,london,low,False,False,False,False,74.81,24,False,True,False,False,True,False,14.44,8.39,True,True,True,True,False,False
AST-04900,warranty,email,south,low,False,False,False,False,33.01,11,True,True,True,True,False,False,13.14,8.92,True,True,False,True,False,False
AST-04901,damaged_item,chat,london,medium,False,False,False,False,141.97,20,False,True,False,True,True,False,20.81,12.86,True,True,True,True,False,False
AST-04902,change_of_mind,email,midlands,high,False,False,True,True,59.34,30,False,True,False,False,False,False,35.66,24.87,True,True,True,True,False,False
AST-04903,wrong_item,email,south,low,False,False,False,False,13.84,28,False,True,False,False,True,False,17.41,9.86,False,True,True,True,True,False
AST-04904,change_of_mind,phone,london,low,False,False,False,False,20.96,20,False,False,False,False,False,False,13.07,7.29,True,True,True,True,False,False
AST-04905,late_delivery,chat,south,low,False,False,False,False,18.98,1,False,True,False,False,False,False,14.54,6.91,True,True,True,True,False,False
AST-04906,change_of_mind,email,midlands,low,False,False,False,False,45.6,36,False,True,False,False,False,False,12.0,5.55,True,True,True,True,False,False
AST-04907,change_of_mind,phone,london,low,False,False,False,False,88.09,69,False,True,False,False,False,False,14.68,7.65,True,True,True,True,False,False
AST-04908,wrong_item,chat,north,low,True,False,False,False,47.8,19,True,True,True,True,True,False,8.73,6.29,True,True,True,True,False,False
AST-04909,damaged_item,phone,north,low,True,False,False,False,44.08,26,True,True,True,True,True,False,15.47,10.23,False,True,True,True,True,False
AST-04910,late_delivery,chat,midlands,low,False,False,False,True,44.0,81,False,True,False,False,False,False,15.93,8.45,True,True,True,True,False,False
AST-04911,late_delivery,chat,north,low,False,False,False,False,40.45,7,False,True,False,False,False,False,15.18,7.82,False,True,True,True,True,False
AST-04912,change_of_mind,chat,south,low,False,False,False,False,34.71,75,False,True,False,False,False,False,12.17,6.13,True,True,True,True,False,False
AST-04913,late_delivery,chat,london,medium,True,True,False,True,63.38,83,True,True,True,True,False,False,21.47,14.97,True,True,False,True,False,False
AST-04914,late_delivery,phone,north,low,False,False,False,False,36.18,8,False,True,False,False,False,False,15.38,10.37,True,True,True,True,False,False
AST-04915,wrong_item,chat,north,low,False,False,False,False,68.66,22,False,True,False,False,True,False,10.31,4.88,True,True,True,True,False,False
AST-04916,wrong_item,phone,london,low,False,False,False,True,31.18,36,False,True,False,False,True,False,16.91,9.49,True,True,True,True,False,False
AST-04917,change_of_mind,chat,london,low,True,False,False,False,64.63,23,True,True,True,True,False,False,14.2,9.86,False,True,True,True,True,False
AST-04918,change_of_mind,phone,north,low,False,False,False,True,32.11,30,False,True,True,True,False,False,17.95,11.12,True,True,False,True,False,False
AST-04919,wrong_item,chat,south,low,False,False,False,False,41.63,32,False,True,False,False,True,False,10.97,5.67,True,True,True,True,False,False
AST-04920,damaged_item,chat,london,low,False,False,True,False,8,47,False,True,False,False,True,False,20.68,10.77,True,True,True,True,False,False
AST-04921,late_delivery,email,midlands,low,False,False,True,False,18.46,27,False,True,False,False,False,False,15.06,10.16,True,False,True,True,True,True
AST-04922,change_of_mind,email,south,medium,False,False,False,True,69.04,14,False,True,False,False,False,False,23.97,14.02,False,True,True,True,True,False
AST-04923,wrong_item,chat,london,low,False,False,False,True,33.58,24,False,True,False,False,True,False,20.64,10.61,True,True,True,True,False,False
AST-04924,missing_refund,email,south,low,False,False,False,True,52.16,34,False,True,False,False,True,False,19.1,10.21,True,True,True,True,False,False
AST-04925,change_of_mind,chat,south,medium,False,False,True,True,9.3,32,False,True,False,False,False,False,25.86,14.21,True,True,True,True,False,False
AST-04926,damaged_item,chat,midlands,high,False,False,False,False,64.82,6,False,True,False,False,True,False,23.85,16.38,True,True,True,True,False,False
AST-04927,change_of_mind,phone,south,medium,False,False,False,True,39.38,34,False,True,False,False,False,False,22.65,14.08,True,True,True,True,False,False
AST-04928,missing_refund,email,south,low,False,False,False,False,29.32,12,False,True,False,False,True,False,14.28,8.44,True,True,True,True,False,False
AST-04929,late_delivery,phone,london,high,False,False,False,False,15.85,5,False,True,False,False,False,False,27.5,18.25,True,True,True,True,False,False
AST-04930,wrong_item,phone,south,low,False,False,False,False,76.11,52,False,True,False,False,True,False,14.67,7.78,True,True,True,True,False,False
AST-04931,wrong_item,chat,london,low,False,False,False,True,41.09,29,False,True,False,False,True,False,16.35,8.09,True,True,True,True,False,False
AST-04932,change_of_mind,email,london,low,False,False,False,False,67.53,34,False,True,False,False,False,False,14.65,7.73,True,True,False,True,True,False
AST-04933,late_delivery,email,midlands,low,False,False,False,True,43.85,28,False,True,False,False,False,False,19.81,11.37,True,True,True,True,False,True
AST-04934,damaged_item,phone,midlands,low,False,False,False,False,42.52,80,False,True,False,False,True,False,15.25,8.81,True,False,True,True,False,True
AST-04935,missing_refund,phone,london,medium,False,False,False,True,8,41,False,True,False,False,True,False,24.03,12.92,False,True,True,True,True,False
AST-04936,damaged_item,email,midlands,medium,True,False,False,True,28.21,21,True,True,True,True,True,False,22.44,15.38,True,True,True,True,False,False
AST-04937,change_of_mind,phone,london,high,False,False,False,False,35.41,21,False,False,False,False,False,False,24.31,17.97,True,False,False,True,False,True
AST-04938,change_of_mind,chat,midlands,medium,False,False,True,False,31.18,60,False,True,False,False,False,False,22.06,12.7,True,False,True,True,False,True
AST-04939,missing_refund,phone,south,medium,False,False,False,False,17.51,49,False,True,False,False,True,False,21.58,13.37,True,True,True,True,False,False
AST-04940,late_delivery,chat,south,high,False,False,False,False,58.11,20,False,True,False,False,False,False,23.71,16.72,False,False,True,True,True,True
AST-04941,change_of_mind,email,london,medium,True,False,True,False,37.27,12,True,True,True,True,False,False,28.21,18.8,False,True,True,True,True,False
AST-04942,damaged_item,chat,midlands,low,False,False,False,False,39.23,39,False,True,False,False,True,False,21.24,10.8,True,True,True,True,False,False
AST-04943,late_delivery,email,south,low,False,False,False,True,21.21,27,False,True,True,True,False,False,15.97,10.57,True,True,True,True,False,False
AST-04944,change_of_mind,email,london,low,False,False,False,False,17.37,9,False,False,False,False,False,False,7.0,4.0,True,True,True,True,False,False
AST-04945,missing_refund,chat,london,high,False,False,False,True,36.86,76,False,True,False,False,True,False,26.63,18.49,True,True,True,True,False,False
AST-04946,wrong_item,email,south,low,False,False,False,False,51.58,11,False,True,False,False,True,False,14.6,7.23,True,False,False,True,False,True
AST-04947,change_of_mind,chat,london,low,False,False,False,True,8,9,False,True,False,False,False,False,12.74,8.03,True,True,True,True,False,False
AST-04948,change_of_mind,phone,london,high,False,False,False,True,41.72,33,False,True,False,False,False,False,30.03,19.26,True,True,True,True,False,False
AST-04949,damaged_item,phone,london,high,False,False,False,False,23.13,8,False,True,False,False,True,False,24.16,16.72,True,True,False,True,False,False
AST-04950,change_of_mind,chat,north,low,False,False,False,True,55.59,26,False,True,False,False,False,False,20.08,11.16,True,True,True,True,False,False
AST-04951,late_delivery,chat,midlands,low,False,False,True,False,118.26,42,False,True,False,True,False,False,21.75,11.05,True,True,True,True,False,False
AST-04952,damaged_item,email,south,medium,False,False,False,False,38.67,6,False,True,False,False,True,False,21.25,12.99,True,True,True,True,False,False
AST-04953,wrong_item,chat,south,low,False,False,True,False,18.4,27,False,True,False,False,True,False,18.57,10.36,False,True,True,True,True,False
AST-04954,change_of_mind,email,north,medium,False,False,True,True,26.33,58,False,True,False,False,False,False,26.42,15.12,False,True,True,True,True,False
AST-04955,late_delivery,email,london,low,False,False,False,False,12.98,17,False,True,False,False,False,False,20.54,11.09,False,True,True,True,True,False
AST-04956,wrong_item,email,south,high,False,False,False,True,27.4,10,False,True,True,True,True,False,21.96,18.08,True,True,True,True,False,False
AST-04957,wrong_item,phone,south,high,True,False,True,True,66.85,17,True,True,True,True,True,False,27.21,19.69,False,True,True,True,True,False
AST-04958,late_delivery,email,london,high,False,False,True,True,14.99,39,False,True,False,False,False,False,30.46,20.87,True,True,True,True,False,False
AST-04959,late_delivery,email,midlands,low,False,False,True,False,66.1,28,False,True,False,False,False,False,14.17,7.85,True,True,True,True,False,False
AST-04960,late_delivery,phone,london,low,True,False,False,False,80.27,39,True,True,True,True,False,False,14.02,9.79,True,True,True,True,False,False
AST-04961,wrong_item,email,north,medium,True,False,False,False,17.12,36,True,True,True,True,True,False,17.49,11.96,True,True,True,True,False,False
AST-04962,change_of_mind,email,south,medium,False,False,True,True,66.59,65,False,True,False,False,False,False,24.28,14.77,False,False,True,True,True,True
AST-04963,wrong_item,chat,north,low,False,False,False,False,41.78,10,False,True,False,False,True,False,17.45,8.42,True,True,True,True,False,False
AST-04964,warranty,phone,north,low,False,False,False,True,49.29,4,True,True,True,True,False,False,16.95,11.41,True,True,False,True,False,False
AST-04965,wrong_item,phone,north,high,False,False,False,True,40.33,2,False,True,False,False,True,False,25.2,16.41,True,True,True,True,False,False
AST-04966,missing_refund,phone,north,low,False,False,False,False,19.53,14,False,True,False,False,True,False,18.2,10.21,False,True,True,True,True,False
AST-04967,change_of_mind,email,midlands,low,False,False,False,False,23.4,17,False,True,False,False,False,False,14.19,7.31,True,True,True,True,False,False
AST-04968,late_delivery,email,south,low,False,False,False,False,14.33,3,False,True,False,False,False,False,13.79,6.58,True,True,True,True,False,False
AST-04969,change_of_mind,chat,london,low,False,False,False,False,18.83,7,False,True,False,False,False,False,23.24,11.19,True,True,True,True,False,False
AST-04970,missing_refund,phone,london,medium,False,False,False,False,49.34,16,False,True,False,False,True,False,19.81,11.98,True,True,True,True,False,True
AST-04971,damaged_item,chat,midlands,medium,True,False,True,True,21.41,12,True,True,True,True,True,False,24.11,16.5,False,False,False,True,True,True
AST-04972,late_delivery,phone,south,medium,False,False,False,False,128.33,42,False,True,False,True,False,False,17.84,10.9,False,True,True,True,True,False
AST-04973,change_of_mind,chat,london,medium,False,False,False,True,19.53,37,False,True,False,False,False,False,22.3,12.71,True,True,True,True,False,False
AST-04974,late_delivery,chat,midlands,low,False,False,False,True,27.75,37,False,True,False,False,False,False,10.66,6.54,True,True,True,True,False,False
AST-04975,wrong_item,phone,london,high,False,False,False,False,41.72,26,False,True,False,False,True,False,22.8,13.49,False,True,False,True,True,False
AST-04976,damaged_item,email,midlands,low,False,False,False,False,94.03,47,False,True,False,False,True,False,14.93,8.54,True,True,True,True,False,False
AST-04977,change_of_mind,phone,south,low,False,False,False,False,12.5,15,False,True,False,False,False,False,16.92,10.5,True,True,True,True,False,False
AST-04978,change_of_mind,chat,london,low,False,False,False,True,32.17,21,False,True,False,False,False,False,16.99,9.78,False,True,True,True,True,False
AST-04979,missing_refund,chat,south,low,False,False,False,True,136.54,18,False,True,False,True,True,False,16.93,8.81,True,True,True,True,False,False
AST-04980,damaged_item,chat,north,low,False,False,False,True,136.7,24,False,True,False,True,True,False,15.32,7.56,True,True,True,True,False,False
AST-04981,warranty,phone,north,medium,False,False,False,False,55.11,12,True,True,True,True,False,False,15.26,10.89,False,True,True,True,True,False
AST-04982,warranty,phone,north,low,False,False,False,False,43.78,16,True,True,True,True,False,False,13.63,9.63,True,True,True,True,False,False
AST-04983,damaged_item,phone,south,high,False,False,False,False,21.33,17,False,True,False,False,True,False,23.46,15.3,False,True,True,True,True,False
AST-04984,missing_refund,chat,south,medium,False,False,True,False,150.74,7,False,True,False,True,True,False,17.32,10.98,True,True,True,True,False,False
AST-04985,missing_refund,chat,north,low,False,False,False,False,60.65,58,False,True,False,False,True,False,10.26,5.93,True,True,True,True,False,False
AST-04986,change_of_mind,phone,london,low,False,True,False,True,34.08,2,True,True,True,True,False,False,22.19,13.9,False,True,True,True,True,False
AST-04987,late_delivery,chat,london,low,False,False,False,True,79.52,21,False,True,False,False,False,False,15.07,8.53,False,True,True,True,True,False
AST-04988,late_delivery,phone,north,high,False,False,False,False,48.04,39,False,True,False,False,False,False,24.15,16.44,True,False,True,True,False,True
AST-04989,late_delivery,phone,london,high,False,False,False,True,21.77,41,False,True,False,False,False,False,22.16,14.63,True,True,True,True,False,False
AST-04990,late_delivery,email,london,low,False,False,False,True,38.43,18,False,True,False,False,False,False,14.5,8.52,False,True,True,True,True,False
AST-04991,change_of_mind,chat,london,low,False,False,False,False,22.36,76,False,True,False,False,False,False,15.41,8.68,True,True,True,True,False,False
AST-04992,wrong_item,email,north,medium,False,False,False,False,56.71,10,False,True,False,False,True,False,19.15,13.27,False,True,True,True,True,False
AST-04993,late_delivery,phone,south,medium,False,False,True,True,58.17,17,False,True,False,False,False,False,21.53,14.94,True,False,True,True,False,True
AST-04994,warranty,email,midlands,medium,False,False,True,True,39.41,19,True,True,True,True,False,False,25.08,16.11,True,False,True,True,False,True
AST-04995,wrong_item,chat,london,medium,False,True,False,False,29.27,13,True,True,True,True,True,False,17.85,14.38,True,True,True,True,False,False
AST-04996,warranty,phone,north,medium,False,True,False,False,117.19,34,True,True,True,True,False,False,14.74,10.09,True,True,True,True,False,False
AST-04997,damaged_item,chat,london,low,False,False,False,False,9.74,73,False,True,False,False,True,False,12.19,6.59,True,True,True,True,False,False
AST-04998,wrong_item,email,south,low,False,False,False,True,65.19,30,False,True,False,False,True,False,16.24,9.51,True,True,False,True,False,False
AST-04999,missing_refund,phone,north,medium,False,False,False,False,17.32,59,False,True,False,False,True,False,22.66,13.46,True,True,True,True,False,True
AST-05000,late_delivery,email,london,low,False,False,False,True,40.24,58,False,True,False,False,False,False,16.04,8.67,True,True,True,True,False,False
